ngrama,freq_no_desastre,freq_desastre,P(w|no_desastre),P(w|desastre),freq_total,log_odds
fire,88,265,0.0018232847806936676,0.006167114903088194,353,1.2185914288550248
like,255,92,0.005244504537725606,0.0021561717518315867,347,-0.8888464615208409
not,204,93,0.0041997008993505825,0.0021793563943243994,297,-0.6559837070629386
get,185,70,0.0038104603281912605,0.001646109616989706,255,-0.8393353068664201
no,146,108,0.0030114928400221254,0.002527126031716591,254,-0.175353214744127
new,171,56,0.0035236514862843913,0.0013215246220903273,227,-0.9807117191734372
one,137,70,0.0028271157273677093,0.001646109616989706,207,-0.5408423183104235
news,61,144,0.0012701534427304202,0.0033617731614578503,205,0.9733308471809484
people,93,106,0.001925716509946121,0.0024807567467309655,199,0.253265541997368
dont,141,50,0.002909061110769672,0.0011824167671334509,191,-0.9002699350714692
video,102,72,0.0021100936226005366,0.0016924789019753315,174,-0.2205380572757789
time,104,70,0.002151066314301518,0.001646109616989706,174,-0.26754898331074217
emergency,82,76,0.0017003667055907237,0.0017852174719465825,158,0.048696303862551554
disaster,39,119,0.0008194538340196259,0.0027821570991375315,158,1.2223437784735756
body,117,34,0.0024173888103578966,0.0008114624872484467,151,-1.0916050731707854
year,64,86,0.0013316124802818922,0.0020170638968747103,150,0.41525233856441224
day,98,46,0.002028148239198574,0.0010896781971621997,144,-0.6212407586190657
police,34,107,0.0007170221047671727,0.002503941389223778,141,1.2505146554402717
building,46,95,0.0009628582549730605,0.002225725679310025,141,0.8379320795632432
home,38,101,0.0007989674881691353,0.0023648335342669018,139,1.0851426569600906
family,27,105,0.0005736176838137382,0.0024575721042381527,132,1.454966073742329
would,97,34,0.0020076618933480834,0.0008114624872484467,131,-0.9058879273756925
go,92,38,0.0019052301640956303,0.0009042010572196977,130,-0.7453063572181438
say,64,66,0.0013316124802818922,0.0015533710470184549,130,0.15403683930079462
still,72,57,0.0014955032470858173,0.00134470926458314,129,-0.10628494079650619
life,67,59,0.0013930715178333641,0.0013910785495687657,126,-0.0014316531485402716
storm,33,91,0.0006965357589166821,0.002132987109338774,124,1.1191595422383445
crash,34,90,0.0007170221047671727,0.0021098024668459612,124,1.079242934832902
california,6,115,0.00014340442095343454,0.00268941852916628,121,2.931411531856517
back,85,36,0.0017618257431421956,0.0008578317722340721,121,-0.7196978938038175
burning,56,64,0.0011677217134779668,0.0015070017620328294,120,0.2550674918665527
bomb,29,91,0.0006145903755147194,0.002132987109338774,120,1.2443226851923506
know,90,29,0.001864257472394649,0.0006955392747843829,119,-0.985930635049229
look,71,48,0.0014750169012353266,0.0011360474821478252,119,-0.26111433109996307
suicide,7,110,0.00016389076680392518,0.0025734953167022164,117,2.753820149437964
world,72,44,0.0014955032470858173,0.0010433089121765742,116,-0.3600654615726057
train,15,100,0.00032778153360785037,0.002341648891774089,115,1.966263284406944
got,85,29,0.0017618257431421956,0.0006955392747843829,114,-0.9294184247858865
man,64,49,0.0013316124802818922,0.0011592321246406381,113,-0.13863277466202537
flood,34,79,0.0007170221047671727,0.001854771399425021,113,0.9504100629899337
death,47,66,0.000983344600823551,0.0015533710470184549,113,0.45722309828854085
car,39,73,0.0008194538340196259,0.0017156635444681443,112,0.7389171288956993
see,84,28,0.0017413393972917051,0.00067235463229157,112,-0.9516239366983767
attack,32,76,0.0006760494130661914,0.0017852174719465825,108,0.9710293501926692
first,59,49,0.0012291807510294388,0.0011592321246406381,108,-0.05859006698848871
love,95,11,0.001966689201647102,0.0002782157099137531,106,-1.9557100518743702
pm,16,89,0.00034826787945834104,0.0020866178243531485,105,1.7903278160795146
going,75,28,0.0015569622846372893,0.00067235463229157,103,-0.8397060204943915
make,76,26,0.00157744863048778,0.0006259853473059445,102,-0.9242370660438891
nuclear,31,71,0.0006555630672157007,0.0016692942594825188,102,0.9346617060217944
cant,81,21,0.0016798803597402332,0.0005100621348418808,102,-1.1919453041004717
today,47,54,0.000983344600823551,0.0012751553371047018,101,0.2598636641300458
war,39,61,0.0008194538340196259,0.0014374478345543912,100,0.5619864207366211
let,86,14,0.0017823120889926864,0.00034776963739219143,100,-1.6341264277469079
two,27,72,0.0005736176838137382,0.0016924789019753315,99,1.0819864207786527
dead,33,63,0.0006965357589166821,0.0014838171195400167,96,0.7562540485489762
accident,24,72,0.0005121586462622662,0.0016924789019753315,96,1.195315106085656
killed,3,93,8.194538340196259e-05,0.0021793563943243994,96,3.280731910955579
want,81,14,0.0016798803597402332,0.00034776963739219143,95,-1.5749375563565773
need,70,23,0.001454530555384836,0.0005564314198275062,93,-0.9608945568879041
full,82,10,0.0017003667055907237,0.0002550310674209404,92,-1.8972138451927616
hiroshima,1,91,4.0972691700981296e-05,0.002132987109338774,92,3.952372886294561
think,69,20,0.0014340442095343454,0.00048687749234906796,89,-1.0802413145204703
good,67,22,0.0013930715178333641,0.0005332467773346935,89,-0.9602819994414914
weapon,48,40,0.0010038309466740417,0.0009505703422053232,88,-0.054516741600853055
take,58,30,0.0012086944051789483,0.0007187239172771956,88,-0.5198187496151077
may,38,50,0.0007989674881691353,0.0011824167671334509,88,0.3919954764001452
way,60,26,0.0012496670968799295,0.0006259853473059445,86,-0.6913055083635165
watch,36,50,0.000757994796468154,0.0011824167671334509,86,0.44463920988556704
bag,83,2,0.0017208530514412144,6.955392747843828e-05,85,-3.208473020369738
many,51,33,0.0010652899842255137,0.0007882778447556339,84,-0.3011517041598001
last,56,27,0.0011677217134779668,0.0006491699897987573,83,-0.5871152678538805
service,41,41,0.0008604265257206072,0.0009737549846981359,82,0.12373148980546575
wildfire,2,80,6.145903755147194e-05,0.0018779560419178336,82,3.419568355809795
injury,54,27,0.0011267490217769856,0.0006491699897987573,81,-0.5513971852518013
could,43,38,0.0009013992174215885,0.0009042010572196977,81,0.0031035020168510906
collapse,24,55,0.0005121586462622662,0.0012983399795975146,79,0.9302073556724142
bombing,2,75,6.145903755147194e-05,0.0017620328294537697,77,3.3558525414236873
work,57,20,0.0011882080593284576,0.00048687749234906796,77,-0.8921890830175307
plan,41,35,0.0008604265257206072,0.0008346471297412594,76,-0.030419190021792598
help,50,25,0.001044803638375023,0.0006028007048131318,75,-0.5499976048973779
hostage,25,49,0.0005326449921127568,0.0011592321246406381,74,0.7776579572121298
best,54,20,0.0011267490217769856,0.00048687749234906796,74,-0.8390792577035823
right,50,23,0.001044803638375023,0.0005564314198275062,73,-0.6300403125709145
mh,1,72,4.0972691700981296e-05,0.0016924789019753315,73,3.7210437503939113
come,52,21,0.0010857763300760044,0.0005100621348418808,73,-0.7555179703883402
even,51,21,0.0010652899842255137,0.0005100621348418808,72,-0.7364697754176457
mass,24,48,0.0005121586462622662,0.0011360474821478252,72,0.7966759630478915
thing,53,19,0.001106262675926495,0.0004636928498562552,72,-0.8695202832048176
woman,44,28,0.0009218855632720792,0.00067235463229157,72,-0.31563516997838015
army,30,42,0.0006350767213652101,0.0009969396271909488,72,0.45094440101388183
really,55,16,0.0011472353676274763,0.00039413892237781696,71,-1.0684068568734675
please,44,26,0.0009218855632720792,0.0006259853473059445,70,-0.3870941339605249
fatality,36,34,0.000757994796468154,0.0008114624872484467,70,0.06816163865065492
school,38,32,0.0007989674881691353,0.0007650932022628211,70,-0.043322594857700514
lol,61,9,0.0012701534427304202,0.0002318464249281276,70,-1.7008178022455802
city,21,48,0.00045069960871079427,0.0011360474821478252,69,0.9245093345577763
another,37,32,0.0007784811423186446,0.0007650932022628211,69,-0.017347108454439868
kill,13,55,0.0002868088419068691,0.0012983399795975146,68,1.5100258509253561
fear,45,23,0.0009423719091225698,0.0005564314198275062,68,-0.5268560763356838
black,47,20,0.000983344600823551,0.00048687749234906796,67,-0.7029470833790021
youre,58,9,0.0012086944051789483,0.0002318464249281276,67,-1.6512208611062082
feel,55,11,0.0011472353676274763,0.0002782157099137531,66,-1.4167135511416833
photo,37,29,0.0007784811423186446,0.0006955392747843829,66,-0.11265728825876467
forest,16,50,0.00034826787945834104,0.0011824167671334509,66,1.2223437784735753
read,50,16,0.001044803638375023,0.00039413892237781696,66,-0.9748807988626438
hot,45,21,0.0009423719091225698,0.0005100621348418808,66,-0.6138674533253133
water,16,49,0.00034826787945834104,0.0011592321246406381,65,1.2025411511773958
fatal,11,54,0.00024583615020588775,0.0012751553371047018,65,1.6461580252499364
much,51,13,0.0010652899842255137,0.00032458499489937864,64,-1.188454899160703
state,22,42,0.0004711859545612849,0.0009969396271909488,64,0.7494373895698785
northern,0,64,2.0486345850490648e-05,0.0015070017620328294,64,4.298118759701103
god,48,15,0.0010038309466740417,0.00037095427988500417,63,-0.9955000860653795
house,25,38,0.0005326449921127568,0.0009042010572196977,63,0.5291965979136302
legionnaire,0,62,2.0486345850490648e-05,0.001460632477047204,62,4.266866216196998
great,47,15,0.000983344600823551,0.00037095427988500417,62,-0.9748807988626438
obama,8,54,0.00018437711265441583,0.0012751553371047018,62,1.9338400977017172
bomber,1,61,4.0972691700981296e-05,0.0014374478345543912,62,3.557718694290612
casualty,20,41,0.0004302132628603036,0.0009737549846981359,61,0.8168786703654111
wreck,47,14,0.000983344600823551,0.00034776963739219143,61,-1.039419320000215
live,30,31,0.0006350767213652101,0.0007419085597700083,61,0.1554801881200459
never,44,17,0.0009218855632720792,0.0004173235648706297,61,-0.7925592420686893
cause,30,31,0.0006350767213652101,0.0007419085597700083,61,0.1554801881200459
latest,12,48,0.0002663224960563784,0.0011360474821478252,60,1.4506024304545555
hit,27,33,0.0005736176838137382,0.0007882778447556339,60,0.31788750424642315
old,22,38,0.0004711859545612849,0.0009042010572196977,60,0.6517989200059626
every,44,15,0.0009218855632720792,0.00037095427988500417,59,-0.9103422777250728
damage,24,35,0.0005121586462622662,0.0008346471297412594,59,0.4883746033933749
report,9,50,0.00020486345850490647,0.0011824167671334509,59,1.7529720295357458
wave,29,30,0.0006145903755147194,0.0007187239172771956,59,0.1565213126284566
japan,4,54,0.00010243172925245323,0.0012751553371047018,58,2.5216267626038364
thats,35,23,0.0007375084506176633,0.0005564314198275062,58,-0.28173361830269866
atomic,2,56,6.145903755147194e-05,0.0013215246220903273,58,3.0681704689719065
flame,29,29,0.0006145903755147194,0.0006955392747843829,58,0.12373148980546575
top,41,16,0.0008604265257206072,0.00039413892237781696,57,-0.7807247844216865
stop,36,21,0.000757994796468154,0.0005100621348418808,57,-0.39614396948044295
said,31,26,0.0006555630672157007,0.0006259853473059445,57,-0.04616754698993179
content,48,9,0.0010038309466740417,0.0002318464249281276,57,-1.4655037153111152
th,12,44,0.0002663224960563784,0.0010433089121765742,56,1.3654446221142487
shit,37,19,0.0007784811423186446,0.0004636928498562552,56,-0.518122396366929
getting,38,18,0.0007989674881691353,0.00044050820736344243,56,-0.5953911771577403
thunderstorm,9,47,0.00020486345850490647,0.0011128628396550125,56,1.692347407719311
hope,34,21,0.0007170221047671727,0.0005100621348418808,55,-0.3405741183256321
near,7,48,0.00016389076680392518,0.0011360474821478252,55,1.9361102462362563
siren,41,14,0.0008604265257206072,0.00034776963739219143,55,-0.9058879273756925
since,25,29,0.0005326449921127568,0.0006955392747843829,54,0.26683233344613905
truck,20,34,0.0004302132628603036,0.0008114624872484467,54,0.6345571135714565
ever,41,13,0.0008604265257206072,0.00032458499489937864,54,-0.974880798862644
wind,18,36,0.0003892405711593223,0.0008578317722340721,54,0.7902104232832496
oil,10,44,0.00022534980435539713,0.0010433089121765742,54,1.5324987067774147
movie,35,19,0.0007375084506176633,0.0004636928498562552,54,-0.46405517509665334
rain,16,37,0.00034826787945834104,0.0008810164147268849,53,0.9281043054756353
fall,35,18,0.0007375084506176633,0.00044050820736344243,53,-0.5153484694842039
show,38,15,0.0007989674881691353,0.00037095427988500417,53,-0.7672414340843995
earthquake,6,47,0.00014340442095343454,0.0011128628396550125,53,2.049022351658043
everyone,38,15,0.0007989674881691353,0.00037095427988500417,53,-0.7672414340843995
run,34,19,0.0007170221047671727,0.0004636928498562552,53,-0.435884298129957
found,8,44,0.00018437711265441583,0.0010433089121765742,52,1.733169402239566
girl,40,12,0.0008399401798701166,0.0003014003524065659,52,-1.0248912194373054
set,26,26,0.0005531313379632474,0.0006259853473059445,52,0.12373148980546575
coming,36,16,0.000757994796468154,0.00039413892237781696,52,-0.6539730787825427
injured,10,42,0.00022534980435539713,0.0009969396271909488,52,1.4870363327006577
warning,2,50,6.145903755147194e-05,0.0011824167671334509,52,2.956944833861682
evacuation,10,42,0.00022534980435539713,0.0009969396271909488,52,1.4870363327006577
boy,17,35,0.00036875422530883165,0.0008346471297412594,52,0.8168786703654111
night,41,11,0.0008604265257206072,0.0002782157099137531,52,-1.1290314786899023
military,34,18,0.0007170221047671727,0.00044050820736344243,52,-0.4871775925175076
next,34,17,0.0007170221047671727,0.0004173235648706297,51,-0.5412448137877833
official,14,37,0.0003072951877573597,0.0008810164147268849,51,1.0532674484296414
well,36,15,0.000757994796468154,0.00037095427988500417,51,-0.7145977005989775
weather,12,39,0.0002663224960563784,0.0009273856997125105,51,1.2476615864578653
without,38,13,0.0007989674881691353,0.00032458499489937864,51,-0.9007728267089221
as,42,9,0.0008809128715710978,0.0002318464249281276,51,-1.334883532894051
story,26,25,0.0005531313379632474,0.0006028007048131318,51,0.08599116182261889
game,40,10,0.0008399401798701166,0.0002550310674209404,50,-1.1919453041004717
malaysia,1,49,4.0972691700981296e-05,0.0011592321246406381,50,3.3426073146736663
area,7,43,0.00016389076680392518,0.0010201242696837615,50,1.828479582043891
end,31,19,0.0006555630672157007,0.0004636928498562552,50,-0.34627213944026985
cross,44,6,0.0009218855632720792,0.00016229249744968932,50,-1.7370208509095406
debris,0,50,2.0486345850490648e-05,0.0011824167671334509,50,4.055557122529791
flooding,13,37,0.0002868088419068691,0.0008810164147268849,50,1.1222603199165928
keep,34,15,0.0007170221047671727,0.00037095427988500417,49,-0.6590278494441667
smoke,37,12,0.0007784811423186446,0.0003014003524065659,49,-0.9489053124593833
update,16,33,0.00034826787945834104,0.0007882778447556339,49,0.8168786703654111
little,31,18,0.0006555630672157007,0.00044050820736344243,49,-0.39756543382782045
migrant,0,48,2.0486345850490648e-05,0.0011360474821478252,48,4.015551787916092
wounded,13,35,0.0002868088419068691,0.0008346471297412594,48,1.068193098646317
head,37,11,0.0007784811423186446,0.0002782157099137531,48,-1.02894802013292
food,21,27,0.00045069960871079427,0.0006491699897987573,48,0.3648935466223538
call,24,24,0.0005121586462622662,0.0005796160623203191,48,0.12373148980546575
child,23,25,0.0004916723004117755,0.0006028007048131318,48,0.20377419747900222
face,35,13,0.0007375084506176633,0.00032458499489937864,48,-0.8207301190353856
terrorist,9,39,0.00020486345850490647,0.0009273856997125105,48,1.5100258509253563
bus,11,37,0.00024583615020588775,0.0008810164147268849,48,1.2764109997438513
severe,0,47,2.0486345850490648e-05,0.0011128628396550125,47,3.9949325007133565
guy,37,10,0.0007784811423186446,0.0002550310674209404,47,-1.1159593971225497
check,39,8,0.0008194538340196259,0.00020866178243531485,47,-1.3679233869722511
confirmed,2,45,6.145903755147194e-05,0.001066493554669387,47,2.853760597626451
sound,34,13,0.0007170221047671727,0.00032458499489937864,47,-0.7925592420686893
fucking,40,6,0.0008399401798701166,0.00016229249744968932,46,-1.6439304278435287
change,33,13,0.0006965357589166821,0.00032458499489937864,46,-0.7635717051954372
heat,15,31,0.00032778153360785037,0.0007419085597700083,46,0.8168786703654111
road,18,28,0.0003892405711593223,0.00067235463229157,46,0.5465883406254991
job,40,6,0.0008399401798701166,0.00016229249744968932,46,-1.6439304278435287
wild,14,32,0.0003072951877573597,0.0007650932022628211,46,0.9121888501697358
always,36,10,0.000757994796468154,0.0002550310674209404,46,-1.0892911500403883
st,19,27,0.00040972691700981293,0.0006491699897987573,46,0.4602037264266786
there,28,17,0.0005941040296642288,0.0004173235648706297,45,-0.35319258228484357
natural,18,27,0.0003892405711593223,0.0006491699897987573,45,0.5114970208142291
thunder,25,20,0.0005326449921127568,0.00048687749234906796,45,-0.08984261049259337
bad,35,10,0.0007375084506176633,0.0002550310674209404,45,-1.0618921758522737
reddit,38,7,0.0007989674881691353,0.00018547713994250208,45,-1.4603886146443448
sinking,34,11,0.0007170221047671727,0.0002782157099137531,45,-0.9467099218959477
fan,34,11,0.0007170221047671727,0.0002782157099137531,45,-0.9467099218959477
blood,33,11,0.0006965357589166821,0.0002782157099137531,44,-0.9177223850226955
also,33,11,0.0006965357589166821,0.0002782157099137531,44,-0.9177223850226955
loud,33,11,0.0006965357589166821,0.0002782157099137531,44,-0.9177223850226955
summer,29,15,0.0006145903755147194,0.00037095427988500417,44,-0.5048771696169084
liked,37,7,0.0007784811423186446,0.00018547713994250208,44,-1.4344131282410841
murder,9,35,0.00020486345850490647,0.0008346471297412594,44,1.4046653352675302
he,38,6,0.0007989674881691353,0.00016229249744968932,44,-1.5939200072688675
bloody,37,7,0.0007784811423186446,0.00018547713994250208,44,-1.4344131282410841
someone,34,10,0.0007170221047671727,0.0002550310674209404,44,-1.0337212988855775
post,20,24,0.0004302132628603036,0.0005796160623203191,44,0.2980848769502435
refugee,11,33,0.00024583615020588775,0.0007882778447556339,44,1.165185364633627
high,26,18,0.0005531313379632474,0.00044050820736344243,44,-0.22766639703242286
lightning,20,24,0.0004302132628603036,0.0005796160623203191,44,0.2980848769502435
week,32,11,0.0006760494130661914,0.0002782157099137531,43,-0.8878694218730142
failure,15,28,0.00032778153360785037,0.00067235463229157,43,0.7184385975521584
spill,1,42,4.0972691700981296e-05,0.0009969396271909488,43,3.1917844249390828
lot,34,9,0.0007170221047671727,0.0002318464249281276,43,-1.1290314786899023
tonight,25,18,0.0005326449921127568,0.00044050820736344243,43,-0.1899260690495759
ive,36,7,0.000757994796468154,0.00018547713994250208,43,-1.4077448811589228
china,23,20,0.0004916723004117755,0.00048687749234906796,43,-0.009799902819056811
missing,6,37,0.00014340442095343454,0.0008810164147268849,43,1.8154075004765382
gonna,32,11,0.0006760494130661914,0.0002782157099137531,43,-0.8878694218730142
screaming,37,6,0.0007784811423186446,0.00016229249744968932,43,-1.5679445208656069
made,33,10,0.0006965357589166821,0.0002550310674209404,43,-1.0047337620123251
evacuate,15,28,0.00032778153360785037,0.00067235463229157,43,0.7184385975521584
hurricane,14,28,0.0003072951877573597,0.00067235463229157,42,0.7829771186897297
free,32,10,0.0006760494130661914,0.0002550310674209404,42,-0.9748807988626438
hour,27,15,0.0005736176838137382,0.00037095427988500417,42,-0.435884298129957
explosion,14,28,0.0003072951877573597,0.00067235463229157,42,0.7829771186897297
baby,28,14,0.0005941040296642288,0.00034776963739219143,42,-0.5355141390787982
collided,17,25,0.00036875422530883165,0.0006028007048131318,42,0.4914562699307831
riot,26,16,0.0005531313379632474,0.00039413892237781696,42,-0.3388920321426472
minute,12,30,0.0002663224960563784,0.0007187239172771956,42,0.9927693368290753
outbreak,1,41,4.0972691700981296e-05,0.0009737549846981359,42,3.168253927528889
trapped,27,15,0.0005736176838137382,0.00037095427988500417,42,-0.435884298129957
save,26,16,0.0005531313379632474,0.00039413892237781696,42,-0.3388920321426472
yr,5,37,0.00012291807510294387,0.0008810164147268849,42,1.9695581803037965
shot,11,31,0.00024583615020588775,0.0007419085597700083,42,1.1045607428171922
bridge,5,37,0.00012291807510294387,0.0008810164147268849,42,1.9695581803037965
air,9,33,0.00020486345850490647,0.0007882778447556339,42,1.3475069214275817
wreckage,1,40,4.0972691700981296e-05,0.0009505703422053232,41,3.1441563759498283
whole,25,16,0.0005326449921127568,0.00039413892237781696,41,-0.3011517041598001
attacked,15,26,0.00032778153360785037,0.0006259853473059445,41,0.6469796335700135
breaking,16,25,0.00034826787945834104,0.0006028007048131318,41,0.5486146837707316
eye,32,9,0.0006760494130661914,0.0002318464249281276,41,-1.0701909786669688
released,13,28,0.0002868088419068691,0.00067235463229157,41,0.851969990176681
survivor,10,31,0.00022534980435539713,0.0007419085597700083,41,1.1915721198068217
survive,29,12,0.0006145903755147194,0.0003014003524065659,41,-0.7125165343951528
hail,16,25,0.00034826787945834104,0.0006028007048131318,41,0.5486146837707316
panic,36,5,0.000757994796468154,0.00013910785495687656,41,-1.6954269536107038
sinkhole,14,27,0.0003072951877573597,0.0006491699897987573,41,0.7478857988784596
phone,32,9,0.0006760494130661914,0.0002318464249281276,41,-1.0701909786669688
island,4,37,0.00010243172925245323,0.0008810164147268849,41,2.151879737097751
derailment,0,41,2.0486345850490648e-05,0.0009737549846981359,41,3.861401108088834
saudi,1,40,4.0972691700981296e-05,0.0009505703422053232,41,3.1441563759498283
destroy,30,11,0.0006350767213652101,0.0002782157099137531,41,-0.8253490648916804
ambulance,17,24,0.00036875422530883165,0.0005796160623203191,41,0.4522355567775019
fuck,33,7,0.0006965357589166821,0.00018547713994250208,40,-1.3231874931308598
explode,36,4,0.000757994796468154,0.0001159232124640638,40,-1.8777485104046583
big,27,13,0.0005736176838137382,0.00032458499489937864,40,-0.5694156907544797
destroyed,28,12,0.0005941040296642288,0.0003014003524065659,40,-0.6786149827194715
friend,31,9,0.0006555630672157007,0.0002318464249281276,40,-1.039419320000215
ruin,39,1,0.0008194538340196259,4.636928498562552e-05,40,-2.872000783748525
sign,13,27,0.0002868088419068691,0.0006491699897987573,40,0.8168786703654108
rescue,19,21,0.00040972691700981293,0.0005100621348418808,40,0.2190416696097907
issue,13,27,0.0002868088419068691,0.0006491699897987573,40,0.8168786703654108
around,23,16,0.0004916723004117755,0.00039413892237781696,39,-0.22110899648626367
destruction,28,11,0.0005941040296642288,0.0002782157099137531,39,-0.7586576903930081
market,27,12,0.0005736176838137382,0.0003014003524065659,39,-0.6435236629082014
ill,30,9,0.0006350767213652101,0.0002318464249281276,39,-1.0076706216856348
wrecked,36,3,0.000757994796468154,9.273856997125104e-05,39,-2.100892061718868
landslide,17,22,0.00036875422530883165,0.0005332467773346935,39,0.3688539478384507
heart,28,11,0.0005941040296642288,0.0002782157099137531,39,-0.7586576903930081
charged,5,34,0.00012291807510294387,0.0008114624872484467,39,1.8873200820668246
part,20,19,0.0004302132628603036,0.0004636928498562552,39,0.0749413256360337
rescued,18,21,0.0003892405711593223,0.0005100621348418808,39,0.2703349639973411
light,30,9,0.0006350767213652101,0.0002318464249281276,39,-1.0076706216856348
survived,25,14,0.0005326449921127568,0.00034776963739219143,39,-0.42631484711380624
burned,29,10,0.0006145903755147194,0.0002550310674209404,39,-0.879570619058319
start,30,9,0.0006350767213652101,0.0002318464249281276,39,-1.0076706216856348
trauma,20,19,0.0004302132628603036,0.0004636928498562552,39,0.0749413256360337
harm,35,4,0.0007375084506176633,0.0001159232124640638,39,-1.8503495362165439
terrorism,9,30,0.00020486345850490647,0.0007187239172771956,39,1.2551336012965664
ok,20,18,0.0004302132628603036,0.00044050820736344243,38,0.023648031248483116
hundred,4,34,0.00010243172925245323,0.0008114624872484467,38,2.0696416388607792
catastrophe,28,10,0.0005941040296642288,0.0002550310674209404,38,-0.8456690673826378
wound,25,13,0.0005326449921127568,0.00032458499489937864,38,-0.4953077186007577
kid,29,9,0.0006145903755147194,0.0002318464249281276,38,-0.9748807988626438
word,31,7,0.0006555630672157007,0.00018547713994250208,38,-1.2625628713144248
county,7,31,0.00016389076680392518,0.0007419085597700083,38,1.5100258509253563
dust,13,25,0.0002868088419068691,0.0006028007048131318,38,0.7427706982116892
business,27,11,0.0005736176838137382,0.0002782157099137531,38,-0.723566370581738
rescuer,3,35,8.194538340196259e-05,0.0008346471297412594,38,2.320956067141685
airplane,5,33,0.00012291807510294387,0.0007882778447556339,38,1.8583325451935722
twister,32,6,0.0006760494130661914,0.00016229249744968932,38,-1.4268659226057012
away,26,12,0.0005531313379632474,0.0003014003524065659,38,-0.6071560187373264
put,31,7,0.0006555630672157007,0.00018547713994250208,38,-1.2625628713144248
sunk,30,8,0.0006350767213652101,0.00020866178243531485,38,-1.1130311373434614
group,12,26,0.0002663224960563784,0.0006259853473059445,38,0.8546189983482579
tornado,11,27,0.00024583615020588775,0.0006491699897987573,38,0.9710293501926694
drought,6,32,0.00014340442095343454,0.0007650932022628211,38,1.6743289022166326
land,13,24,0.0002868088419068691,0.0005796160623203191,37,0.7035499850584079
deluge,31,6,0.0006555630672157007,0.00016229249744968932,37,-1.3960942639389475
battle,29,8,0.0006145903755147194,0.00020866178243531485,37,-1.0802413145204701
quarantine,29,8,0.0006145903755147194,0.00020866178243531485,37,-1.0802413145204701
whirlwind,23,14,0.0004916723004117755,0.00034776963739219143,37,-0.34627213944026974
violent,9,28,0.00020486345850490647,0.00067235463229157,37,1.188442226797894
sandstorm,9,28,0.00020486345850490647,0.00067235463229157,37,1.188442226797894
boat,9,28,0.00020486345850490647,0.00067235463229157,37,1.188442226797894
massacre,7,30,0.00016389076680392518,0.0007187239172771956,37,1.4782771526107759
structural,12,25,0.0002663224960563784,0.0006028007048131318,37,0.8168786703654111
mudslide,25,12,0.0005326449921127568,0.0003014003524065659,37,-0.5694156907544795
cliff,27,10,0.0005736176838137382,0.0002550310674209404,37,-0.8105777475713677
hazard,27,10,0.0005736176838137382,0.0002550310674209404,37,-0.8105777475713677
officer,6,31,0.00014340442095343454,0.0007419085597700083,37,1.6435572435498789
thought,28,9,0.0005941040296642288,0.0002318464249281276,37,-0.9409792471869627
suspect,1,36,4.0972691700981296e-05,0.0008578317722340721,37,3.0415022218897447
real,27,10,0.0005736176838137382,0.0002550310674209404,37,-0.8105777475713677
white,24,13,0.0005121586462622662,0.00032458499489937864,37,-0.4560870054474765
danger,27,10,0.0005736176838137382,0.0002550310674209404,37,-0.8105777475713677
curfew,32,5,0.0006760494130661914,0.00013910785495687656,37,-1.5810166024329595
investigator,0,37,2.0486345850490648e-05,0.0008810164147268849,37,3.7613176495318514
id,24,13,0.0005121586462622662,0.00032458499489937864,37,-0.4560870054474765
stock,30,7,0.0006350767213652101,0.00018547713994250208,37,-1.2308141729998447
tragedy,13,23,0.0002868088419068691,0.0005564314198275062,36,0.6627279905381526
armageddon,32,4,0.0006760494130661914,0.0001159232124640638,36,-1.763338159226914
better,33,3,0.0006965357589166821,9.273856997125104e-05,36,-2.016334673690805
came,21,15,0.00045069960871079427,0.00037095427988500417,36,-0.1947222413130689
engulfed,17,19,0.00036875422530883165,0.0004636928498562552,36,0.22909200546329198
windstorm,22,14,0.0004711859545612849,0.00034776963739219143,36,-0.30371252502147383
second,18,18,0.0003892405711593223,0.00044050820736344243,36,0.12373148980546556
saw,15,21,0.00032778153360785037,0.0005100621348418808,36,0.4421852209240003
collapsed,22,14,0.0004711859545612849,0.00034776963739219143,36,-0.30371252502147383
least,10,26,0.00022534980435539713,0.0006259853473059445,36,1.0216730830114242
apocalypse,27,9,0.0005736176838137382,0.0002318464249281276,36,-0.9058879273756926
drowning,25,11,0.0005326449921127568,0.0002782157099137531,36,-0.649458398428016
rioting,12,24,0.0002663224960563784,0.0005796160623203191,36,0.7776579572121298
quarantined,23,13,0.0004916723004117755,0.00032458499489937864,36,-0.4152650109272212
mosque,0,36,2.0486345850490648e-05,0.0008578317722340721,36,3.73464940244969
august,11,25,0.00024583615020588775,0.0006028007048131318,36,0.8969213780389476
devastation,9,27,0.00020486345850490647,0.0006491699897987573,36,1.153350906986624
red,23,13,0.0004916723004117755,0.00032458499489937864,36,-0.4152650109272212
national,16,20,0.00034826787945834104,0.00048687749234906796,36,0.3350405834726725
screamed,32,4,0.0006760494130661914,0.0001159232124640638,36,-1.763338159226914
iran,9,27,0.00020486345850490647,0.0006491699897987573,36,1.153350906986624
crashed,14,22,0.0003072951877573597,0.0005332467773346935,36,0.5511755046324054
crush,32,4,0.0006760494130661914,0.0001159232124640638,36,-1.763338159226914
horrible,20,15,0.0004302132628603036,0.00037095427988500417,35,-0.14820222567817606
bombed,19,16,0.00040972691700981293,0.00039413892237781696,35,-0.038787439692309016
exploded,24,11,0.0005121586462622662,0.0002782157099137531,35,-0.6102376852747349
scream,29,6,0.0006145903755147194,0.00016229249744968932,35,-1.3315557428013762
oh,26,9,0.0005531313379632474,0.0002318464249281276,35,-0.8695202832048176
tomorrow,23,12,0.0004916723004117755,0.0003014003524065659,35,-0.4893729830809431
effect,21,14,0.00045069960871079427,0.00034776963739219143,35,-0.25926076245064
derail,18,17,0.0003892405711593223,0.0004173235648706297,35,0.06966426853518995
wanna,30,5,0.0006350767213652101,0.00013910785495687656,35,-1.5184962454516258
order,14,21,0.0003072951877573597,0.0005100621348418808,35,0.5067237420615716
long,30,5,0.0006350767213652101,0.00013910785495687656,35,-1.5184962454516258
hazardous,15,20,0.00032778153360785037,0.00048687749234906796,35,0.3956652052891075
displaced,10,25,0.00022534980435539713,0.0006028007048131318,35,0.9839327550285772
inundated,29,6,0.0006145903755147194,0.00016229249744968932,35,-1.3315557428013762
bleeding,30,5,0.0006350767213652101,0.00013910785495687656,35,-1.5184962454516258
traumatised,32,3,0.0006760494130661914,9.273856997125104e-05,35,-1.9864817105411239
collision,7,28,0.00016389076680392518,0.00067235463229157,35,1.4115857781121037
plane,4,31,0.00010243172925245323,0.0007419085597700083,35,1.9800294801710918
anniversary,2,33,6.145903755147194e-05,0.0007882778447556339,35,2.551479725753518
past,14,21,0.0003072951877573597,0.0005100621348418808,35,0.5067237420615716
heard,24,11,0.0005121586462622662,0.0002782157099137531,35,-0.6102376852747349
famine,12,23,0.0002663224960563784,0.0005564314198275062,35,0.7368359626918747
desolation,28,6,0.0005941040296642288,0.00016229249744968932,34,-1.2976541911256951
hijacker,16,18,0.00034826787945834104,0.00044050820736344243,34,0.23495712491568996
pic,13,21,0.0002868088419068691,0.0005100621348418808,34,0.575716613548523
detonate,25,9,0.0005326449921127568,0.0002318464249281276,34,-0.8317799552219707
drown,29,5,0.0006145903755147194,0.00013910785495687656,34,-1.4857064226286347
power,14,20,0.0003072951877573597,0.00048687749234906796,34,0.4602037264266786
fight,15,19,0.00032778153360785037,0.0004636928498562552,34,0.34687504111967543
lava,29,5,0.0006145903755147194,0.00013910785495687656,34,-1.4857064226286347
derailed,9,25,0.00020486345850490647,0.0006028007048131318,34,1.0792429348329022
chemical,18,16,0.0003892405711593223,0.00039413892237781696,34,0.012505854695241308
trouble,29,5,0.0006145903755147194,0.00013910785495687656,34,-1.4857064226286347
isi,10,24,0.00022534980435539713,0.0005796160623203191,34,0.9447120418752959
blast,16,18,0.00034826787945834104,0.00044050820736344243,34,0.23495712491568996
blew,32,2,0.0006760494130661914,6.955392747843828e-05,34,-2.274163782992905
volcano,9,25,0.00020486345850490647,0.0006028007048131318,34,1.0792429348329022
bang,27,7,0.0005736176838137382,0.00018547713994250208,34,-1.1290314786899023
electrocuted,20,14,0.0004302132628603036,0.00034776963739219143,34,-0.21274074681574714
twitter,26,8,0.0005531313379632474,0.00020866178243531485,34,-0.9748807988626438
blown,28,6,0.0005941040296642288,0.00016229249744968932,34,-1.2976541911256951
song,32,2,0.0006760494130661914,6.955392747843828e-05,34,-2.274163782992905
meltdown,27,6,0.0005736176838137382,0.00016229249744968932,33,-1.262562871314425
government,13,20,0.0002868088419068691,0.00048687749234906796,33,0.52919659791363
shoulder,30,3,0.0006350767213652101,9.273856997125104e-05,33,-1.92396135355979
person,19,14,0.00040972691700981293,0.00034776963739219143,33,-0.16395058264631504
catastrophic,9,24,0.00020486345850490647,0.0005796160623203191,33,1.0400222216796209
panicking,31,2,0.0006555630672157007,6.955392747843828e-05,33,-2.243392124326151
half,17,16,0.00036875422530883165,0.00039413892237781696,33,0.06657307596551719
affected,1,32,4.0972691700981296e-05,0.0007650932022628211,33,2.9270918707120006
fedex,12,21,0.0002663224960563784,0.0005100621348418808,33,0.6498245857022449
flattened,28,5,0.0005941040296642288,0.00013910785495687656,33,-1.4518048709529534
went,20,13,0.0004302132628603036,0.00032458499489937864,33,-0.28173361830269866
bioterror,12,21,0.0002663224960563784,0.0005100621348418808,33,0.6498245857022449
razed,3,30,8.194538340196259e-05,0.0007187239172771956,33,2.1714243331707213
left,22,11,0.0004711859545612849,0.0002782157099137531,33,-0.5268560763356838
responder,18,15,0.0003892405711593223,0.00037095427988500417,33,-0.048118767121193576
lady,28,5,0.0005941040296642288,0.00013910785495687656,33,-1.4518048709529534
reunion,1,32,4.0972691700981296e-05,0.0007650932022628211,33,2.9270918707120006
collide,29,4,0.0006145903755147194,0.0001159232124640638,33,-1.6680279794225892
must,16,17,0.00034826787945834104,0.0004173235648706297,33,0.18088990364541427
typhoon,1,32,4.0972691700981296e-05,0.0007650932022628211,33,2.9270918707120006
book,29,4,0.0006145903755147194,0.0001159232124640638,33,-1.6680279794225892
calgary,4,29,0.00010243172925245323,0.0006955392747843829,33,1.915490959033521
evacuated,4,29,0.00010243172925245323,0.0006955392747843829,33,1.915490959033521
something,22,10,0.0004711859545612849,0.0002550310674209404,32,-0.6138674533253133
soon,28,4,0.0005941040296642288,0.0001159232124640638,32,-1.634126427746908
street,8,24,0.00018437711265441583,0.0005796160623203191,32,1.1453827373374472
possible,8,24,0.00018437711265441583,0.0005796160623203191,32,1.1453827373374472
hijacking,17,15,0.00036875422530883165,0.00037095427988500417,32,0.005948454149082179
ship,22,10,0.0004711859545612849,0.0002550310674209404,32,-0.6138674533253133
murderer,13,19,0.0002868088419068691,0.0004636928498562552,32,0.480406433744198
eyewitness,19,13,0.00040972691700981293,0.00032458499489937864,32,-0.2329434541332667
stay,23,9,0.0004916723004117755,0.0002318464249281276,32,-0.7517372475484342
cool,22,10,0.0004711859545612849,0.0002550310674209404,32,-0.6138674533253133
thank,26,6,0.0005531313379632474,0.00016229249744968932,32,-1.22619522714355
demolish,27,5,0.0005736176838137382,0.00013910785495687656,32,-1.4167135511416833
zone,23,9,0.0004916723004117755,0.0002318464249281276,32,-0.7517372475484342
men,19,13,0.00040972691700981293,0.00032458499489937864,32,-0.2329434541332667
river,16,16,0.00034826787945834104,0.00039413892237781696,32,0.12373148980546575
demolition,23,9,0.0004916723004117755,0.0002318464249281276,32,-0.7517372475484342
send,21,11,0.00045069960871079427,0.0002782157099137531,32,-0.4824043137648499
obliterated,27,4,0.0005736176838137382,0.0001159232124640638,31,-1.599035107935638
case,6,25,0.00014340442095343454,0.0006028007048131318,31,1.4359178787716345
annihilated,23,8,0.0004916723004117755,0.00020866178243531485,31,-0.8570977632062603
pkk,0,31,2.0486345850490648e-05,0.0007419085597700083,31,3.5894673926051923
crushed,27,4,0.0005736176838137382,0.0001159232124640638,31,-1.599035107935638
place,15,16,0.00032778153360785037,0.00039413892237781696,31,0.18435611162190063
deal,20,11,0.0004302132628603036,0.0002782157099137531,31,-0.435884298129957
security,10,21,0.00022534980435539713,0.0005100621348418808,31,0.8168786703654111
longer,17,14,0.00036875422530883165,0.00034776963739219143,31,-0.05859006698848883
india,4,27,0.00010243172925245323,0.0006491699897987573,31,1.8464980875465693
medium,13,18,0.0002868088419068691,0.00044050820736344243,31,0.4291131393566475
didnt,21,10,0.00045069960871079427,0.0002550310674209404,31,-0.5694156907544795
american,9,22,0.00020486345850490647,0.0005332467773346935,31,0.9566406127405698
caused,4,27,0.00010243172925245323,0.0006491699897987573,31,1.8464980875465693
memory,6,25,0.00014340442095343454,0.0006028007048131318,31,1.4359178787716345
traffic,9,22,0.00020486345850490647,0.0005332467773346935,31,0.9566406127405698
arson,10,21,0.00022534980435539713,0.0005100621348418808,31,0.8168786703654111
tsunami,18,13,0.0003892405711593223,0.00032458499489937864,31,-0.18165015974571616
airport,1,30,4.0972691700981296e-05,0.0007187239172771956,31,2.8645715137306667
care,21,10,0.00045069960871079427,0.0002550310674209404,31,-0.5694156907544795
pandemonium,24,7,0.0005121586462622662,0.00018547713994250208,31,-1.0157027933828993
due,7,24,0.00016389076680392518,0.0005796160623203191,31,1.2631657729938306
use,17,14,0.00036875422530883165,0.00034776963739219143,31,-0.05859006698848883
detonated,0,31,2.0486345850490648e-05,0.0007419085597700083,31,3.5894673926051923
drowned,18,13,0.0003892405711593223,0.00032458499489937864,31,-0.18165015974571616
bagging,27,4,0.0005736176838137382,0.0001159232124640638,31,-1.599035107935638
detonation,22,9,0.0004711859545612849,0.0002318464249281276,31,-0.7091776331296382
reason,23,8,0.0004916723004117755,0.00020866178243531485,31,-0.8570977632062603
sure,25,6,0.0005326449921127568,0.00016229249744968932,31,-1.188454899160703
cyclone,10,20,0.00022534980435539713,0.00048687749234906796,30,0.7703586547305181
yet,23,7,0.0004916723004117755,0.00018547713994250208,30,-0.9748807988626438
nothing,22,8,0.0004711859545612849,0.00020866178243531485,30,-0.8145381487874646
america,13,17,0.0002868088419068691,0.0004173235648706297,30,0.3750459180863717
thanks,22,8,0.0004711859545612849,0.00020866178243531485,30,-0.8145381487874646
prebreak,17,13,0.00036875422530883165,0.00032458499489937864,30,-0.12758293847544036
ebay,29,1,0.0006145903755147194,4.636928498562552e-05,30,-2.5843187112967443
beautiful,23,7,0.0004916723004117755,0.00018547713994250208,30,-0.9748807988626438
demolished,21,9,0.00045069960871079427,0.0002318464249281276,30,-0.6647258705588045
la,5,25,0.00012291807510294387,0.0006028007048131318,30,1.5900685585988927
lab,9,21,0.00020486345850490647,0.0005100621348418808,30,0.912188850169736
blazing,28,2,0.0005941040296642288,6.955392747843828e-05,30,-2.144952051512899
rd,5,25,0.00012291807510294387,0.0006028007048131318,30,1.5900685585988927
tell,17,13,0.00036875422530883165,0.00032458499489937864,30,-0.12758293847544036
dog,20,10,0.0004302132628603036,0.0002550310674209404,30,-0.5228956751195867
shooting,6,24,0.00014340442095343454,0.0005796160623203191,30,1.3966971656183533
used,20,10,0.0004302132628603036,0.0002550310674209404,30,-0.5228956751195867
site,7,23,0.00016389076680392518,0.0005564314198275062,30,1.2223437784735753
obliteration,26,4,0.0005531313379632474,0.0001159232124640638,30,-1.5626674637647628
find,21,9,0.00045069960871079427,0.0002318464249281276,30,-0.6647258705588045
obliterate,26,4,0.0005531313379632474,0.0001159232124640638,30,-1.5626674637647628
three,6,23,0.00014340442095343454,0.0005564314198275062,29,1.3558751710980979
fun,25,4,0.0005326449921127568,0.0001159232124640638,29,-1.524927135781916
bush,10,19,0.00022534980435539713,0.0004636928498562552,29,0.7215684905610861
upheaval,24,5,0.0005121586462622662,0.00013910785495687656,29,-1.3033848658346803
nigga,24,5,0.0005121586462622662,0.00013910785495687656,29,-1.3033848658346803
already,22,7,0.0004711859545612849,0.00018547713994250208,29,-0.9323211844438479
km,4,25,0.00010243172925245323,0.0006028007048131318,29,1.7723901153928476
remember,18,11,0.0003892405711593223,0.0002782157099137531,29,-0.3358008395729746
making,22,7,0.0004711859545612849,0.00018547713994250208,29,-0.9323211844438479
done,17,12,0.00036875422530883165,0.0003014003524065659,29,-0.20169091062916217
rise,14,15,0.0003072951877573597,0.00037095427988500417,29,0.1882700109430369
inside,13,16,0.0002868088419068691,0.00039413892237781696,29,0.31788750424642315
offensive,25,4,0.0005326449921127568,0.0001159232124640638,29,-1.524927135781916
country,10,19,0.00022534980435539713,0.0004636928498562552,29,0.7215684905610861
whats,22,7,0.0004711859545612849,0.00018547713994250208,29,-0.9323211844438479
rainstorm,11,18,0.00024583615020588775,0.00044050820736344243,29,0.5832638191839059
team,19,10,0.00040972691700981293,0.0002550310674209404,29,-0.4741055109501546
policy,24,5,0.0005121586462622662,0.00013910785495687656,29,-1.3033848658346803
play,27,2,0.0005736176838137382,6.955392747843828e-05,29,-2.1098607317016285
music,26,3,0.0005531313379632474,9.273856997125104e-05,29,-1.7858110150789728
horror,5,24,0.00012291807510294387,0.0005796160623203191,29,1.5508478454456116
hellfire,23,6,0.0004916723004117755,0.00016229249744968932,29,-1.1084121914871665
hijack,12,16,0.0002663224960563784,0.00039413892237781696,28,0.3919954764001452
health,14,14,0.0003072951877573597,0.00034776963739219143,28,0.12373148980546575
gun,15,13,0.00032778153360785037,0.00032458499489937864,28,-0.009799902819056924
south,6,22,0.00014340442095343454,0.0005332467773346935,28,1.313315556679302
turkey,0,28,2.0486345850490648e-05,0.00067235463229157,28,3.4910273197919395
ablaze,15,13,0.00032778153360785037,0.00032458499489937864,28,-0.009799902819056924
crew,2,26,6.145903755147194e-05,0.0006259853473059445,28,2.3209560671416853
actually,18,10,0.0003892405711593223,0.0002550310674209404,28,-0.42281221656260426
died,7,21,0.00016389076680392518,0.0005100621348418808,28,1.1353324014839457
bc,20,8,0.0004302132628603036,0.00020866178243531485,28,-0.7235663705817379
move,15,13,0.00032778153360785037,0.00032458499489937864,28,-0.009799902819056924
electrocute,27,1,0.0005736176838137382,4.636928498562552e-05,28,-2.515325839809793
hell,20,8,0.0004302132628603036,0.00020866178243531485,28,-0.7235663705817379
israeli,0,28,2.0486345850490648e-05,0.00067235463229157,28,3.4910273197919395
wait,22,6,0.0004711859545612849,0.00016229249744968932,28,-1.0658525770683707
believe,17,11,0.00036875422530883165,0.0002782157099137531,28,-0.28173361830269866
leave,15,13,0.00032778153360785037,0.00032458499489937864,28,-0.009799902819056924
sue,1,27,4.0972691700981296e-05,0.0006491699897987573,28,2.762788819420724
wake,12,16,0.0002663224960563784,0.00039413892237781696,28,0.3919954764001452
mean,20,8,0.0004302132628603036,0.00020866178243531485,28,-0.7235663705817379
far,12,16,0.0002663224960563784,0.00039413892237781696,28,0.3919954764001452
line,8,19,0.00018437711265441583,0.0004636928498562552,27,0.9222391860232373
helicopter,1,26,4.0972691700981296e-05,0.0006259853473059445,27,2.7264211752498495
reactor,14,13,0.0003072951877573597,0.00032458499489937864,27,0.054738618318514363
yes,21,6,0.00045069960871079427,0.00016229249744968932,27,-1.0214008144975368
feeling,22,5,0.0004711859545612849,0.00013910785495687656,27,-1.220003256895629
seismic,13,14,0.0002868088419068691,0.00034776963739219143,27,0.19272436129241718
brown,20,7,0.0004302132628603036,0.00018547713994250208,27,-0.8413494062381214
trying,21,6,0.00045069960871079427,0.00016229249744968932,27,-1.0214008144975368
victim,3,24,8.194538340196259e-05,0.0005796160623203191,27,1.956312953553776
nearby,14,13,0.0003072951877573597,0.00032458499489937864,27,0.054738618318514363
north,5,22,0.00012291807510294387,0.0005332467773346935,27,1.4674662365065605
doesnt,17,10,0.00036875422530883165,0.0002550310674209404,27,-0.36874499529232835
support,14,13,0.0003072951877573597,0.00032458499489937864,27,0.054738618318514363
bar,22,5,0.0004711859545612849,0.00013910785495687656,27,-1.220003256895629
computer,21,6,0.00045069960871079427,0.00016229249744968932,27,-1.0214008144975368
mp,1,26,4.0972691700981296e-05,0.0006259853473059445,27,2.7264211752498495
win,21,6,0.00045069960871079427,0.00016229249744968932,27,-1.0214008144975368
declares,1,26,4.0972691700981296e-05,0.0006259853473059445,27,2.7264211752498495
avalanche,21,6,0.00045069960871079427,0.00016229249744968932,27,-1.0214008144975368
action,9,18,0.00020486345850490647,0.00044050820736344243,27,0.7655853759778605
yearold,2,25,6.145903755147194e-05,0.0006028007048131318,27,2.2832157391588384
peace,13,13,0.0002868088419068691,0.00032458499489937864,26,0.12373148980546556
anything,19,7,0.00040972691700981293,0.00018547713994250208,26,-0.7925592420686893
nowplaying,24,2,0.0005121586462622662,6.955392747843828e-05,26,-1.9965320463946254
deluged,19,7,0.00040972691700981293,0.00018547713994250208,26,-0.7925592420686893
month,14,12,0.0003072951877573597,0.0003014003524065659,26,-0.019369353835207565
wont,20,6,0.0004302132628603036,0.00016229249744968932,26,-0.974880798862644
star,21,5,0.00045069960871079427,0.00013910785495687656,26,-1.175551494324795
ago,10,16,0.00022534980435539713,0.00039413892237781696,26,0.5590495610633113
snowstorm,15,11,0.00032778153360785037,0.0002782157099137531,26,-0.1639505826463153
swallowed,1,25,4.0972691700981296e-05,0.0006028007048131318,26,2.6886808472670025
islam,15,11,0.00032778153360785037,0.0002782157099137531,26,-0.1639505826463153
rubble,16,10,0.00034826787945834104,0.0002550310674209404,26,-0.31158658145237983
west,4,22,0.00010243172925245323,0.0005332467773346935,26,1.649787793300515
level,17,9,0.00036875422530883165,0.0002318464249281276,26,-0.46405517509665334
abc,1,25,4.0972691700981296e-05,0.0006028007048131318,26,2.6886808472670025
side,20,6,0.0004302132628603036,0.00016229249744968932,26,-0.974880798862644
tree,9,17,0.00020486345850490647,0.0004173235648706297,26,0.7115181547075848
yeah,18,8,0.0003892405711593223,0.00020866178243531485,26,-0.6234829120247554
typhoondevastated,0,25,2.0486345850490648e-05,0.0006028007048131318,25,3.381828027826948
tweet,20,5,0.0004302132628603036,0.00013910785495687656,25,-1.1290314786899023
flag,6,19,0.00014340442095343454,0.0004636928498562552,25,1.1735536143041434
almost,14,11,0.0003072951877573597,0.0002782157099137531,25,-0.09941206150874404
maybe,19,6,0.00040972691700981293,0.00016229249744968932,25,-0.9260906346932121
data,19,6,0.00040972691700981293,0.00016229249744968932,25,-0.9260906346932121
aircraft,1,24,4.0972691700981296e-05,0.0005796160623203191,25,2.6494601341137214
stand,20,5,0.0004302132628603036,0.00013910785495687656,25,-1.1290314786899023
history,11,14,0.00024583615020588775,0.00034776963739219143,25,0.3468750411196756
handbag,24,1,0.0005121586462622662,4.636928498562552e-05,25,-2.40199715450279
center,9,16,0.00020486345850490647,0.00039413892237781696,25,0.6543597408676363
outside,13,12,0.0002868088419068691,0.0003014003524065659,25,0.04962351765174391
conclusively,0,25,2.0486345850490648e-05,0.0006028007048131318,25,3.381828027826948
die,17,8,0.00036875422530883165,0.00020866178243531485,25,-0.5694156907544795
rule,16,9,0.00034826787945834104,0.0002318464249281276,25,-0.4068967612567047
blight,23,2,0.0004916723004117755,6.955392747843828e-05,25,-1.9557100518743702
point,9,16,0.00020486345850490647,0.00039413892237781696,25,0.6543597408676363
bioterrorism,9,16,0.00020486345850490647,0.00039413892237781696,25,0.6543597408676363
bigger,2,23,6.145903755147194e-05,0.0005564314198275062,25,2.2031730314853015
watching,15,10,0.00032778153360785037,0.0002550310674209404,25,-0.250961959635945
saipan,0,25,2.0486345850490648e-05,0.0006028007048131318,25,3.381828027826948
anyone,17,7,0.00036875422530883165,0.00018547713994250208,24,-0.6871987264108631
million,5,19,0.00012291807510294387,0.0004636928498562552,24,1.327704294131402
projected,0,24,2.0486345850490648e-05,0.0005796160623203191,24,3.3426073146736663
control,11,13,0.00024583615020588775,0.00032458499489937864,24,0.2778821696327241
name,18,6,0.0003892405711593223,0.00016229249744968932,24,-0.8747973403056615
low,19,5,0.00040972691700981293,0.00013910785495687656,24,-1.0802413145204701
transport,9,15,0.00020486345850490647,0.00037095427988500417,24,0.5937351190512012
secret,21,3,0.00045069960871079427,9.273856997125104e-05,24,-1.5810166024329595
pick,20,4,0.0004302132628603036,0.0001159232124640638,24,-1.311353035483857
hear,15,9,0.00032778153360785037,0.0002318464249281276,24,-0.34627213944026985
searching,1,23,4.0972691700981296e-05,0.0005564314198275062,24,2.608638139593466
spot,20,4,0.0004302132628603036,0.0001159232124640638,24,-1.311353035483857
hand,17,7,0.00036875422530883165,0.00018547713994250208,24,-0.6871987264108631
vehicle,8,16,0.00018437711265441583,0.00039413892237781696,24,0.7597202565254625
utc,2,22,6.145903755147194e-05,0.0005332467773346935,24,2.160613417066506
literally,16,8,0.00034826787945834104,0.00020866178243531485,24,-0.512257276914531
christian,4,20,0.00010243172925245323,0.00048687749234906796,24,1.5588160150947885
bestnaijamade,0,24,2.0486345850490648e-05,0.0005796160623203191,24,3.3426073146736663
hey,21,3,0.00045069960871079427,9.273856997125104e-05,24,-1.5810166024329595
money,17,7,0.00036875422530883165,0.00018547713994250208,24,-0.6871987264108631
aug,9,15,0.00020486345850490647,0.00037095427988500417,24,0.5937351190512012
moment,15,9,0.00032778153360785037,0.0002318464249281276,24,-0.34627213944026985
couple,14,9,0.0003072951877573597,0.0002318464249281276,23,-0.28173361830269855
thousand,10,13,0.00022534980435539713,0.00032458499489937864,23,0.3648935466223538
might,17,6,0.00036875422530883165,0.00016229249744968932,23,-0.8207301190353856
lost,9,14,0.00020486345850490647,0.00034776963739219143,23,0.5291965979136303
ball,20,3,0.0004302132628603036,9.273856997125104e-05,23,-1.5344965867980667
online,18,5,0.0003892405711593223,0.00013910785495687656,23,-1.02894802013292
finally,21,2,0.00045069960871079427,6.955392747843828e-05,23,-1.8686986748847405
pakistan,4,19,0.00010243172925245323,0.0004636928498562552,23,1.5100258509253563
tv,17,6,0.00036875422530883165,0.00016229249744968932,23,-0.8207301190353856
soudelor,1,22,4.0972691700981296e-05,0.0005332467773346935,23,2.56607852517467
happy,21,2,0.00045069960871079427,6.955392747843828e-05,23,-1.8686986748847405
fast,16,7,0.00034826787945834104,0.00018547713994250208,23,-0.6300403125709145
share,17,6,0.00036875422530883165,0.00016229249744968932,23,-0.8207301190353856
trench,0,23,2.0486345850490648e-05,0.0005564314198275062,23,3.301785320153411
village,0,23,2.0486345850490648e-05,0.0005564314198275062,23,3.301785320153411
cake,22,1,0.0004711859545612849,4.636928498562552e-05,23,-2.3186155455637385
firefighter,6,17,0.00014340442095343454,0.0004173235648706297,23,1.068193098646317
blaze,16,7,0.00034826787945834104,0.00018547713994250208,23,-0.6300403125709145
town,9,14,0.00020486345850490647,0.00034776963739219143,23,0.5291965979136303
manslaughter,0,23,2.0486345850490648e-05,0.0005564314198275062,23,3.301785320153411
amid,2,21,6.145903755147194e-05,0.0005100621348418808,23,2.1161616544956723
hollywood,17,6,0.00036875422530883165,0.00016229249744968932,23,-0.8207301190353856
everything,19,4,0.00040972691700981293,0.0001159232124640638,23,-1.2625628713144248
saved,4,19,0.00010243172925245323,0.0004636928498562552,23,1.5100258509253563
theyre,15,8,0.00032778153360785037,0.00020866178243531485,23,-0.45163265509809625
probably,20,3,0.0004302132628603036,9.273856997125104e-05,23,-1.5344965867980667
mom,19,4,0.00040972691700981293,0.0001159232124640638,23,-1.2625628713144248
rock,11,12,0.00024583615020588775,0.0003014003524065659,23,0.20377419747900222
lie,14,9,0.0003072951877573597,0.0002318464249281276,23,-0.28173361830269855
pretty,18,5,0.0003892405711593223,0.00013910785495687656,23,-1.02894802013292
muslim,0,23,2.0486345850490648e-05,0.0005564314198275062,23,3.301785320153411
others,10,12,0.00022534980435539713,0.0003014003524065659,22,0.29078557446863196
course,16,6,0.00034826787945834104,0.00016229249744968932,22,-0.7635717051954372
youth,4,18,0.00010243172925245323,0.00044050820736344243,22,1.4587325565378058
okay,18,4,0.0003892405711593223,0.0001159232124640638,22,-1.2112695769268742
damn,15,7,0.00032778153360785037,0.00018547713994250208,22,-0.5694156907544795
miner,16,6,0.00034826787945834104,0.00016229249744968932,22,-0.7635717051954372
mark,3,19,8.194538340196259e-05,0.0004636928498562552,22,1.733169402239566
australia,11,11,0.00024583615020588775,0.0002782157099137531,22,0.12373148980546575
problem,12,10,0.0002663224960563784,0.0002550310674209404,22,-0.0433225948577004
talk,15,7,0.00032778153360785037,0.00018547713994250208,22,-0.5694156907544795
pay,16,6,0.00034826787945834104,0.00016229249744968932,22,-0.7635717051954372
refugio,0,22,2.0486345850490648e-05,0.0005332467773346935,22,3.2592257057346155
link,17,5,0.00036875422530883165,0.00013910785495687656,22,-0.974880798862644
major,6,16,0.00014340442095343454,0.00039413892237781696,22,1.0110346848063685
coach,3,19,8.194538340196259e-05,0.0004636928498562552,22,1.733169402239566
leather,21,1,0.00045069960871079427,4.636928498562552e-05,22,-2.274163782992905
desolate,17,5,0.00036875422530883165,0.00013910785495687656,22,-0.974880798862644
annihilation,13,9,0.0002868088419068691,0.0002318464249281276,22,-0.21274074681574728
feared,0,22,2.0486345850490648e-05,0.0005332467773346935,22,3.2592257057346155
shes,20,2,0.0004302132628603036,6.955392747843828e-05,22,-1.8221786592498477
hat,17,5,0.00036875422530883165,0.00013910785495687656,22,-0.974880798862644
space,19,3,0.00040972691700981293,9.273856997125104e-05,22,-1.4857064226286347
giant,6,16,0.00014340442095343454,0.00039413892237781696,22,1.0110346848063685
chance,15,7,0.00032778153360785037,0.00018547713994250208,22,-0.5694156907544795
caught,6,16,0.00014340442095343454,0.00039413892237781696,22,1.0110346848063685
turn,16,6,0.00034826787945834104,0.00016229249744968932,22,-0.7635717051954372
seen,17,5,0.00036875422530883165,0.00013910785495687656,22,-0.974880798862644
crisis,1,21,4.0972691700981296e-05,0.0005100621348418808,22,2.5216267626038364
costlier,0,22,2.0486345850490648e-05,0.0005332467773346935,22,3.2592257057346155
open,12,10,0.0002663224960563784,0.0002550310674209404,22,-0.0433225948577004
try,18,4,0.0003892405711593223,0.0001159232124640638,22,-1.2112695769268742
expert,1,21,4.0972691700981296e-05,0.0005100621348418808,22,2.5216267626038364
class,17,5,0.00036875422530883165,0.00013910785495687656,22,-0.974880798862644
human,10,12,0.00022534980435539713,0.0003014003524065659,22,0.29078557446863196
though,16,6,0.00034826787945834104,0.00016229249744968932,22,-0.7635717051954372
claim,7,14,0.00016389076680392518,0.00034776963739219143,21,0.7523401492278399
hate,15,6,0.00032778153360785037,0.00016229249744968932,21,-0.7029470833790022
heavy,2,19,6.145903755147194e-05,0.0004636928498562552,21,2.020851474691347
seek,14,7,0.0003072951877573597,0.00018547713994250208,21,-0.5048771696169084
self,19,2,0.00040972691700981293,6.955392747843828e-05,21,-1.7733884950804155
usa,10,11,0.00022534980435539713,0.0002782157099137531,21,0.21074286679509543
hailstorm,3,18,8.194538340196259e-05,0.00044050820736344243,21,1.6818761078520155
flash,4,17,0.00010243172925245323,0.0004173235648706297,21,1.4046653352675302
gbbo,16,5,0.00034826787945834104,0.00013910785495687656,21,-0.9177223850226955
force,7,14,0.00016389076680392518,0.00034776963739219143,21,0.7523401492278399
called,5,16,0.00012291807510294387,0.00039413892237781696,21,1.165185364633627
crazy,11,10,0.00024583615020588775,0.0002550310674209404,21,0.03672011281583617
omg,11,10,0.00024583615020588775,0.0002550310674209404,21,0.03672011281583617
picking,2,19,6.145903755147194e-05,0.0004636928498562552,21,2.020851474691347
sky,13,8,0.0002868088419068691,0.00020866178243531485,21,-0.31810126247357356
huge,8,13,0.00018437711265441583,0.00032458499489937864,21,0.565564242084505
banned,18,3,0.0003892405711593223,9.273856997125104e-05,21,-1.4344131282410841
knock,15,6,0.00032778153360785037,0.00016229249744968932,21,-0.7029470833790022
idea,15,6,0.00032778153360785037,0.00016229249744968932,21,-0.7029470833790022
stretcher,19,2,0.00040972691700981293,6.955392747843828e-05,21,-1.7733884950804155
east,2,19,6.145903755147194e-05,0.0004636928498562552,21,2.020851474691347
russian,7,14,0.00016389076680392518,0.00034776963739219143,21,0.7523401492278399
isnt,9,12,0.00020486345850490647,0.0003014003524065659,21,0.38609575427295695
blue,17,4,0.00036875422530883165,0.0001159232124640638,21,-1.1572023556565987
drive,10,11,0.00022534980435539713,0.0002782157099137531,21,0.21074286679509543
morning,9,12,0.00020486345850490647,0.0003014003524065659,21,0.38609575427295695
nearly,7,14,0.00016389076680392518,0.00034776963739219143,21,0.7523401492278399
womens,18,3,0.0003892405711593223,9.273856997125104e-05,21,-1.4344131282410841
texas,9,12,0.00020486345850490647,0.0003014003524065659,21,0.38609575427295695
daily,11,10,0.00024583615020588775,0.0002550310674209404,21,0.03672011281583617
wrong,19,2,0.00040972691700981293,6.955392747843828e-05,21,-1.7733884950804155
aftershock,19,1,0.00040972691700981293,4.636928498562552e-05,20,-2.17885360318858
toddler,6,14,0.00014340442095343454,0.00034776963739219143,20,0.8858715418523625
entire,14,6,0.0003072951877573597,0.00016229249744968932,20,-0.6384085622414309
mph,1,19,4.0972691700981296e-05,0.0004636928498562552,20,2.4263165827995112
listen,16,4,0.00034826787945834104,0.0001159232124640638,20,-1.10004394181665
become,13,7,0.0002868088419068691,0.00018547713994250208,20,-0.435884298129957
meek,17,3,0.00036875422530883165,9.273856997125104e-05,20,-1.3803459069708084
sorry,17,3,0.00036875422530883165,9.273856997125104e-05,20,-1.3803459069708084
mayhem,19,1,0.00040972691700981293,4.636928498562552e-05,20,-2.17885360318858
united,11,9,0.00024583615020588775,0.0002318464249281276,20,-0.05859006698848883
hard,13,7,0.0002868088419068691,0.00018547713994250208,20,-0.435884298129957
company,13,7,0.0002868088419068691,0.00018547713994250208,20,-0.435884298129957
militant,0,20,2.0486345850490648e-05,0.00048687749234906796,20,3.168253927528889
anthrax,5,15,0.00012291807510294387,0.00037095427988500417,20,1.1045607428171922
favorite,17,3,0.00036875422530883165,9.273856997125104e-05,20,-1.3803459069708084
radio,16,4,0.00034826787945834104,0.0001159232124640638,20,-1.10004394181665
poor,8,12,0.00018437711265441583,0.0003014003524065659,20,0.4914562699307831
number,9,11,0.00020486345850490647,0.0002782157099137531,20,0.3060530465994204
worst,10,10,0.00022534980435539713,0.0002550310674209404,20,0.12373148980546575
view,13,7,0.0002868088419068691,0.00018547713994250208,20,-0.435884298129957
haha,16,4,0.00034826787945834104,0.0001159232124640638,20,-1.10004394181665
lord,17,3,0.00036875422530883165,9.273856997125104e-05,20,-1.3803459069708084
camp,9,11,0.00020486345850490647,0.0002782157099137531,20,0.3060530465994204
across,7,13,0.00016389076680392518,0.00032458499489937864,20,0.6833472777408884
mishap,5,15,0.00012291807510294387,0.00037095427988500417,20,1.1045607428171922
film,13,7,0.0002868088419068691,0.00018547713994250208,20,-0.435884298129957
reuters,0,20,2.0486345850490648e-05,0.00048687749234906796,20,3.168253927528889
closed,3,17,8.194538340196259e-05,0.0004173235648706297,20,1.6278088865817397
angry,13,7,0.0002868088419068691,0.00018547713994250208,20,-0.435884298129957
gem,14,6,0.0003072951877573597,0.00016229249744968932,20,-0.6384085622414309
nw,3,17,8.194538340196259e-05,0.0004173235648706297,20,1.6278088865817397
ignition,15,5,0.00032778153360785037,0.00013910785495687656,20,-0.8570977632062606
alarm,5,15,0.00012291807510294387,0.00037095427988500417,20,1.1045607428171922
arsonist,12,7,0.0002663224960563784,0.00018547713994250208,19,-0.3617763259762351
date,14,5,0.0003072951877573597,0.00013910785495687656,19,-0.7925592420686893
bbc,3,16,8.194538340196259e-05,0.00039413892237781696,19,1.5706504727417911
temple,1,18,4.0972691700981296e-05,0.00044050820736344243,19,2.3750232884119606
give,11,8,0.00024583615020588775,0.00020866178243531485,19,-0.16395058264631504
learn,13,6,0.0002868088419068691,0.00016229249744968932,19,-0.5694156907544797
mount,1,18,4.0972691700981296e-05,0.00044050820736344243,19,2.3750232884119606
climate,8,11,0.00018437711265441583,0.0002782157099137531,19,0.4114135622572466
wanted,14,5,0.0003072951877573597,0.00013910785495687656,19,-0.7925592420686893
myanmar,0,19,2.0486345850490648e-05,0.0004636928498562552,19,3.1194637633594566
wow,13,6,0.0002868088419068691,0.00016229249744968932,19,-0.5694156907544797
flight,1,18,4.0972691700981296e-05,0.00044050820736344243,19,2.3750232884119606
totally,12,7,0.0002663224960563784,0.00018547713994250208,19,-0.3617763259762351
public,11,8,0.00024583615020588775,0.00020866178243531485,19,-0.16395058264631504
act,9,10,0.00020486345850490647,0.0002550310674209404,19,0.2190416696097907
foot,14,5,0.0003072951877573597,0.00013910785495687656,19,-0.7925592420686893
passenger,1,18,4.0972691700981296e-05,0.00044050820736344243,19,2.3750232884119606
appears,16,3,0.00034826787945834104,9.273856997125104e-05,19,-1.3231874931308598
disea,0,19,2.0486345850490648e-05,0.0004636928498562552,19,3.1194637633594566
happened,9,10,0.00020486345850490647,0.0002550310674209404,19,0.2190416696097907
pain,13,6,0.0002868088419068691,0.00016229249744968932,19,-0.5694156907544797
looking,16,3,0.00034826787945834104,9.273856997125104e-05,19,-1.3231874931308598
cop,6,13,0.00014340442095343454,0.00032458499489937864,19,0.8168786703654108
burn,8,11,0.00018437711265441583,0.0002782157099137531,19,0.4114135622572466
alone,14,5,0.0003072951877573597,0.00013910785495687656,19,-0.7925592420686893
thursday,6,13,0.00014340442095343454,0.00032458499489937864,19,0.8168786703654108
party,15,4,0.00032778153360785037,0.0001159232124640638,19,-1.039419320000215
driver,6,13,0.00014340442095343454,0.00032458499489937864,19,0.8168786703654108
taken,9,10,0.00020486345850490647,0.0002550310674209404,19,0.2190416696097907
playing,14,5,0.0003072951877573597,0.00013910785495687656,19,-0.7925592420686893
fukushima,1,18,4.0972691700981296e-05,0.00044050820736344243,19,2.3750232884119606
uk,9,10,0.00020486345850490647,0.0002550310674209404,19,0.2190416696097907
member,8,11,0.00018437711265441583,0.0002782157099137531,19,0.4114135622572466
running,12,7,0.0002663224960563784,0.00018547713994250208,19,-0.3617763259762351
soul,17,2,0.00036875422530883165,6.955392747843828e-05,19,-1.6680279794225894
centre,11,8,0.00024583615020588775,0.00020866178243531485,19,-0.16395058264631504
lead,14,5,0.0003072951877573597,0.00013910785495687656,19,-0.7925592420686893
beach,13,6,0.0002868088419068691,0.00016229249744968932,19,-0.5694156907544797
hero,14,5,0.0003072951877573597,0.00013910785495687656,19,-0.7925592420686893
blizzard,16,3,0.00034826787945834104,9.273856997125104e-05,19,-1.3231874931308598
devastated,11,8,0.00024583615020588775,0.00020866178243531485,19,-0.16395058264631504
truth,10,9,0.00022534980435539713,0.0002318464249281276,19,0.028421310001140777
large,8,11,0.00018437711265441583,0.0002782157099137531,19,0.4114135622572466
declaration,0,19,2.0486345850490648e-05,0.0004636928498562552,19,3.1194637633594566
issued,0,19,2.0486345850490648e-05,0.0004636928498562552,19,3.1194637633594566
ca,7,11,0.00016389076680392518,0.0002782157099137531,18,0.52919659791363
comment,13,5,0.0002868088419068691,0.00013910785495687656,18,-0.723566370581738
till,10,8,0.00022534980435539713,0.00020866178243531485,18,-0.07693920565668542
mountain,7,11,0.00016389076680392518,0.0002782157099137531,18,0.52919659791363
art,16,2,0.00034826787945834104,6.955392747843828e-05,18,-1.6108695655826408
green,9,9,0.00020486345850490647,0.0002318464249281276,18,0.12373148980546575
track,7,11,0.00016389076680392518,0.0002782157099137531,18,0.52919659791363
germ,6,12,0.00014340442095343454,0.0003014003524065659,18,0.7427706982116892
cry,16,2,0.00034826787945834104,6.955392747843828e-05,18,-1.6108695655826408
british,7,11,0.00016389076680392518,0.0002782157099137531,18,0.52919659791363
release,13,5,0.0002868088419068691,0.00013910785495687656,18,-0.723566370581738
ash,9,9,0.00020486345850490647,0.0002318464249281276,18,0.12373148980546575
global,4,14,0.00010243172925245323,0.00034776963739219143,18,1.2223437784735756
ready,10,8,0.00022534980435539713,0.00020866178243531485,18,-0.07693920565668542
property,9,9,0.00020486345850490647,0.0002318464249281276,18,0.12373148980546575
risk,8,10,0.00018437711265441583,0.0002550310674209404,18,0.32440218526761694
dude,11,7,0.00024583615020588775,0.00018547713994250208,18,-0.28173361830269855
insurance,11,7,0.00024583615020588775,0.00018547713994250208,18,-0.28173361830269855
piece,8,10,0.00018437711265441583,0.0002550310674209404,18,0.32440218526761694
instead,11,7,0.00024583615020588775,0.00018547713994250208,18,-0.28173361830269855
reddits,16,2,0.00034826787945834104,6.955392747843828e-05,18,-1.6108695655826408
mad,12,6,0.0002663224960563784,0.00016229249744968932,18,-0.4953077186007577
park,11,7,0.00024583615020588775,0.00018547713994250208,18,-0.28173361830269855
downtown,7,11,0.00016389076680392518,0.0002782157099137531,18,0.52919659791363
miss,14,4,0.0003072951877573597,0.0001159232124640638,18,-0.9748807988626438
civilian,1,17,4.0972691700981296e-05,0.0004173235648706297,18,2.320956067141685
horse,11,7,0.00024583615020588775,0.00018547713994250208,18,-0.28173361830269855
driving,12,6,0.0002663224960563784,0.00016229249744968932,18,-0.4953077186007577
spring,6,12,0.00014340442095343454,0.0003014003524065659,18,0.7427706982116892
quiz,16,2,0.00034826787945834104,6.955392747843828e-05,18,-1.6108695655826408
wonder,14,4,0.0003072951877573597,0.0001159232124640638,18,-0.9748807988626438
trust,15,3,0.00032778153360785037,9.273856997125104e-05,18,-1.2625628713144248
student,7,11,0.00016389076680392518,0.0002782157099137531,18,0.52919659791363
begin,6,12,0.00014340442095343454,0.0003014003524065659,18,0.7427706982116892
aint,14,4,0.0003072951877573597,0.0001159232124640638,18,-0.9748807988626438
mop,13,5,0.0002868088419068691,0.00013910785495687656,18,-0.723566370581738
israel,4,14,0.00010243172925245323,0.00034776963739219143,18,1.2223437784735756
front,12,6,0.0002663224960563784,0.00016229249744968932,18,-0.4953077186007577
king,16,2,0.00034826787945834104,6.955392747843828e-05,18,-1.6108695655826408
follow,14,4,0.0003072951877573597,0.0001159232124640638,18,-0.9748807988626438
virgin,0,18,2.0486345850490648e-05,0.00044050820736344243,18,3.068170468971906
chile,14,4,0.0003072951877573597,0.0001159232124640638,18,-0.9748807988626438
break,12,6,0.0002663224960563784,0.00016229249744968932,18,-0.4953077186007577
russia,5,13,0.00012291807510294387,0.00032458499489937864,18,0.9710293501926694
ice,17,1,0.00036875422530883165,4.636928498562552e-05,18,-2.073493087530754
else,12,6,0.0002663224960563784,0.00016229249744968932,18,-0.4953077186007577
drake,14,4,0.0003072951877573597,0.0001159232124640638,18,-0.9748807988626438
libya,0,17,2.0486345850490648e-05,0.0004173235648706297,17,3.0141032477016303
led,15,2,0.00032778153360785037,6.955392747843828e-05,17,-1.550244943766206
subreddits,15,2,0.00032778153360785037,6.955392747843828e-05,17,-1.550244943766206
theater,0,17,2.0486345850490648e-05,0.0004173235648706297,17,3.0141032477016303
nagasaki,0,17,2.0486345850490648e-05,0.0004173235648706297,17,3.0141032477016303
cover,13,4,0.0002868088419068691,0.0001159232124640638,17,-0.9058879273756926
nd,4,13,0.00010243172925245323,0.00032458499489937864,17,1.153350906986624
patience,7,10,0.00016389076680392518,0.0002550310674209404,17,0.4421852209240003
york,4,13,0.00010243172925245323,0.00032458499489937864,17,1.153350906986624
wall,8,9,0.00018437711265441583,0.0002318464249281276,17,0.22909200546329198
threat,10,7,0.00022534980435539713,0.00018547713994250208,17,-0.1947222413130689
em,12,5,0.0002663224960563784,0.00013910785495687656,17,-0.649458398428016
funtenna,12,5,0.0002663224960563784,0.00013910785495687656,17,-0.649458398428016
madhya,0,17,2.0486345850490648e-05,0.0004173235648706297,17,3.0141032477016303
bayelsa,7,10,0.00016389076680392518,0.0002550310674209404,17,0.4421852209240003
bring,12,5,0.0002663224960563784,0.00013910785495687656,17,-0.649458398428016
room,11,6,0.00024583615020588775,0.00016229249744968932,17,-0.4152650109272212
tote,16,1,0.00034826787945834104,4.636928498562552e-05,17,-2.016334673690805
escape,4,13,0.00010243172925245323,0.00032458499489937864,17,1.153350906986624
scared,12,5,0.0002663224960563784,0.00013910785495687656,17,-0.649458398428016
scene,4,13,0.00010243172925245323,0.00032458499489937864,17,1.153350906986624
lamp,13,4,0.0002868088419068691,0.0001159232124640638,17,-0.9058879273756926
answer,12,5,0.0002663224960563784,0.00013910785495687656,17,-0.649458398428016
four,7,10,0.00016389076680392518,0.0002550310674209404,17,0.4421852209240003
cat,16,1,0.00034826787945834104,4.636928498562552e-05,17,-2.016334673690805
taking,9,8,0.00020486345850490647,0.00020866178243531485,17,0.01837097414763954
following,5,12,0.00012291807510294387,0.0003014003524065659,17,0.8969213780389476
ancient,16,1,0.00034826787945834104,4.636928498562552e-05,17,-2.016334673690805
animal,12,5,0.0002663224960563784,0.00013910785495687656,17,-0.649458398428016
gave,12,5,0.0002663224960563784,0.00013910785495687656,17,-0.649458398428016
behind,10,7,0.00022534980435539713,0.00018547713994250208,17,-0.1947222413130689
added,14,3,0.0003072951877573597,9.273856997125104e-05,17,-1.1980243501768537
landing,1,16,4.0972691700981296e-05,0.00039413892237781696,17,2.2637976533017365
hiring,16,1,0.00034826787945834104,4.636928498562552e-05,17,-2.016334673690805
former,5,12,0.00012291807510294387,0.0003014003524065659,17,0.8969213780389476
disease,4,13,0.00010243172925245323,0.00032458499489937864,17,1.153350906986624
true,8,9,0.00018437711265441583,0.0002318464249281276,17,0.22909200546329198
season,10,7,0.00022534980435539713,0.00018547713994250208,17,-0.1947222413130689
download,13,4,0.0002868088419068691,0.0001159232124640638,17,-0.9058879273756926
govt,7,10,0.00016389076680392518,0.0002550310674209404,17,0.4421852209240003
ppl,9,8,0.00020486345850490647,0.00020866178243531485,17,0.01837097414763954
strike,6,11,0.00014340442095343454,0.0002782157099137531,17,0.6627279905381526
pradesh,0,17,2.0486345850490648e-05,0.0004173235648706297,17,3.0141032477016303
nigerian,2,15,6.145903755147194e-05,0.00037095427988500417,17,1.7977079233771374
cost,8,9,0.00018437711265441583,0.0002318464249281276,17,0.22909200546329198
outrage,0,17,2.0486345850490648e-05,0.0004173235648706297,17,3.0141032477016303
wednesday,5,12,0.00012291807510294387,0.0003014003524065659,17,0.8969213780389476
sick,7,9,0.00016389076680392518,0.0002318464249281276,16,0.34687504111967543
colorado,6,10,0.00014340442095343454,0.0002550310674209404,16,0.575716613548523
london,9,7,0.00020486345850490647,0.00018547713994250208,16,-0.09941206150874404
thinking,13,3,0.0002868088419068691,9.273856997125104e-05,16,-1.1290314786899023
gunman,1,15,4.0972691700981296e-05,0.00037095427988500417,16,2.2031730314853015
owner,10,6,0.00022534980435539713,0.00016229249744968932,16,-0.32825363393759155
info,10,6,0.00022534980435539713,0.00016229249744968932,16,-0.32825363393759155
early,4,12,0.00010243172925245323,0.0003014003524065659,16,1.0792429348329022
neighbour,13,3,0.0002868088419068691,9.273856997125104e-05,16,-1.1290314786899023
upon,13,3,0.0002868088419068691,9.273856997125104e-05,16,-1.1290314786899023
shift,7,9,0.00016389076680392518,0.0002318464249281276,16,0.34687504111967543
department,11,5,0.00024583615020588775,0.00013910785495687656,16,-0.5694156907544795
sea,7,9,0.00016389076680392518,0.0002318464249281276,16,0.34687504111967543
seeing,14,2,0.0003072951877573597,6.955392747843828e-05,16,-1.4857064226286347
series,12,4,0.0002663224960563784,0.0001159232124640638,16,-0.8317799552219707
disney,16,0,0.00034826787945834104,2.318464249281276e-05,16,-2.7094818542507504
biggest,13,3,0.0002868088419068691,9.273856997125104e-05,16,-1.1290314786899023
pray,9,7,0.00020486345850490647,0.00018547713994250208,16,-0.09941206150874404
ebola,1,15,4.0972691700981296e-05,0.00037095427988500417,16,2.2031730314853015
parole,4,12,0.00010243172925245323,0.0003014003524065659,16,1.0792429348329022
holding,5,11,0.00012291807510294387,0.0002782157099137531,16,0.8168786703654111
brother,12,4,0.0002663224960563784,0.0001159232124640638,16,-0.8317799552219707
palestinian,0,16,2.0486345850490648e-05,0.00039413892237781696,16,2.956944833861682
told,8,8,0.00018437711265441583,0.00020866178243531485,16,0.12373148980546575
cut,5,11,0.00012291807510294387,0.0002782157099137531,16,0.8168786703654111
cnn,4,12,0.00010243172925245323,0.0003014003524065659,16,1.0792429348329022
earth,14,2,0.0003072951877573597,6.955392747843828e-05,16,-1.4857064226286347
pamela,1,15,4.0972691700981296e-05,0.00037095427988500417,16,2.2031730314853015
awesome,15,1,0.00032778153360785037,4.636928498562552e-05,16,-1.9557100518743702
lmao,16,0,0.00034826787945834104,2.318464249281276e-05,16,-2.7094818542507504
galactic,0,16,2.0486345850490648e-05,0.00039413892237781696,16,2.956944833861682
event,5,11,0.00012291807510294387,0.0002782157099137531,16,0.8168786703654111
unconfirmed,13,3,0.0002868088419068691,9.273856997125104e-05,16,-1.1290314786899023
turned,11,5,0.00024583615020588775,0.00013910785495687656,16,-0.5694156907544795
desire,14,2,0.0003072951877573597,6.955392747843828e-05,16,-1.4857064226286347
likely,14,2,0.0003072951877573597,6.955392747843828e-05,16,-1.4857064226286347
france,4,12,0.00010243172925245323,0.0003014003524065659,16,1.0792429348329022
mode,15,1,0.00032778153360785037,4.636928498562552e-05,16,-1.9557100518743702
middle,9,7,0.00020486345850490647,0.00018547713994250208,16,-0.09941206150874404
lake,7,9,0.00016389076680392518,0.0002318464249281276,16,0.34687504111967543
reported,2,14,6.145903755147194e-05,0.00034776963739219143,16,1.7331694022395663
fashion,15,1,0.00032778153360785037,4.636928498562552e-05,16,-1.9557100518743702
working,10,6,0.00022534980435539713,0.00016229249744968932,16,-0.32825363393759155
enough,11,5,0.00024583615020588775,0.00013910785495687656,16,-0.5694156907544795
insurer,7,9,0.00016389076680392518,0.0002318464249281276,16,0.34687504111967543
image,6,10,0.00014340442095343454,0.0002550310674209404,16,0.575716613548523
dance,15,1,0.00032778153360785037,4.636928498562552e-05,16,-1.9557100518743702
pakistani,0,16,2.0486345850490648e-05,0.00039413892237781696,16,2.956944833861682
young,7,9,0.00016389076680392518,0.0002318464249281276,16,0.34687504111967543
rly,1,15,4.0972691700981296e-05,0.00037095427988500417,16,2.2031730314853015
coast,2,14,6.145903755147194e-05,0.00034776963739219143,16,1.7331694022395663
bed,13,3,0.0002868088419068691,9.273856997125104e-05,16,-1.1290314786899023
ahead,10,5,0.00022534980435539713,0.00013910785495687656,15,-0.4824043137648499
fact,9,6,0.00020486345850490647,0.00016229249744968932,15,-0.2329434541332667
started,10,5,0.00022534980435539713,0.00013910785495687656,15,-0.4824043137648499
account,8,7,0.00018437711265441583,0.00018547713994250208,15,0.005948454149082179
worse,9,6,0.00020486345850490647,0.00016229249744968932,15,-0.2329434541332667
crematorium,0,15,2.0486345850490648e-05,0.00037095427988500417,15,2.896320212045247
cree,12,3,0.0002663224960563784,9.273856997125104e-05,15,-1.0549235065361804
waving,0,15,2.0486345850490648e-05,0.00037095427988500417,15,2.896320212045247
sex,12,3,0.0002663224960563784,9.273856997125104e-05,15,-1.0549235065361804
youtube,11,4,0.00024583615020588775,0.0001159232124640638,15,-0.7517372475484342
door,13,2,0.0002868088419068691,6.955392747843828e-05,15,-1.4167135511416833
richmond,1,14,4.0972691700981296e-05,0.00034776963739219143,15,2.1386345103477304
question,10,5,0.00022534980435539713,0.00013910785495687656,15,-0.4824043137648499
direction,11,4,0.00024583615020588775,0.0001159232124640638,15,-0.7517372475484342
album,14,1,0.0003072951877573597,4.636928498562552e-05,15,-1.8911715307367991
article,10,5,0.00022534980435539713,0.00013910785495687656,15,-0.4824043137648499
arrested,3,12,8.194538340196259e-05,0.0003014003524065659,15,1.302386486147112
guess,11,4,0.00024583615020588775,0.0001159232124640638,15,-0.7517372475484342
apollo,11,4,0.00024583615020588775,0.0001159232124640638,15,-0.7517372475484342
worry,9,6,0.00020486345850490647,0.00016229249744968932,15,-0.2329434541332667
ave,4,11,0.00010243172925245323,0.0002782157099137531,15,0.9992002271593657
office,5,10,0.00012291807510294387,0.0002550310674209404,15,0.7298672933757815
mention,9,6,0.00020486345850490647,0.00016229249744968932,15,-0.2329434541332667
teen,11,4,0.00024583615020588775,0.0001159232124640638,15,-0.7517372475484342
test,11,4,0.00024583615020588775,0.0001159232124640638,15,-0.7517372475484342
unit,2,13,6.145903755147194e-05,0.00032458499489937864,15,1.6641765307526146
union,5,10,0.00012291807510294387,0.0002550310674209404,15,0.7298672933757815
ground,7,8,0.00016389076680392518,0.00020866178243531485,15,0.24151452546184907
career,15,0,0.00032778153360785037,2.318464249281276e-05,15,-2.6488572324343154
map,7,8,0.00016389076680392518,0.00020866178243531485,15,0.24151452546184907
cdt,0,15,2.0486345850490648e-05,0.00037095427988500417,15,2.896320212045247
geller,0,15,2.0486345850490648e-05,0.00037095427988500417,15,2.896320212045247
playlist,13,2,0.0002868088419068691,6.955392747843828e-05,15,-1.4167135511416833
japanese,4,11,0.00010243172925245323,0.0002782157099137531,15,0.9992002271593657
capture,4,11,0.00010243172925245323,0.0002782157099137531,15,0.9992002271593657
result,7,8,0.00016389076680392518,0.00020866178243531485,15,0.24151452546184907
drink,14,1,0.0003072951877573597,4.636928498562552e-05,15,-1.8911715307367991
super,13,2,0.0002868088419068691,6.955392747843828e-05,15,-1.4167135511416833
mile,5,10,0.00012291807510294387,0.0002550310674209404,15,0.7298672933757815
sport,11,4,0.00024583615020588775,0.0001159232124640638,15,-0.7517372475484342
tried,12,3,0.0002663224960563784,9.273856997125104e-05,15,-1.0549235065361804
sad,7,8,0.00016389076680392518,0.00020866178243531485,15,0.24151452546184907
investigating,3,12,8.194538340196259e-05,0.0003014003524065659,15,1.302386486147112
expected,4,11,0.00010243172925245323,0.0002782157099137531,15,0.9992002271593657
gas,3,12,8.194538340196259e-05,0.0003014003524065659,15,1.302386486147112
terror,1,14,4.0972691700981296e-05,0.00034776963739219143,15,2.1386345103477304
safety,6,9,0.00014340442095343454,0.0002318464249281276,15,0.480406433744198
court,10,5,0.00022534980435539713,0.00013910785495687656,15,-0.4824043137648499
dad,11,4,0.00024583615020588775,0.0001159232124640638,15,-0.7517372475484342
research,6,9,0.00014340442095343454,0.0002318464249281276,15,0.480406433744198
parent,7,8,0.00016389076680392518,0.00020866178243531485,15,0.24151452546184907
bitch,15,0,0.00032778153360785037,2.318464249281276e-05,15,-2.6488572324343154
bit,7,8,0.00016389076680392518,0.00020866178243531485,15,0.24151452546184907
wasnt,9,6,0.00020486345850490647,0.00016229249744968932,15,-0.2329434541332667
washington,3,12,8.194538340196259e-05,0.0003014003524065659,15,1.302386486147112
offroad,12,2,0.0002663224960563784,6.955392747843828e-05,14,-1.3426055789879612
crane,0,14,2.0486345850490648e-05,0.00034776963739219143,14,2.831781690907676
killing,2,12,6.145903755147194e-05,0.0003014003524065659,14,1.5900685585988927
deep,10,4,0.00022534980435539713,0.0001159232124640638,14,-0.6647258705588045
delivers,9,5,0.00020486345850490647,0.00013910785495687656,14,-0.3870941339605249
central,0,14,2.0486345850490648e-05,0.00034776963739219143,14,2.831781690907676
matter,9,5,0.00020486345850490647,0.00013910785495687656,14,-0.3870941339605249
taiwan,0,14,2.0486345850490648e-05,0.00034776963739219143,14,2.831781690907676
internet,10,4,0.00022534980435539713,0.0001159232124640638,14,-0.6647258705588045
pilot,1,13,4.0972691700981296e-05,0.00032458499489937864,14,2.069641638860779
recount,0,14,2.0486345850490648e-05,0.00034776963739219143,14,2.831781690907676
review,9,5,0.00020486345850490647,0.00013910785495687656,14,-0.3870941339605249
philippine,2,12,6.145903755147194e-05,0.0003014003524065659,14,1.5900685585988927
travel,8,6,0.00018437711265441583,0.00016229249744968932,14,-0.12758293847544036
small,7,7,0.00016389076680392518,0.00018547713994250208,14,0.12373148980546575
close,3,11,8.194538340196259e-05,0.0002782157099137531,14,1.2223437784735753
indian,3,11,8.194538340196259e-05,0.0002782157099137531,14,1.2223437784735753
glad,9,5,0.00020486345850490647,0.00013910785495687656,14,-0.3870941339605249
information,7,7,0.00016389076680392518,0.00018547713994250208,14,0.12373148980546575
crime,2,12,6.145903755147194e-05,0.0003014003524065659,14,1.5900685585988927
sitting,8,6,0.00018437711265441583,0.00016229249744968932,14,-0.12758293847544036
jonathan,4,10,0.00010243172925245323,0.0002550310674209404,14,0.912188850169736
marians,0,14,2.0486345850490648e-05,0.00034776963739219143,14,2.831781690907676
med,3,11,8.194538340196259e-05,0.0002782157099137531,14,1.2223437784735753
guide,11,3,0.00024583615020588775,9.273856997125104e-05,14,-0.9748807988626438
expect,3,11,8.194538340196259e-05,0.0002782157099137531,14,1.2223437784735753
occurred,9,5,0.00020486345850490647,0.00013910785495687656,14,-0.3870941339605249
alabama,1,13,4.0972691700981296e-05,0.00032458499489937864,14,2.069641638860779
islamic,2,12,6.145903755147194e-05,0.0003014003524065659,14,1.5900685585988927
interesting,9,5,0.00020486345850490647,0.00013910785495687656,14,-0.3870941339605249
falling,7,7,0.00016389076680392518,0.00018547713994250208,14,0.12373148980546575
record,4,10,0.00010243172925245323,0.0002550310674209404,14,0.912188850169736
planned,9,5,0.00020486345850490647,0.00013910785495687656,14,-0.3870941339605249
twelve,0,14,2.0486345850490648e-05,0.00034776963739219143,14,2.831781690907676
match,10,4,0.00022534980435539713,0.0001159232124640638,14,-0.6647258705588045
beat,12,2,0.0002663224960563784,6.955392747843828e-05,14,-1.3426055789879612
queen,11,3,0.00024583615020588775,9.273856997125104e-05,14,-0.9748807988626438
window,9,5,0.00020486345850490647,0.00013910785495687656,14,-0.3870941339605249
provoke,0,14,2.0486345850490648e-05,0.00034776963739219143,14,2.831781690907676
character,14,0,0.0003072951877573597,2.318464249281276e-05,14,-2.5843187112967443
walk,8,6,0.00018437711265441583,0.00016229249744968932,14,-0.12758293847544036
different,9,5,0.00020486345850490647,0.00013910785495687656,14,-0.3870941339605249
dr,7,7,0.00016389076680392518,0.00018547713994250208,14,0.12373148980546575
general,9,5,0.00020486345850490647,0.00013910785495687656,14,-0.3870941339605249
dy,3,11,8.194538340196259e-05,0.0002782157099137531,14,1.2223437784735753
wedding,13,1,0.0002868088419068691,4.636928498562552e-05,14,-1.8221786592498477
aba,9,5,0.00020486345850490647,0.00013910785495687656,14,-0.3870941339605249
weekend,11,3,0.00024583615020588775,9.273856997125104e-05,14,-0.9748807988626438
community,11,3,0.00024583615020588775,9.273856997125104e-05,14,-0.9748807988626438
prepare,6,8,0.00014340442095343454,0.00020866178243531485,14,0.3750459180863717
governor,3,11,8.194538340196259e-05,0.0002782157099137531,14,1.2223437784735753
cable,13,1,0.0002868088419068691,4.636928498562552e-05,14,-1.8221786592498477
standard,8,6,0.00018437711265441583,0.00016229249744968932,14,-0.12758293847544036
arent,13,1,0.0002868088419068691,4.636928498562552e-05,14,-1.8221786592498477
walking,9,4,0.00020486345850490647,0.0001159232124640638,13,-0.5694156907544795
gold,8,5,0.00018437711265441583,0.00013910785495687656,13,-0.28173361830269866
dc,7,6,0.00016389076680392518,0.00016229249744968932,13,-0.009799902819056924
killer,9,4,0.00020486345850490647,0.0001159232124640638,13,-0.5694156907544795
gone,8,5,0.00018437711265441583,0.00013910785495687656,13,-0.28173361830269866
glass,11,2,0.00024583615020588775,6.955392747843828e-05,13,-1.2625628713144248
soldier,3,10,8.194538340196259e-05,0.0002550310674209404,13,1.1353324014839457
sometimes,11,2,0.00024583615020588775,6.955392747843828e-05,13,-1.2625628713144248
etc,4,9,0.00010243172925245323,0.0002318464249281276,13,0.8168786703654111
silver,8,5,0.00018437711265441583,0.00013910785495687656,13,-0.28173361830269866
episode,10,3,0.00022534980435539713,9.273856997125104e-05,13,-0.8878694218730142
law,5,8,0.00012291807510294387,0.00020866178243531485,13,0.5291965979136303
friday,8,5,0.00018437711265441583,0.00013910785495687656,13,-0.28173361830269866
join,12,1,0.0002663224960563784,4.636928498562552e-05,13,-1.7480706870961258
buy,12,1,0.0002663224960563784,4.636928498562552e-05,13,-1.7480706870961258
version,11,2,0.00024583615020588775,6.955392747843828e-05,13,-1.2625628713144248
absolutely,11,2,0.00024583615020588775,6.955392747843828e-05,13,-1.2625628713144248
played,9,4,0.00020486345850490647,0.0001159232124640638,13,-0.5694156907544795
board,6,7,0.00014340442095343454,0.00018547713994250208,13,0.25726288242998835
internally,5,8,0.00012291807510294387,0.00020866178243531485,13,0.5291965979136303
suspected,1,12,4.0972691700981296e-05,0.0003014003524065659,13,1.9955336667070571
enugu,7,6,0.00016389076680392518,0.00016229249744968932,13,-0.009799902819056924
international,9,4,0.00020486345850490647,0.0001159232124640638,13,-0.5694156907544795
struggle,0,13,2.0486345850490648e-05,0.00032458499489937864,13,2.762788819420724
cold,9,4,0.00020486345850490647,0.0001159232124640638,13,-0.5694156907544795
short,8,5,0.00018437711265441583,0.00013910785495687656,13,-0.28173361830269866
happening,5,8,0.00012291807510294387,0.00020866178243531485,13,0.5291965979136303
using,5,8,0.00012291807510294387,0.00020866178243531485,13,0.5291965979136303
strong,3,10,8.194538340196259e-05,0.0002550310674209404,13,1.1353324014839457
hair,12,1,0.0002663224960563784,4.636928498562552e-05,13,-1.7480706870961258
happen,6,7,0.00014340442095343454,0.00018547713994250208,13,0.25726288242998835
double,9,4,0.00020486345850490647,0.0001159232124640638,13,-0.5694156907544795
sense,9,4,0.00020486345850490647,0.0001159232124640638,13,-0.5694156907544795
hasnt,10,3,0.00022534980435539713,9.273856997125104e-05,13,-0.8878694218730142
serious,2,11,6.145903755147194e-05,0.0002782157099137531,13,1.5100258509253563
rate,9,4,0.00020486345850490647,0.0001159232124640638,13,-0.5694156907544795
helping,5,8,0.00012291807510294387,0.00020866178243531485,13,0.5291965979136303
denver,2,11,6.145903755147194e-05,0.0002782157099137531,13,1.5100258509253563
block,11,2,0.00024583615020588775,6.955392747843828e-05,13,-1.2625628713144248
took,8,5,0.00018437711265441583,0.00013910785495687656,13,-0.28173361830269866
broke,12,1,0.0002663224960563784,4.636928498562552e-05,13,-1.7480706870961258
udhampur,0,13,2.0486345850490648e-05,0.00032458499489937864,13,2.762788819420724
sent,9,4,0.00020486345850490647,0.0001159232124640638,13,-0.5694156907544795
living,4,9,0.00010243172925245323,0.0002318464249281276,13,0.8168786703654111
ban,5,8,0.00012291807510294387,0.00020866178243531485,13,0.5291965979136303
brooklyn,5,8,0.00012291807510294387,0.00020866178243531485,13,0.5291965979136303
giving,9,4,0.00020486345850490647,0.0001159232124640638,13,-0.5694156907544795
saying,12,1,0.0002663224960563784,4.636928498562552e-05,13,-1.7480706870961258
mod,9,4,0.00020486345850490647,0.0001159232124640638,13,-0.5694156907544795
felt,6,7,0.00014340442095343454,0.00018547713994250208,13,0.25726288242998835
involving,8,5,0.00018437711265441583,0.00013910785495687656,13,-0.28173361830269866
dream,12,1,0.0002663224960563784,4.636928498562552e-05,13,-1.7480706870961258
text,12,1,0.0002663224960563784,4.636928498562552e-05,13,-1.7480706870961258
trump,10,3,0.00022534980435539713,9.273856997125104e-05,13,-0.8878694218730142
havent,11,2,0.00024583615020588775,6.955392747843828e-05,13,-1.2625628713144248
tear,10,3,0.00022534980435539713,9.273856997125104e-05,13,-0.8878694218730142
technology,12,1,0.0002663224960563784,4.636928498562552e-05,13,-1.7480706870961258
de,10,3,0.00022534980435539713,9.273856997125104e-05,13,-0.8878694218730142
single,9,4,0.00020486345850490647,0.0001159232124640638,13,-0.5694156907544795
funny,11,2,0.00024583615020588775,6.955392747843828e-05,13,-1.2625628713144248
vote,9,4,0.00020486345850490647,0.0001159232124640638,13,-0.5694156907544795
financial,9,4,0.00020486345850490647,0.0001159232124640638,13,-0.5694156907544795
metal,8,5,0.00018437711265441583,0.00013910785495687656,13,-0.28173361830269866
evening,7,6,0.00016389076680392518,0.00016229249744968932,13,-0.009799902819056924
sunday,7,6,0.00016389076680392518,0.00016229249744968932,13,-0.009799902819056924
lane,2,11,6.145903755147194e-05,0.0002782157099137531,13,1.5100258509253563
western,3,10,8.194538340196259e-05,0.0002550310674209404,13,1.1353324014839457
airline,0,13,2.0486345850490648e-05,0.00032458499489937864,13,2.762788819420724
loss,5,8,0.00012291807510294387,0.00020866178243531485,13,0.5291965979136303
faux,12,1,0.0002663224960563784,4.636928498562552e-05,13,-1.7480706870961258
return,3,10,8.194538340196259e-05,0.0002550310674209404,13,1.1353324014839457
response,4,9,0.00010243172925245323,0.0002318464249281276,13,0.8168786703654111
sun,10,3,0.00022534980435539713,9.273856997125104e-05,13,-0.8878694218730142
cameroon,1,12,4.0972691700981296e-05,0.0003014003524065659,13,1.9955336667070571
salt,8,5,0.00018437711265441583,0.00013910785495687656,13,-0.28173361830269866
press,10,3,0.00022534980435539713,9.273856997125104e-05,13,-0.8878694218730142
wrought,0,13,2.0486345850490648e-05,0.00032458499489937864,13,2.762788819420724
turkish,4,9,0.00010243172925245323,0.0002318464249281276,13,0.8168786703654111
canada,3,10,8.194538340196259e-05,0.0002550310674209404,13,1.1353324014839457
nice,12,1,0.0002663224960563784,4.636928498562552e-05,13,-1.7480706870961258
gop,10,3,0.00022534980435539713,9.273856997125104e-05,13,-0.8878694218730142
apc,4,9,0.00010243172925245323,0.0002318464249281276,13,0.8168786703654111
oklahoma,2,10,6.145903755147194e-05,0.0002550310674209404,12,1.4230144739357269
tho,8,4,0.00018437711265441583,0.0001159232124640638,12,-0.46405517509665334
together,10,2,0.00022534980435539713,6.955392747843828e-05,12,-1.175551494324795
price,7,5,0.00016389076680392518,0.00013910785495687656,12,-0.1639505826463153
pathogen,6,6,0.00014340442095343454,0.00016229249744968932,12,0.12373148980546556
build,9,3,0.00020486345850490647,9.273856997125104e-05,12,-0.7925592420686893
president,4,8,0.00010243172925245323,0.00020866178243531485,12,0.7115181547075848
paul,10,2,0.00022534980435539713,6.955392747843828e-05,12,-1.175551494324795
youll,10,2,0.00022534980435539713,6.955392747843828e-05,12,-1.175551494324795
petition,10,2,0.00022534980435539713,6.955392747843828e-05,12,-1.175551494324795
wish,10,2,0.00022534980435539713,6.955392747843828e-05,12,-1.175551494324795
stadium,2,10,6.145903755147194e-05,0.0002550310674209404,12,1.4230144739357269
anymore,8,4,0.00018437711265441583,0.0001159232124640638,12,-0.46405517509665334
louis,12,0,0.0002663224960563784,2.318464249281276e-05,12,-2.441217867656071
pas,7,5,0.00016389076680392518,0.00013910785495687656,12,-0.1639505826463153
wtf,7,5,0.00016389076680392518,0.00013910785495687656,12,-0.1639505826463153
africa,3,9,8.194538340196259e-05,0.0002318464249281276,12,1.0400222216796207
target,5,7,0.00012291807510294387,0.00018547713994250208,12,0.4114135622572468
agree,7,5,0.00016389076680392518,0.00013910785495687656,12,-0.1639505826463153
total,7,5,0.00016389076680392518,0.00013910785495687656,12,-0.1639505826463153
roosevelt,0,12,2.0486345850490648e-05,0.0003014003524065659,12,2.6886808472670025
feat,10,2,0.00022534980435539713,6.955392747843828e-05,12,-1.175551494324795
setting,4,8,0.00010243172925245323,0.00020866178243531485,12,0.7115181547075848
future,10,2,0.00022534980435539713,6.955392747843828e-05,12,-1.175551494324795
mind,9,3,0.00020486345850490647,9.273856997125104e-05,12,-0.7925592420686893
mix,8,4,0.00018437711265441583,0.0001159232124640638,12,-0.46405517509665334
republican,11,1,0.00024583615020588775,4.636928498562552e-05,12,-1.6680279794225892
special,8,4,0.00018437711265441583,0.0001159232124640638,12,-0.46405517509665334
wife,7,5,0.00016389076680392518,0.00013910785495687656,12,-0.1639505826463153
moving,2,10,6.145903755147194e-05,0.0002550310674209404,12,1.4230144739357269
search,4,8,0.00010243172925245323,0.00020866178243531485,12,0.7115181547075848
hurt,11,1,0.00024583615020588775,4.636928498562552e-05,12,-1.6680279794225892
plunging,0,12,2.0486345850490648e-05,0.0003014003524065659,12,2.6886808472670025
phoenix,6,6,0.00014340442095343454,0.00016229249744968932,12,0.12373148980546556
chicago,4,8,0.00010243172925245323,0.00020866178243531485,12,0.7115181547075848
specially,2,10,6.145903755147194e-05,0.0002550310674209404,12,1.4230144739357269
picture,6,6,0.00014340442095343454,0.00016229249744968932,12,0.12373148980546556
message,5,7,0.00012291807510294387,0.00018547713994250208,12,0.4114135622572468
sister,7,5,0.00016389076680392518,0.00013910785495687656,12,-0.1639505826463153
five,6,6,0.00014340442095343454,0.00016229249744968932,12,0.12373148980546556
rather,10,2,0.00022534980435539713,6.955392747843828e-05,12,-1.175551494324795
meet,7,5,0.00016389076680392518,0.00013910785495687656,12,-0.1639505826463153
sensorsenso,8,4,0.00018437711265441583,0.0001159232124640638,12,-0.46405517509665334
hill,3,9,8.194538340196259e-05,0.0002318464249281276,12,1.0400222216796207
nyc,4,8,0.00010243172925245323,0.00020866178243531485,12,0.7115181547075848
offer,8,4,0.00018437711265441583,0.0001159232124640638,12,-0.46405517509665334
shape,9,3,0.00020486345850490647,9.273856997125104e-05,12,-0.7925592420686893
population,5,7,0.00012291807510294387,0.00018547713994250208,12,0.4114135622572468
hold,10,2,0.00022534980435539713,6.955392747843828e-05,12,-1.175551494324795
program,6,6,0.00014340442095343454,0.00016229249744968932,12,0.12373148980546556
fighting,5,7,0.00012291807510294387,0.00018547713994250208,12,0.4114135622572468
purse,11,1,0.00024583615020588775,4.636928498562552e-05,12,-1.6680279794225892
metro,2,10,6.145903755147194e-05,0.0002550310674209404,12,1.4230144739357269
michael,10,2,0.00022534980435539713,6.955392747843828e-05,12,-1.175551494324795
saving,6,6,0.00014340442095343454,0.00016229249744968932,12,0.12373148980546556
training,4,8,0.00010243172925245323,0.00020866178243531485,12,0.7115181547075848
box,7,5,0.00016389076680392518,0.00013910785495687656,12,-0.1639505826463153
leader,4,8,0.00010243172925245323,0.00020866178243531485,12,0.7115181547075848
freak,3,9,8.194538340196259e-05,0.0002318464249281276,12,1.0400222216796207
linked,2,10,6.145903755147194e-05,0.0002550310674209404,12,1.4230144739357269
san,6,6,0.00014340442095343454,0.00016229249744968932,12,0.12373148980546556
industry,6,6,0.00014340442095343454,0.00016229249744968932,12,0.12373148980546556
smaug,11,1,0.00024583615020588775,4.636928498562552e-05,12,-1.6680279794225892
gay,10,2,0.00022534980435539713,6.955392747843828e-05,12,-1.175551494324795
allows,3,9,8.194538340196259e-05,0.0002318464249281276,12,1.0400222216796207
causing,7,5,0.00016389076680392518,0.00013910785495687656,12,-0.1639505826463153
tablet,10,2,0.00022534980435539713,6.955392747843828e-05,12,-1.175551494324795
player,9,3,0.00020486345850490647,9.273856997125104e-05,12,-0.7925592420686893
along,5,7,0.00012291807510294387,0.00018547713994250208,12,0.4114135622572468
forever,8,4,0.00018437711265441583,0.0001159232124640638,12,-0.46405517509665334
hospital,5,7,0.00012291807510294387,0.00018547713994250208,12,0.4114135622572468
pack,11,1,0.00024583615020588775,4.636928498562552e-05,12,-1.6680279794225892
kinda,9,3,0.00020486345850490647,9.273856997125104e-05,12,-0.7925592420686893
fully,6,6,0.00014340442095343454,0.00016229249744968932,12,0.12373148980546556
loved,9,2,0.00020486345850490647,6.955392747843828e-05,11,-1.0802413145204701
pile,10,1,0.00022534980435539713,4.636928498562552e-05,11,-1.5810166024329595
bay,3,8,8.194538340196259e-05,0.00020866178243531485,11,0.9346617060217944
false,5,6,0.00012291807510294387,0.00016229249744968932,11,0.2778821696327241
bear,10,1,0.00022534980435539713,4.636928498562552e-05,11,-1.5810166024329595
later,4,7,0.00010243172925245323,0.00018547713994250208,11,0.5937351190512012
prevent,8,3,0.00018437711265441583,9.273856997125104e-05,11,-0.6871987264108631
leaving,6,5,0.00014340442095343454,0.00013910785495687656,11,-0.030419190021792712
incident,0,11,2.0486345850490648e-05,0.0002782157099137531,11,2.608638139593466
among,6,5,0.00014340442095343454,0.00013910785495687656,11,-0.030419190021792712
destroys,0,11,2.0486345850490648e-05,0.0002782157099137531,11,2.608638139593466
pc,10,1,0.00022534980435539713,4.636928498562552e-05,11,-1.5810166024329595
express,0,11,2.0486345850490648e-05,0.0002782157099137531,11,2.608638139593466
lucky,11,0,0.00024583615020588775,2.318464249281276e-05,11,-2.3611751599825346
mine,7,4,0.00016389076680392518,0.0001159232124640638,11,-0.34627213944026985
beyond,10,1,0.00022534980435539713,4.636928498562552e-05,11,-1.5810166024329595
repatriated,1,10,4.0972691700981296e-05,0.0002550310674209404,11,1.828479582043891
modified,1,10,4.0972691700981296e-05,0.0002550310674209404,11,1.828479582043891
reading,9,2,0.00020486345850490647,6.955392747843828e-05,11,-1.0802413145204701
ask,9,2,0.00020486345850490647,6.955392747843828e-05,11,-1.0802413145204701
route,5,6,0.00012291807510294387,0.00016229249744968932,11,0.2778821696327241
round,9,2,0.00020486345850490647,6.955392747843828e-05,11,-1.0802413145204701
syrian,7,4,0.00016389076680392518,0.0001159232124640638,11,-0.34627213944026985
edm,11,0,0.00024583615020588775,2.318464249281276e-05,11,-2.3611751599825346
trent,3,8,8.194538340196259e-05,0.00020866178243531485,11,0.9346617060217944
chief,6,5,0.00014340442095343454,0.00013910785495687656,11,-0.030419190021792712
notice,5,6,0.00012291807510294387,0.00016229249744968932,11,0.2778821696327241
stuff,8,3,0.00018437711265441583,9.273856997125104e-05,11,-0.6871987264108631
ross,9,2,0.00020486345850490647,6.955392747843828e-05,11,-1.0802413145204701
complete,11,0,0.00024583615020588775,2.318464249281276e-05,11,-2.3611751599825346
gotta,8,3,0.00018437711265441583,9.273856997125104e-05,11,-0.6871987264108631
emmerdale,9,2,0.00020486345850490647,6.955392747843828e-05,11,-1.0802413145204701
fat,8,3,0.00018437711265441583,9.273856997125104e-05,11,-0.6871987264108631
cancer,4,7,0.00010243172925245323,0.00018547713994250208,11,0.5937351190512012
carrying,0,11,2.0486345850490648e-05,0.0002782157099137531,11,2.608638139593466
pdp,3,8,8.194538340196259e-05,0.00020866178243531485,11,0.9346617060217944
navy,7,4,0.00016389076680392518,0.0001159232124640638,11,-0.34627213944026985
ar,2,9,6.145903755147194e-05,0.0002318464249281276,11,1.327704294131402
cannot,6,5,0.00014340442095343454,0.00013910785495687656,11,-0.030419190021792712
stage,10,1,0.00022534980435539713,4.636928498562552e-05,11,-1.5810166024329595
usgs,1,10,4.0972691700981296e-05,0.0002550310674209404,11,1.828479582043891
earlier,7,4,0.00016389076680392518,0.0001159232124640638,11,-0.34627213944026985
operation,6,5,0.00014340442095343454,0.00013910785495687656,11,-0.030419190021792712
emotional,10,1,0.00022534980435539713,4.636928498562552e-05,11,-1.5810166024329595
kit,7,4,0.00016389076680392518,0.0001159232124640638,11,-0.34627213944026985
rocky,1,10,4.0972691700981296e-05,0.0002550310674209404,11,1.828479582043891
dan,7,4,0.00016389076680392518,0.0001159232124640638,11,-0.34627213944026985
worth,7,4,0.00016389076680392518,0.0001159232124640638,11,-0.34627213944026985
birthday,10,1,0.00022534980435539713,4.636928498562552e-05,11,-1.5810166024329595
common,9,2,0.00020486345850490647,6.955392747843828e-05,11,-1.0802413145204701
amazon,9,2,0.00020486345850490647,6.955392747843828e-05,11,-1.0802413145204701
system,5,6,0.00012291807510294387,0.00016229249744968932,11,0.2778821696327241
yall,9,2,0.00020486345850490647,6.955392747843828e-05,11,-1.0802413145204701
effort,6,5,0.00014340442095343454,0.00013910785495687656,11,-0.030419190021792712
drunk,6,5,0.00014340442095343454,0.00013910785495687656,11,-0.030419190021792712
happens,7,4,0.00016389076680392518,0.0001159232124640638,11,-0.34627213944026985
straight,10,1,0.00022534980435539713,4.636928498562552e-05,11,-1.5810166024329595
region,0,11,2.0486345850490648e-05,0.0002782157099137531,11,2.608638139593466
less,6,5,0.00014340442095343454,0.00013910785495687656,11,-0.030419190021792712
local,3,8,8.194538340196259e-05,0.00020866178243531485,11,0.9346617060217944
blocked,6,5,0.00014340442095343454,0.00013910785495687656,11,-0.030419190021792712
ocean,3,8,8.194538340196259e-05,0.00020866178243531485,11,0.9346617060217944
ny,5,6,0.00012291807510294387,0.00016229249744968932,11,0.2778821696327241
selfimage,9,2,0.00020486345850490647,6.955392747843828e-05,11,-1.0802413145204701
alive,7,4,0.00016389076680392518,0.0001159232124640638,11,-0.34627213944026985
ticket,11,0,0.00024583615020588775,2.318464249281276e-05,11,-2.3611751599825346
son,8,3,0.00018437711265441583,9.273856997125104e-05,11,-0.6871987264108631
football,9,2,0.00020486345850490647,6.955392747843828e-05,11,-1.0802413145204701
radiation,5,6,0.00012291807510294387,0.00016229249744968932,11,0.2778821696327241
hi,7,4,0.00016389076680392518,0.0001159232124640638,11,-0.34627213944026985
exchanging,0,11,2.0486345850490648e-05,0.0002782157099137531,11,2.608638139593466
structure,6,5,0.00014340442095343454,0.00013910785495687656,11,-0.030419190021792712
drone,2,9,6.145903755147194e-05,0.0002318464249281276,11,1.327704294131402
brought,9,2,0.00020486345850490647,6.955392747843828e-05,11,-1.0802413145204701
hawaii,0,10,2.0486345850490648e-05,0.0002550310674209404,10,2.5216267626038364
sh,0,10,2.0486345850490648e-05,0.0002550310674209404,10,2.5216267626038364
signed,7,3,0.00016389076680392518,9.273856997125104e-05,10,-0.5694156907544795
genocide,1,9,4.0972691700981296e-05,0.0002318464249281276,10,1.733169402239566
lose,8,2,0.00018437711265441583,6.955392747843828e-05,10,-0.974880798862644
according,6,4,0.00014340442095343454,0.0001159232124640638,10,-0.21274074681574728
afghanistan,2,8,6.145903755147194e-05,0.00020866178243531485,10,1.2223437784735756
wwii,3,7,8.194538340196259e-05,0.00018547713994250208,10,0.8168786703654111
yyc,0,10,2.0486345850490648e-05,0.0002550310674209404,10,2.5216267626038364
welcome,10,0,0.00022534980435539713,2.318464249281276e-05,10,-2.274163782992905
cruz,6,4,0.00014340442095343454,0.0001159232124640638,10,-0.21274074681574728
colour,9,1,0.00020486345850490647,4.636928498562552e-05,10,-1.4857064226286347
arm,6,4,0.00014340442095343454,0.0001159232124640638,10,-0.21274074681574728
apply,9,1,0.00020486345850490647,4.636928498562552e-05,10,-1.4857064226286347
ten,4,6,0.00010243172925245323,0.00016229249744968932,10,0.4602037264266786
tent,4,6,0.00010243172925245323,0.00016229249744968932,10,0.4602037264266786
condition,3,7,8.194538340196259e-05,0.00018547713994250208,10,0.8168786703654111
sismo,1,9,4.0972691700981296e-05,0.0002318464249281276,10,1.733169402239566
hobo,9,1,0.00020486345850490647,4.636928498562552e-05,10,-1.4857064226286347
waiting,6,4,0.00014340442095343454,0.0001159232124640638,10,-0.21274074681574728
seattle,5,5,0.00012291807510294387,0.00013910785495687656,10,0.12373148980546575
tension,3,7,8.194538340196259e-05,0.00018547713994250208,10,0.8168786703654111
remove,7,3,0.00016389076680392518,9.273856997125104e-05,10,-0.5694156907544795
hwy,0,10,2.0486345850490648e-05,0.0002550310674209404,10,2.5216267626038364
antioch,1,9,4.0972691700981296e-05,0.0002318464249281276,10,1.733169402239566
kick,8,2,0.00018437711265441583,6.955392747843828e-05,10,-0.974880798862644
extreme,6,4,0.00014340442095343454,0.0001159232124640638,10,-0.21274074681574728
woke,8,2,0.00018437711265441583,6.955392747843828e-05,10,-0.974880798862644
abandoned,2,8,6.145903755147194e-05,0.00020866178243531485,10,1.2223437784735756
promise,8,2,0.00018437711265441583,6.955392747843828e-05,10,-0.974880798862644
squad,3,7,8.194538340196259e-05,0.00018547713994250208,10,0.8168786703654111
extremely,7,3,0.00016389076680392518,9.273856997125104e-05,10,-0.5694156907544795
potential,3,7,8.194538340196259e-05,0.00018547713994250208,10,0.8168786703654111
pool,7,3,0.00016389076680392518,9.273856997125104e-05,10,-0.5694156907544795
quite,7,3,0.00016389076680392518,9.273856997125104e-05,10,-0.5694156907544795
rail,1,9,4.0972691700981296e-05,0.0002318464249281276,10,1.733169402239566
municipal,0,10,2.0486345850490648e-05,0.0002550310674209404,10,2.5216267626038364
main,1,9,4.0972691700981296e-05,0.0002318464249281276,10,1.733169402239566
step,8,2,0.00018437711265441583,6.955392747843828e-05,10,-0.974880798862644
examining,0,10,2.0486345850490648e-05,0.0002550310674209404,10,2.5216267626038364
bell,5,5,0.00012291807510294387,0.00013910785495687656,10,0.12373148980546575
repair,3,7,8.194538340196259e-05,0.00018547713994250208,10,0.8168786703654111
grows,0,10,2.0486345850490648e-05,0.0002550310674209404,10,2.5216267626038364
equipment,6,4,0.00014340442095343454,0.0001159232124640638,10,-0.21274074681574728
jeb,10,0,0.00022534980435539713,2.318464249281276e-05,10,-2.274163782992905
hello,7,3,0.00016389076680392518,9.273856997125104e-05,10,-0.5694156907544795
brain,9,1,0.00020486345850490647,4.636928498562552e-05,10,-1.4857064226286347
mediterranean,0,10,2.0486345850490648e-05,0.0002550310674209404,10,2.5216267626038364
fleet,8,2,0.00018437711265441583,6.955392747843828e-05,10,-0.974880798862644
politics,3,7,8.194538340196259e-05,0.00018547713994250208,10,0.8168786703654111
coffee,6,4,0.00014340442095343454,0.0001159232124640638,10,-0.21274074681574728
blow,4,6,0.00010243172925245323,0.00016229249744968932,10,0.4602037264266786
interview,8,2,0.00018437711265441583,6.955392747843828e-05,10,-0.974880798862644
browser,8,2,0.00018437711265441583,6.955392747843828e-05,10,-0.974880798862644
feminist,9,1,0.00020486345850490647,4.636928498562552e-05,10,-1.4857064226286347
quote,9,1,0.00020486345850490647,4.636928498562552e-05,10,-1.4857064226286347
spaceship,0,10,2.0486345850490648e-05,0.0002550310674209404,10,2.5216267626038364
choice,10,0,0.00022534980435539713,2.318464249281276e-05,10,-2.274163782992905
grill,9,1,0.00020486345850490647,4.636928498562552e-05,10,-1.4857064226286347
shall,10,0,0.00022534980435539713,2.318464249281276e-05,10,-2.274163782992905
either,9,1,0.00020486345850490647,4.636928498562552e-05,10,-1.4857064226286347
cinema,3,7,8.194538340196259e-05,0.00018547713994250208,10,0.8168786703654111
usually,6,4,0.00014340442095343454,0.0001159232124640638,10,-0.21274074681574728
degree,3,7,8.194538340196259e-05,0.00018547713994250208,10,0.8168786703654111
pop,10,0,0.00022534980435539713,2.318464249281276e-05,10,-2.274163782992905
french,1,9,4.0972691700981296e-05,0.0002318464249281276,10,1.733169402239566
tired,9,1,0.00020486345850490647,4.636928498562552e-05,10,-1.4857064226286347
sit,9,1,0.00020486345850490647,4.636928498562552e-05,10,-1.4857064226286347
upset,4,6,0.00010243172925245323,0.00016229249744968932,10,0.4602037264266786
gm,7,3,0.00016389076680392518,9.273856997125104e-05,10,-0.5694156907544795
avoid,4,6,0.00010243172925245323,0.00016229249744968932,10,0.4602037264266786
ft,5,5,0.00012291807510294387,0.00013910785495687656,10,0.12373148980546575
follower,8,2,0.00018437711265441583,6.955392747843828e-05,10,-0.974880798862644
seems,5,5,0.00012291807510294387,0.00013910785495687656,10,0.12373148980546575
understand,7,3,0.00016389076680392518,9.273856997125104e-05,10,-0.5694156907544795
late,5,5,0.00012291807510294387,0.00013910785495687656,10,0.12373148980546575
ep,7,3,0.00016389076680392518,9.273856997125104e-05,10,-0.5694156907544795
imagine,6,4,0.00014340442095343454,0.0001159232124640638,10,-0.21274074681574728
veteran,6,4,0.00014340442095343454,0.0001159232124640638,10,-0.21274074681574728
stream,7,3,0.00016389076680392518,9.273856997125104e-05,10,-0.5694156907544795
based,7,3,0.00016389076680392518,9.273856997125104e-05,10,-0.5694156907544795
nc,1,9,4.0972691700981296e-05,0.0002318464249281276,10,1.733169402239566
social,8,2,0.00018437711265441583,6.955392747843828e-05,10,-0.974880798862644
snow,4,6,0.00010243172925245323,0.00016229249744968932,10,0.4602037264266786
sleeping,9,1,0.00020486345850490647,4.636928498562552e-05,10,-1.4857064226286347
broken,6,4,0.00014340442095343454,0.0001159232124640638,10,-0.21274074681574728
el,3,7,8.194538340196259e-05,0.00018547713994250208,10,0.8168786703654111
talking,6,4,0.00014340442095343454,0.0001159232124640638,10,-0.21274074681574728
perfect,8,2,0.00018437711265441583,6.955392747843828e-05,10,-0.974880798862644
rip,6,4,0.00014340442095343454,0.0001159232124640638,10,-0.21274074681574728
yesterday,6,4,0.00014340442095343454,0.0001159232124640638,10,-0.21274074681574728
currently,4,6,0.00010243172925245323,0.00016229249744968932,10,0.4602037264266786
yo,8,2,0.00018437711265441583,6.955392747843828e-05,10,-0.974880798862644
able,7,3,0.00016389076680392518,9.273856997125104e-05,10,-0.5694156907544795
dangerous,7,3,0.00016389076680392518,9.273856997125104e-05,10,-0.5694156907544795
damaged,2,8,6.145903755147194e-05,0.00020866178243531485,10,1.2223437784735756
bin,1,9,4.0972691700981296e-05,0.0002318464249281276,10,1.733169402239566
combo,9,1,0.00020486345850490647,4.636928498562552e-05,10,-1.4857064226286347
percent,5,4,0.00012291807510294387,0.0001159232124640638,9,-0.05859006698848883
rn,7,2,0.00016389076680392518,6.955392747843828e-05,9,-0.8570977632062606
knee,5,4,0.00012291807510294387,0.0001159232124640638,9,-0.05859006698848883
kindle,9,0,0.00020486345850490647,2.318464249281276e-05,9,-2.17885360318858
create,5,4,0.00012291807510294387,0.0001159232124640638,9,-0.05859006698848883
da,8,1,0.00018437711265441583,4.636928498562552e-05,9,-1.3803459069708084
abstorm,0,9,2.0486345850490648e-05,0.0002318464249281276,9,2.4263165827995112
allah,3,6,8.194538340196259e-05,0.00016229249744968932,9,0.6833472777408884
loving,6,3,0.00014340442095343454,9.273856997125104e-05,9,-0.435884298129957
user,3,6,8.194538340196259e-05,0.00016229249744968932,9,0.6833472777408884
weird,6,3,0.00014340442095343454,9.273856997125104e-05,9,-0.435884298129957
loose,6,3,0.00014340442095343454,9.273856997125104e-05,9,-0.435884298129957
canyon,0,9,2.0486345850490648e-05,0.0002318464249281276,9,2.4263165827995112
ww,8,1,0.00018437711265441583,4.636928498562552e-05,9,-1.3803459069708084
ceo,8,1,0.00018437711265441583,4.636928498562552e-05,9,-1.3803459069708084
tank,5,4,0.00012291807510294387,0.0001159232124640638,9,-0.05859006698848883
angel,7,2,0.00016389076680392518,6.955392747843828e-05,9,-0.8570977632062606
joe,8,1,0.00018437711265441583,4.636928498562552e-05,9,-1.3803459069708084
john,5,4,0.00012291807510294387,0.0001159232124640638,9,-0.05859006698848883
fund,3,6,8.194538340196259e-05,0.00016229249744968932,9,0.6833472777408884
fuel,3,6,8.194538340196259e-05,0.00016229249744968932,9,0.6833472777408884
relief,2,7,6.145903755147194e-05,0.00018547713994250208,9,1.1045607428171922
list,7,2,0.00016389076680392518,6.955392747843828e-05,9,-0.8570977632062606
lil,8,1,0.00018437711265441583,4.636928498562552e-05,9,-1.3803459069708084
limited,9,0,0.00020486345850490647,2.318464249281276e-05,9,-2.17885360318858
lion,4,5,0.00010243172925245323,0.00013910785495687656,9,0.3060530465994204
related,1,8,4.0972691700981296e-05,0.00020866178243531485,9,1.6278088865817397
sir,4,5,0.00010243172925245323,0.00013910785495687656,9,0.3060530465994204
goal,7,2,0.00016389076680392518,6.955392747843828e-05,9,-0.8570977632062606
asked,8,1,0.00018437711265441583,4.636928498562552e-05,9,-1.3803459069708084
highway,1,8,4.0972691700981296e-05,0.00020866178243531485,9,1.6278088865817397
hilarious,9,0,0.00020486345850490647,2.318464249281276e-05,9,-2.17885360318858
forecast,1,8,4.0972691700981296e-05,0.00020866178243531485,9,1.6278088865817397
forget,2,7,6.145903755147194e-05,0.00018547713994250208,9,1.1045607428171922
florida,5,4,0.00012291807510294387,0.0001159232124640638,9,-0.05859006698848883
careful,6,3,0.00014340442095343454,9.273856997125104e-05,9,-0.435884298129957
manchester,0,9,2.0486345850490648e-05,0.0002318464249281276,9,2.4263165827995112
meeting,4,5,0.00010243172925245323,0.00013910785495687656,9,0.3060530465994204
seriously,7,2,0.00016389076680392518,6.955392747843828e-05,9,-0.8570977632062606
iraq,1,8,4.0972691700981296e-05,0.00020866178243531485,9,1.6278088865817397
directioners,8,1,0.00018437711265441583,4.636928498562552e-05,9,-1.3803459069708084
honestly,6,3,0.00014340442095343454,9.273856997125104e-05,9,-0.435884298129957
sensor,8,1,0.00018437711265441583,4.636928498562552e-05,9,-1.3803459069708084
voice,7,2,0.00016389076680392518,6.955392747843828e-05,9,-0.8570977632062606
visit,2,7,6.145903755147194e-05,0.00018547713994250208,9,1.1045607428171922
floor,8,1,0.00018437711265441583,4.636928498562552e-05,9,-1.3803459069708084
quickly,3,6,8.194538340196259e-05,0.00016229249744968932,9,0.6833472777408884
pull,3,6,8.194538340196259e-05,0.00016229249744968932,9,0.6833472777408884
fine,4,5,0.00010243172925245323,0.00013910785495687656,9,0.3060530465994204
spos,0,9,2.0486345850490648e-05,0.0002318464249281276,9,2.4263165827995112
mary,9,0,0.00020486345850490647,2.318464249281276e-05,9,-2.17885360318858
opening,9,0,0.00020486345850490647,2.318464249281276e-05,9,-2.17885360318858
option,7,2,0.00016389076680392518,6.955392747843828e-05,9,-0.8570977632062606
confirms,0,9,2.0486345850490648e-05,0.0002318464249281276,9,2.4263165827995112
decision,5,4,0.00012291807510294387,0.0001159232124640638,9,-0.05859006698848883
deadly,2,7,6.145903755147194e-05,0.00018547713994250208,9,1.1045607428171922
debate,8,1,0.00018437711265441583,4.636928498562552e-05,9,-1.3803459069708084
daughter,5,4,0.00012291807510294387,0.0001159232124640638,9,-0.05859006698848883
david,7,2,0.00016389076680392518,6.955392747843828e-05,9,-0.8570977632062606
design,7,2,0.00016389076680392518,6.955392747843828e-05,9,-0.8570977632062606
bb,8,1,0.00018437711265441583,4.636928498562552e-05,9,-1.3803459069708084
budget,2,7,6.145903755147194e-05,0.00018547713994250208,9,1.1045607428171922
fantasy,9,0,0.00020486345850490647,2.318464249281276e-05,9,-2.17885360318858
humanity,3,6,8.194538340196259e-05,0.00016229249744968932,9,0.6833472777408884
hobbit,9,0,0.00020486345850490647,2.318464249281276e-05,9,-2.17885360318858
seat,8,1,0.00018437711265441583,4.636928498562552e-05,9,-1.3803459069708084
completely,7,2,0.00016389076680392518,6.955392747843828e-05,9,-0.8570977632062606
dozen,0,9,2.0486345850490648e-05,0.0002318464249281276,9,2.4263165827995112
totaling,8,1,0.00018437711265441583,4.636928498562552e-05,9,-1.3803459069708084
laden,1,8,4.0972691700981296e-05,0.00020866178243531485,9,1.6278088865817397
hunt,4,5,0.00010243172925245323,0.00013910785495687656,9,0.3060530465994204
tram,0,9,2.0486345850490648e-05,0.0002318464249281276,9,2.4263165827995112
trfc,2,7,6.145903755147194e-05,0.00018547713994250208,9,1.1045607428171922
irandeal,5,4,0.00012291807510294387,0.0001159232124640638,9,-0.05859006698848883
worker,4,5,0.00010243172925245323,0.00013910785495687656,9,0.3060530465994204
none,7,2,0.00016389076680392518,6.955392747843828e-05,9,-0.8570977632062606
worldnews,0,9,2.0486345850490648e-05,0.0002318464249281276,9,2.4263165827995112
feed,7,2,0.00016389076680392518,6.955392747843828e-05,9,-0.8570977632062606
mumbai,0,9,2.0486345850490648e-05,0.0002318464249281276,9,2.4263165827995112
project,4,5,0.00010243172925245323,0.00013910785495687656,9,0.3060530465994204
arrived,7,2,0.00016389076680392518,6.955392747843828e-05,9,-0.8570977632062606
stopped,5,4,0.00012291807510294387,0.0001159232124640638,9,-0.05859006698848883
science,1,8,4.0972691700981296e-05,0.00020866178243531485,9,1.6278088865817397
bicyclist,0,9,2.0486345850490648e-05,0.0002318464249281276,9,2.4263165827995112
bet,8,1,0.00018437711265441583,4.636928498562552e-05,9,-1.3803459069708084
began,4,5,0.00010243172925245323,0.00013910785495687656,9,0.3060530465994204
minister,3,6,8.194538340196259e-05,0.00016229249744968932,9,0.6833472777408884
min,6,3,0.00014340442095343454,9.273856997125104e-05,9,-0.435884298129957
exit,3,6,8.194538340196259e-05,0.00016229249744968932,9,0.6833472777408884
situation,1,8,4.0972691700981296e-05,0.00020866178243531485,9,1.6278088865817397
hearing,4,5,0.00010243172925245323,0.00013910785495687656,9,0.3060530465994204
shouldnt,8,1,0.00018437711265441583,4.636928498562552e-05,9,-1.3803459069708084
shower,8,1,0.00018437711265441583,4.636928498562552e-05,9,-1.3803459069708084
shut,3,6,8.194538340196259e-05,0.00016229249744968932,9,0.6833472777408884
shoe,6,3,0.00014340442095343454,9.273856997125104e-05,9,-0.435884298129957
england,5,4,0.00012291807510294387,0.0001159232124640638,9,-0.05859006698848883
sub,8,1,0.00018437711265441583,4.636928498562552e-05,9,-1.3803459069708084
church,4,5,0.00010243172925245323,0.00013910785495687656,9,0.3060530465994204
sw,5,4,0.00012291807510294387,0.0001159232124640638,9,-0.05859006698848883
supposed,6,3,0.00014340442095343454,9.273856997125104e-05,9,-0.435884298129957
drug,5,4,0.00012291807510294387,0.0001159232124640638,9,-0.05859006698848883
inundation,8,1,0.00018437711265441583,4.636928498562552e-05,9,-1.3803459069708084
sale,9,0,0.00020486345850490647,2.318464249281276e-05,9,-2.17885360318858
economy,6,3,0.00014340442095343454,9.273856997125104e-05,9,-0.435884298129957
legacy,1,8,4.0972691700981296e-05,0.00020866178243531485,9,1.6278088865817397
inch,8,1,0.00018437711265441583,4.636928498562552e-05,9,-1.3803459069708084
leading,4,5,0.00010243172925245323,0.00013910785495687656,9,0.3060530465994204
screen,9,0,0.00020486345850490647,2.318464249281276e-05,9,-2.17885360318858
battlefield,6,3,0.00014340442095343454,9.273856997125104e-05,9,-0.435884298129957
tribal,6,3,0.00014340442095343454,9.273856997125104e-05,9,-0.435884298129957
everywhere,5,4,0.00012291807510294387,0.0001159232124640638,9,-0.05859006698848883
estimate,1,8,4.0972691700981296e-05,0.00020866178243531485,9,1.6278088865817397
epicentre,9,0,0.00020486345850490647,2.318464249281276e-05,9,-2.17885360318858
satellite,1,8,4.0972691700981296e-05,0.00020866178243531485,9,1.6278088865817397
dying,6,3,0.00014340442095343454,9.273856997125104e-05,9,-0.435884298129957
preparedness,4,5,0.00010243172925245323,0.00013910785495687656,9,0.3060530465994204
pressure,6,3,0.00014340442095343454,9.273856997125104e-05,9,-0.435884298129957
practice,8,1,0.00018437711265441583,4.636928498562552e-05,9,-1.3803459069708084
app,3,6,8.194538340196259e-05,0.00016229249744968932,9,0.6833472777408884
apartment,3,6,8.194538340196259e-05,0.00016229249744968932,9,0.6833472777408884
motorcyclist,0,9,2.0486345850490648e-05,0.0002318464249281276,9,2.4263165827995112
georgia,1,8,4.0972691700981296e-05,0.00020866178243531485,9,1.6278088865817397
gov,4,5,0.00010243172925245323,0.00013910785495687656,9,0.3060530465994204
cook,8,1,0.00018437711265441583,4.636928498562552e-05,9,-1.3803459069708084
criminal,3,6,8.194538340196259e-05,0.00016229249744968932,9,0.6833472777408884
tip,6,3,0.00014340442095343454,9.273856997125104e-05,9,-0.435884298129957
continue,2,7,6.145903755147194e-05,0.00018547713994250208,9,1.1045607428171922
dark,7,2,0.00016389076680392518,6.955392747843828e-05,9,-0.8570977632062606
outlook,2,7,6.145903755147194e-05,0.00018547713994250208,9,1.1045607428171922
original,8,1,0.00018437711265441583,4.636928498562552e-05,9,-1.3803459069708084
age,7,1,0.00016389076680392518,4.636928498562552e-05,8,-1.2625628713144248
writing,7,1,0.00016389076680392518,4.636928498562552e-05,8,-1.2625628713144248
afternoon,0,8,2.0486345850490648e-05,0.00020866178243531485,8,2.320956067141685
warship,3,5,8.194538340196259e-05,0.00013910785495687656,8,0.52919659791363
adult,6,2,0.00014340442095343454,6.955392747843828e-05,8,-0.723566370581738
advisory,0,8,2.0486345850490648e-05,0.00020866178243531485,8,2.320956067141685
af,5,3,0.00012291807510294387,9.273856997125104e-05,8,-0.28173361830269855
knew,6,2,0.00014340442095343454,6.955392747843828e-05,8,-0.723566370581738
blog,5,3,0.00012291807510294387,9.273856997125104e-05,8,-0.28173361830269855
jet,1,7,4.0972691700981296e-05,0.00018547713994250208,8,1.5100258509253563
tonto,5,3,0.00012291807510294387,9.273856997125104e-05,8,-0.28173361830269855
wa,2,6,6.145903755147194e-05,0.00016229249744968932,8,0.9710293501926694
sadly,4,4,0.00010243172925245323,0.0001159232124640638,8,0.12373148980546575
safe,3,5,8.194538340196259e-05,0.00013910785495687656,8,0.52919659791363
concerned,4,4,0.00010243172925245323,0.0001159232124640638,8,0.12373148980546575
toilet,5,3,0.00012291807510294387,9.273856997125104e-05,8,-0.28173361830269855
delay,1,7,4.0972691700981296e-05,0.00018547713994250208,8,1.5100258509253563
al,5,3,0.00012291807510294387,9.273856997125104e-05,8,-0.28173361830269855
nursing,6,2,0.00014340442095343454,6.955392747843828e-05,8,-0.723566370581738
disco,8,0,0.00018437711265441583,2.318464249281276e-05,8,-2.073493087530754
dollar,5,3,0.00012291807510294387,9.273856997125104e-05,8,-0.28173361830269855
dnb,8,0,0.00018437711265441583,2.318464249281276e-05,8,-2.073493087530754
document,2,6,6.145903755147194e-05,0.00016229249744968932,8,0.9710293501926694
concern,4,4,0.00010243172925245323,0.0001159232124640638,8,0.12373148980546575
lifted,1,7,4.0972691700981296e-05,0.00018547713994250208,8,1.5100258509253563
simple,5,3,0.00012291807510294387,9.273856997125104e-05,8,-0.28173361830269855
unless,8,0,0.00018437711265441583,2.318464249281276e-05,8,-2.073493087530754
reduce,2,6,6.145903755147194e-05,0.00016229249744968932,8,0.9710293501926694
massive,3,5,8.194538340196259e-05,0.00013910785495687656,8,0.52919659791363
avoiding,1,7,4.0972691700981296e-05,0.00018547713994250208,8,1.5100258509253563
bank,3,5,8.194538340196259e-05,0.00013910785495687656,8,0.52919659791363
malaysian,0,8,2.0486345850490648e-05,0.00020866178243531485,8,2.320956067141685
recall,2,6,6.145903755147194e-05,0.00016229249744968932,8,0.9710293501926694
rea,7,1,0.00016389076680392518,4.636928498562552e-05,8,-1.2625628713144248
burst,3,5,8.194538340196259e-05,0.00013910785495687656,8,0.52919659791363
root,7,1,0.00016389076680392518,4.636928498562552e-05,8,-1.2625628713144248
jam,5,3,0.00012291807510294387,9.273856997125104e-05,8,-0.28173361830269855
rubber,6,2,0.00014340442095343454,6.955392747843828e-05,8,-0.723566370581738
drop,5,3,0.00012291807510294387,9.273856997125104e-05,8,-0.28173361830269855
dropped,2,6,6.145903755147194e-05,0.00016229249744968932,8,0.9710293501926694
drill,4,4,0.00010243172925245323,0.0001159232124640638,8,0.12373148980546575
drinking,6,2,0.00014340442095343454,6.955392747843828e-05,8,-0.723566370581738
kombat,8,0,0.00018437711265441583,2.318464249281276e-05,8,-2.073493087530754
ridge,0,8,2.0486345850490648e-05,0.00020866178243531485,8,2.320956067141685
portland,2,6,6.145903755147194e-05,0.00016229249744968932,8,0.9710293501926694
cloud,5,3,0.00012291807510294387,9.273856997125104e-05,8,-0.28173361830269855
edt,0,8,2.0486345850490648e-05,0.00020866178243531485,8,2.320956067141685
stupid,4,4,0.00010243172925245323,0.0001159232124640638,8,0.12373148980546575
fog,7,1,0.00016389076680392518,4.636928498562552e-05,8,-1.2625628713144248
here,4,4,0.00010243172925245323,0.0001159232124640638,8,0.12373148980546575
held,4,4,0.00010243172925245323,0.0001159232124640638,8,0.12373148980546575
capsizes,0,8,2.0486345850490648e-05,0.00020866178243531485,8,2.320956067141685
source,3,5,8.194538340196259e-05,0.00013910785495687656,8,0.52919659791363
forced,2,6,6.145903755147194e-05,0.00016229249744968932,8,0.9710293501926694
md,1,7,4.0972691700981296e-05,0.00018547713994250208,8,1.5100258509253563
mayan,7,1,0.00016389076680392518,4.636928498562552e-05,8,-1.2625628713144248
mediterran,0,8,2.0486345850490648e-05,0.00020866178243531485,8,2.320956067141685
fruit,6,2,0.00014340442095343454,6.955392747843828e-05,8,-0.723566370581738
card,7,1,0.00016389076680392518,4.636928498562552e-05,8,-1.2625628713144248
twice,6,2,0.00014340442095343454,6.955392747843828e-05,8,-0.723566370581738
twin,5,3,0.00012291807510294387,9.273856997125104e-05,8,-0.28173361830269855
catch,3,5,8.194538340196259e-05,0.00013910785495687656,8,0.52919659791363
type,7,1,0.00016389076680392518,4.636928498562552e-05,8,-1.2625628713144248
invoice,7,1,0.00016389076680392518,4.636928498562552e-05,8,-1.2625628713144248
dubstep,7,1,0.00016389076680392518,4.636928498562552e-05,8,-1.2625628713144248
township,1,7,4.0972691700981296e-05,0.00018547713994250208,8,1.5100258509253563
including,2,6,6.145903755147194e-05,0.00016229249744968932,8,0.9710293501926694
inner,4,4,0.00010243172925245323,0.0001159232124640638,8,0.12373148980546575
saturday,7,1,0.00016389076680392518,4.636928498562552e-05,8,-1.2625628713144248
nation,4,4,0.00010243172925245323,0.0001159232124640638,8,0.12373148980546575
nature,4,4,0.00010243172925245323,0.0001159232124640638,8,0.12373148980546575
approach,0,8,2.0486345850490648e-05,0.00020866178243531485,8,2.320956067141685
arabia,0,8,2.0486345850490648e-05,0.00020866178243531485,8,2.320956067141685
apparently,5,3,0.00012291807510294387,9.273856997125104e-05,8,-0.28173361830269855
learning,0,8,2.0486345850490648e-05,0.00020866178243531485,8,2.320956067141685
indeed,6,2,0.00014340442095343454,6.955392747843828e-05,8,-0.723566370581738
economic,4,4,0.00010243172925245323,0.0001159232124640638,8,0.12373148980546575
easy,8,0,0.00018437711265441583,2.318464249281276e-05,8,-2.073493087530754
nah,6,2,0.00014340442095343454,6.955392747843828e-05,8,-0.723566370581738
bruh,7,1,0.00016389076680392518,4.636928498562552e-05,8,-1.2625628713144248
bringing,5,3,0.00012291807510294387,9.273856997125104e-05,8,-0.28173361830269855
bro,6,2,0.00014340442095343454,6.955392747843828e-05,8,-0.723566370581738
vine,6,2,0.00014340442095343454,6.955392747843828e-05,8,-0.723566370581738
hwo,1,7,4.0972691700981296e-05,0.00018547713994250208,8,1.5100258509253563
stealing,3,5,8.194538340196259e-05,0.00013910785495687656,8,0.52919659791363
aussie,6,2,0.00014340442095343454,6.955392747843828e-05,8,-0.723566370581738
australian,3,5,8.194538340196259e-05,0.00013910785495687656,8,0.52919659791363
final,5,3,0.00012291807510294387,9.273856997125104e-05,8,-0.28173361830269855
charge,2,6,6.145903755147194e-05,0.00016229249744968932,8,0.9710293501926694
somebody,8,0,0.00018437711265441583,2.318464249281276e-05,8,-2.073493087530754
tropical,0,8,2.0486345850490648e-05,0.00020866178243531485,8,2.320956067141685
pussy,7,1,0.00016389076680392518,4.636928498562552e-05,8,-1.2625628713144248
putin,3,5,8.194538340196259e-05,0.00013910785495687656,8,0.52919659791363
finger,7,1,0.00016389076680392518,4.636928498562552e-05,8,-1.2625628713144248
spirit,7,1,0.00016389076680392518,4.636928498562552e-05,8,-1.2625628713144248
spent,6,2,0.00014340442095343454,6.955392747843828e-05,8,-0.723566370581738
wing,0,8,2.0486345850490648e-05,0.00020866178243531485,8,2.320956067141685
trip,6,2,0.00014340442095343454,6.955392747843828e-05,8,-0.723566370581738
bought,5,3,0.00012291807510294387,9.273856997125104e-05,8,-0.28173361830269855
bout,5,3,0.00012291807510294387,9.273856997125104e-05,8,-0.28173361830269855
resident,0,8,2.0486345850490648e-05,0.00020866178243531485,8,2.320956067141685
enemy,5,3,0.00012291807510294387,9.273856997125104e-05,8,-0.28173361830269855
epic,5,3,0.00012291807510294387,9.273856997125104e-05,8,-0.28173361830269855
trial,3,5,8.194538340196259e-05,0.00013910785495687656,8,0.52919659791363
moved,5,3,0.00012291807510294387,9.273856997125104e-05,8,-0.28173361830269855
except,5,3,0.00012291807510294387,9.273856997125104e-05,8,-0.28173361830269855
experience,8,0,0.00018437711265441583,2.318464249281276e-05,8,-2.073493087530754
strategy,2,6,6.145903755147194e-05,0.00016229249744968932,8,0.9710293501926694
impact,5,3,0.00012291807510294387,9.273856997125104e-05,8,-0.28173361830269855
illegal,5,3,0.00012291807510294387,9.273856997125104e-05,8,-0.28173361830269855
idp,3,5,8.194538340196259e-05,0.00013910785495687656,8,0.52919659791363
stone,8,0,0.00018437711265441583,2.318464249281276e-05,8,-2.073493087530754
store,5,3,0.00012291807510294387,9.273856997125104e-05,8,-0.28173361830269855
steve,6,2,0.00014340442095343454,6.955392747843828e-05,8,-0.723566370581738
replace,6,2,0.00014340442095343454,6.955392747843828e-05,8,-0.723566370581738
watched,7,1,0.00016389076680392518,4.636928498562552e-05,8,-1.2625628713144248
beyhive,8,0,0.00018437711265441583,2.318464249281276e-05,8,-2.073493087530754
beyonce,8,0,0.00018437711265441583,2.318464249281276e-05,8,-2.073493087530754
ben,5,3,0.00012291807510294387,9.273856997125104e-05,8,-0.28173361830269855
mini,6,2,0.00014340442095343454,6.955392747843828e-05,8,-0.723566370581738
exploration,3,5,8.194538340196259e-05,0.00013910785495687656,8,0.52919659791363
protest,3,5,8.194538340196259e-05,0.00013910785495687656,8,0.52919659791363
mortal,8,0,0.00018437711265441583,2.318464249281276e-05,8,-2.073493087530754
faan,1,7,4.0972691700981296e-05,0.00018547713994250208,8,1.5100258509253563
facebook,8,0,0.00018437711265441583,2.318464249281276e-05,8,-2.073493087530754
charity,6,2,0.00014340442095343454,6.955392747843828e-05,8,-0.723566370581738
crap,7,1,0.00016389076680392518,4.636928498562552e-05,8,-1.2625628713144248
cyclist,3,5,8.194538340196259e-05,0.00013910785495687656,8,0.52919659791363
plus,3,5,8.194538340196259e-05,0.00013910785495687656,8,0.52919659791363
onto,0,8,2.0486345850490648e-05,0.00020866178243531485,8,2.320956067141685
continues,1,7,4.0972691700981296e-05,0.00018547713994250208,8,1.5100258509253563
tax,4,4,0.00010243172925245323,0.0001159232124640638,8,0.12373148980546575
tech,5,3,0.00012291807510294387,9.273856997125104e-05,8,-0.28173361830269855
tcot,4,4,0.00010243172925245323,0.0001159232124640638,8,0.12373148980546575
conference,6,2,0.00014340442095343454,6.955392747843828e-05,8,-0.723566370581738
jst,4,4,0.00010243172925245323,0.0001159232124640638,8,0.12373148980546575
italian,2,6,6.145903755147194e-05,0.00016229249744968932,8,0.9710293501926694
amazing,7,1,0.00016389076680392518,4.636928498562552e-05,8,-1.2625628713144248
aid,1,7,4.0972691700981296e-05,0.00018547713994250208,8,1.5100258509253563
grow,6,2,0.00014340442095343454,6.955392747843828e-05,8,-0.723566370581738
headed,2,6,6.145903755147194e-05,0.00016229249744968932,8,0.9710293501926694
shadow,3,5,8.194538340196259e-05,0.00013910785495687656,8,0.52919659791363
reach,3,5,8.194538340196259e-05,0.00013910785495687656,8,0.52919659791363
calling,3,5,8.194538340196259e-05,0.00013910785495687656,8,0.52919659791363
shame,5,3,0.00012291807510294387,9.273856997125104e-05,8,-0.28173361830269855
access,8,0,0.00018437711265441583,2.318464249281276e-05,8,-2.073493087530754
wd,6,2,0.00014340442095343454,6.955392747843828e-05,8,-0.723566370581738
lovely,7,1,0.00016389076680392518,4.636928498562552e-05,8,-1.2625628713144248
bullet,4,4,0.00010243172925245323,0.0001159232124640638,8,0.12373148980546575
greatest,5,3,0.00012291807510294387,9.273856997125104e-05,8,-0.28173361830269855
parenthood,6,2,0.00014340442095343454,6.955392747843828e-05,8,-0.723566370581738
parley,0,8,2.0486345850490648e-05,0.00020866178243531485,8,2.320956067141685
thx,5,3,0.00012291807510294387,9.273856997125104e-05,8,-0.28173361830269855
acre,0,8,2.0486345850490648e-05,0.00020866178243531485,8,2.320956067141685
threatens,0,7,2.0486345850490648e-05,0.00018547713994250208,7,2.2031730314853015
path,3,4,8.194538340196259e-05,0.0001159232124640638,7,0.34687504111967543
alert,1,6,4.0972691700981296e-05,0.00016229249744968932,7,1.3764944583008336
alaska,2,5,6.145903755147194e-05,0.00013910785495687656,7,0.8168786703654111
wed,4,3,0.00010243172925245323,9.273856997125104e-05,7,-0.09941206150874404
weve,1,6,4.0972691700981296e-05,0.00016229249744968932,7,1.3764944583008336
canaanite,7,0,0.00016389076680392518,2.318464249281276e-05,7,-1.9557100518743702
gust,0,7,2.0486345850490648e-05,0.00018547713994250208,7,2.2031730314853015
ha,6,1,0.00014340442095343454,4.636928498562552e-05,7,-1.1290314786899023
sideline,4,3,0.00010243172925245323,9.273856997125104e-05,7,-0.09941206150874404
shop,3,4,8.194538340196259e-05,0.0001159232124640638,7,0.34687504111967543
calm,4,3,0.00010243172925245323,9.273856997125104e-05,7,-0.09941206150874404
calorie,6,1,0.00014340442095343454,4.636928498562552e-05,7,-1.1290314786899023
seven,4,3,0.00010243172925245323,9.273856997125104e-05,7,-0.09941206150874404
several,0,7,2.0486345850490648e-05,0.00018547713994250208,7,2.2031730314853015
size,5,2,0.00012291807510294387,6.955392747843828e-05,7,-0.5694156907544795
maintenance,5,2,0.00012291807510294387,6.955392747843828e-05,7,-0.5694156907544795
july,3,4,8.194538340196259e-05,0.0001159232124640638,7,0.34687504111967543
jack,5,2,0.00012291807510294387,6.955392747843828e-05,7,-0.5694156907544795
aim,1,6,4.0972691700981296e-05,0.00016229249744968932,7,1.3764944583008336
animalrescue,7,0,0.00016389076680392518,2.318464249281276e-05,7,-1.9557100518743702
taste,7,0,0.00016389076680392518,2.318464249281276e-05,7,-1.9557100518743702
theatre,2,5,6.145903755147194e-05,0.00013910785495687656,7,0.8168786703654111
terrible,4,3,0.00010243172925245323,9.273856997125104e-05,7,-0.09941206150874404
congress,3,4,8.194538340196259e-05,0.0001159232124640638,7,0.34687504111967543
concert,4,3,0.00010243172925245323,9.273856997125104e-05,7,-0.09941206150874404
photography,2,5,6.145903755147194e-05,0.00013910785495687656,7,0.8168786703654111
picked,4,3,0.00010243172925245323,9.273856997125104e-05,7,-0.09941206150874404
page,5,2,0.00012291807510294387,6.955392747843828e-05,7,-0.5694156907544795
okwx,0,7,2.0486345850490648e-05,0.00018547713994250208,7,2.2031730314853015
created,4,3,0.00010243172925245323,9.273856997125104e-05,7,-0.09941206150874404
thomas,6,1,0.00014340442095343454,4.636928498562552e-05,7,-1.1290314786899023
curved,6,1,0.00014340442095343454,4.636928498562552e-05,7,-1.1290314786899023
cramer,7,0,0.00016389076680392518,2.318464249281276e-05,7,-1.9557100518743702
crackdown,7,0,0.00016389076680392518,2.318464249281276e-05,7,-1.9557100518743702
add,5,2,0.00012291807510294387,6.955392747843828e-05,7,-0.5694156907544795
starting,5,2,0.00012291807510294387,6.955392747843828e-05,7,-0.5694156907544795
father,5,2,0.00012291807510294387,6.955392747843828e-05,7,-0.5694156907544795
cheese,5,2,0.00012291807510294387,6.955392747843828e-05,7,-0.5694156907544795
troop,1,6,4.0972691700981296e-05,0.00016229249744968932,7,1.3764944583008336
exp,5,2,0.00012291807510294387,6.955392747843828e-05,7,-0.5694156907544795
eruption,0,7,2.0486345850490648e-05,0.00018547713994250208,7,2.2031730314853015
click,5,2,0.00012291807510294387,6.955392747843828e-05,7,-0.5694156907544795
prophet,5,2,0.00012291807510294387,6.955392747843828e-05,7,-0.5694156907544795
protect,4,3,0.00010243172925245323,9.273856997125104e-05,7,-0.09941206150874404
model,6,1,0.00014340442095343454,4.636928498562552e-05,7,-1.1290314786899023
moon,7,0,0.00016389076680392518,2.318464249281276e-05,7,-1.9557100518743702
missed,4,3,0.00010243172925245323,9.273856997125104e-05,7,-0.09941206150874404
minecraft,7,0,0.00016389076680392518,2.318464249281276e-05,7,-1.9557100518743702
mill,5,2,0.00012291807510294387,6.955392747843828e-05,7,-0.5694156907544795
tube,3,4,8.194538340196259e-05,0.0001159232124640638,7,0.34687504111967543
library,4,3,0.00010243172925245323,9.273856997125104e-05,7,-0.09941206150874404
respond,2,5,6.145903755147194e-05,0.00013910785495687656,7,0.8168786703654111
bee,5,2,0.00012291807510294387,6.955392747843828e-05,7,-0.5694156907544795
beginning,6,1,0.00014340442095343454,4.636928498562552e-05,7,-1.1290314786899023
respect,4,3,0.00010243172925245323,9.273856997125104e-05,7,-0.09941206150874404
ii,4,3,0.00010243172925245323,9.273856997125104e-05,7,-0.09941206150874404
within,4,3,0.00010243172925245323,9.273856997125104e-05,7,-0.09941206150874404
worked,5,2,0.00012291807510294387,6.955392747843828e-05,7,-0.5694156907544795
wmata,1,6,4.0972691700981296e-05,0.00016229249744968932,7,1.3764944583008336
mt,2,5,6.145903755147194e-05,0.00013910785495687656,7,0.8168786703654111
exchange,2,5,6.145903755147194e-05,0.00013910785495687656,7,0.8168786703654111
enjoy,6,1,0.00014340442095343454,4.636928498562552e-05,7,-1.1290314786899023
ended,5,2,0.00012291807510294387,6.955392747843828e-05,7,-0.5694156907544795
energy,4,3,0.00010243172925245323,9.273856997125104e-05,7,-0.09941206150874404
treatment,5,2,0.00012291807510294387,6.955392747843828e-05,7,-0.5694156907544795
trapmusic,7,0,0.00016389076680392518,2.318464249281276e-05,7,-1.9557100518743702
evil,5,2,0.00012291807510294387,6.955392747843828e-05,7,-0.5694156907544795
exactly,6,1,0.00014340442095343454,4.636928498562552e-05,7,-1.1290314786899023
schedule,4,3,0.00010243172925245323,9.273856997125104e-05,7,-0.09941206150874404
baseball,7,0,0.00016389076680392518,2.318464249281276e-05,7,-1.9557100518743702
broadway,0,7,2.0486345850490648e-05,0.00018547713994250208,7,2.2031730314853015
mexico,1,6,4.0972691700981296e-05,0.00016229249744968932,7,1.3764944583008336
quran,3,4,8.194538340196259e-05,0.0001159232124640638,7,0.34687504111967543
mhtw,1,6,4.0972691700981296e-05,0.00016229249744968932,7,1.3764944583008336
microlight,0,7,2.0486345850490648e-05,0.00018547713994250208,7,2.2031730314853015
quick,7,0,0.00016389076680392518,2.318464249281276e-05,7,-1.9557100518743702
audio,5,2,0.00012291807510294387,6.955392747843828e-05,7,-0.5694156907544795
automatic,5,2,0.00012291807510294387,6.955392747843828e-05,7,-0.5694156907544795
fell,4,3,0.00010243172925245323,9.273856997125104e-05,7,-0.09941206150874404
festival,4,3,0.00010243172925245323,9.273856997125104e-05,7,-0.09941206150874404
sp,5,2,0.00012291807510294387,6.955392747843828e-05,7,-0.5694156907544795
brazil,1,6,4.0972691700981296e-05,0.00016229249744968932,7,1.3764944583008336
broad,7,0,0.00016389076680392518,2.318464249281276e-05,7,-1.9557100518743702
hunter,3,4,8.194538340196259e-05,0.0001159232124640638,7,0.34687504111967543
league,5,2,0.00012291807510294387,6.955392747843828e-05,7,-0.5694156907544795
individual,2,5,6.145903755147194e-05,0.00013910785495687656,7,0.8168786703654111
eat,6,1,0.00014340442095343454,4.636928498562552e-05,7,-1.1290314786899023
mr,3,4,8.194538340196259e-05,0.0001159232124640638,7,0.34687504111967543
ap,1,6,4.0972691700981296e-05,0.00016229249744968932,7,1.3764944583008336
prime,3,4,8.194538340196259e-05,0.0001159232124640638,7,0.34687504111967543
ear,5,2,0.00012291807510294387,6.955392747843828e-05,7,-0.5694156907544795
salem,3,4,8.194538340196259e-05,0.0001159232124640638,7,0.34687504111967543
inj,3,4,8.194538340196259e-05,0.0001159232124640638,7,0.34687504111967543
icemoon,7,0,0.00016389076680392518,2.318464249281276e-05,7,-1.9557100518743702
blvd,1,6,4.0972691700981296e-05,0.00016229249744968932,7,1.3764944583008336
sa,5,2,0.00012291807510294387,6.955392747843828e-05,7,-0.5694156907544795
incredible,2,5,6.145903755147194e-05,0.00013910785495687656,7,0.8168786703654111
sweet,6,1,0.00014340442095343454,4.636928498562552e-05,7,-1.1290314786899023
survival,4,3,0.00010243172925245323,9.273856997125104e-05,7,-0.09941206150874404
surprise,7,0,0.00016389076680392518,2.318464249281276e-05,7,-1.9557100518743702
gaza,0,7,2.0486345850490648e-05,0.00018547713994250208,7,2.2031730314853015
fox,3,4,8.194538340196259e-05,0.0001159232124640638,7,0.34687504111967543
un,1,6,4.0972691700981296e-05,0.00016229249744968932,7,1.3764944583008336
rare,4,3,0.00010243172925245323,9.273856997125104e-05,7,-0.09941206150874404
max,7,0,0.00016389076680392518,2.318464249281276e-05,7,-1.9557100518743702
manager,6,1,0.00014340442095343454,4.636928498562552e-05,7,-1.1290314786899023
freakiest,0,7,2.0486345850490648e-05,0.00018547713994250208,7,2.2031730314853015
fish,5,2,0.00012291807510294387,6.955392747843828e-05,7,-0.5694156907544795
fit,6,1,0.00014340442095343454,4.636928498562552e-05,7,-1.1290314786899023
fnet,1,6,4.0972691700981296e-05,0.00016229249744968932,7,1.3764944583008336
flat,7,0,0.00016389076680392518,2.318464249281276e-05,7,-1.9557100518743702
focus,1,6,4.0972691700981296e-05,0.00016229249744968932,7,1.3764944583008336
somalia,2,5,6.145903755147194e-05,0.00013910785495687656,7,0.8168786703654111
fort,4,3,0.00010243172925245323,9.273856997125104e-05,7,-0.09941206150874404
society,6,1,0.00014340442095343454,4.636928498562552e-05,7,-1.1290314786899023
vietnam,0,7,2.0486345850490648e-05,0.00018547713994250208,7,2.2031730314853015
senator,3,4,8.194538340196259e-05,0.0001159232124640638,7,0.34687504111967543
club,6,1,0.00014340442095343454,4.636928498562552e-05,7,-1.1290314786899023
clutch,7,0,0.00016389076680392518,2.318464249281276e-05,7,-1.9557100518743702
christmas,2,5,6.145903755147194e-05,0.00013910785495687656,7,0.8168786703654111
struck,2,5,6.145903755147194e-05,0.00013910785495687656,7,0.8168786703654111
style,6,1,0.00014340442095343454,4.636928498562552e-05,7,-1.1290314786899023
tongue,7,0,0.00016389076680392518,2.318464249281276e-05,7,-1.9557100518743702
potus,2,5,6.145903755147194e-05,0.00013910785495687656,7,0.8168786703654111
powerful,4,3,0.00010243172925245323,9.273856997125104e-05,7,-0.09941206150874404
powerlines,0,7,2.0486345850490648e-05,0.00018547713994250208,7,2.2031730314853015
needed,2,5,6.145903755147194e-05,0.00013910785495687656,7,0.8168786703654111
annual,3,4,8.194538340196259e-05,0.0001159232124640638,7,0.34687504111967543
sunset,3,4,8.194538340196259e-05,0.0001159232124640638,7,0.34687504111967543
ir,7,0,0.00016389076680392518,2.318464249281276e-05,7,-1.9557100518743702
rider,2,5,6.145903755147194e-05,0.00013910785495687656,7,0.8168786703654111
kidnapped,0,7,2.0486345850490648e-05,0.00018547713994250208,7,2.2031730314853015
rose,6,1,0.00014340442095343454,4.636928498562552e-05,7,-1.1290314786899023
roof,4,3,0.00010243172925245323,9.273856997125104e-05,7,-0.09941206150874404
di,7,0,0.00016389076680392518,2.318464249281276e-05,7,-1.9557100518743702
dis,7,0,0.00016389076680392518,2.318464249281276e-05,7,-1.9557100518743702
magic,4,3,0.00010243172925245323,9.273856997125104e-05,7,-0.09941206150874404
attention,6,1,0.00014340442095343454,4.636928498562552e-05,7,-1.1290314786899023
realise,4,3,0.00010243172925245323,9.273856997125104e-05,7,-0.09941206150874404
recovery,4,3,0.00010243172925245323,9.273856997125104e-05,7,-0.09941206150874404
mac,6,1,0.00014340442095343454,4.636928498562552e-05,7,-1.1290314786899023
machine,4,3,0.00010243172925245323,9.273856997125104e-05,7,-0.09941206150874404
asking,5,2,0.00012291807510294387,6.955392747843828e-05,7,-0.5694156907544795
band,5,2,0.00012291807510294387,6.955392747843828e-05,7,-0.5694156907544795
given,4,3,0.00010243172925245323,9.273856997125104e-05,7,-0.09941206150874404
german,6,1,0.00014340442095343454,4.636928498562552e-05,7,-1.1290314786899023
universe,7,0,0.00016389076680392518,2.318464249281276e-05,7,-1.9557100518743702
updated,4,3,0.00010243172925245323,9.273856997125104e-05,7,-0.09941206150874404
remains,2,5,6.145903755147194e-05,0.00013910785495687656,7,0.8168786703654111
relative,0,7,2.0486345850490648e-05,0.00018547713994250208,7,2.2031730314853015
linkury,5,2,0.00012291807510294387,6.955392747843828e-05,7,-0.5694156907544795
load,7,0,0.00016389076680392518,2.318464249281276e-05,7,-1.9557100518743702
listening,7,0,0.00016389076680392518,2.318464249281276e-05,7,-1.9557100518743702
vet,5,2,0.00012291807510294387,6.955392747843828e-05,7,-0.5694156907544795
va,1,6,4.0972691700981296e-05,0.00016229249744968932,7,1.3764944583008336
sleep,5,2,0.00012291807510294387,6.955392747843828e-05,7,-0.5694156907544795
slightly,5,2,0.00012291807510294387,6.955392747843828e-05,7,-0.5694156907544795
discovered,4,3,0.00010243172925245323,9.273856997125104e-05,7,-0.09941206150874404
syria,0,7,2.0486345850490648e-05,0.00018547713994250208,7,2.2031730314853015
swallow,0,7,2.0486345850490648e-05,0.00018547713994250208,7,2.2031730314853015
aka,5,2,0.00012291807510294387,6.955392747843828e-05,7,-0.5694156907544795
ah,6,1,0.00014340442095343454,4.636928498562552e-05,7,-1.1290314786899023
plot,2,5,6.145903755147194e-05,0.00013910785495687656,7,0.8168786703654111
political,2,5,6.145903755147194e-05,0.00013910785495687656,7,0.8168786703654111
tour,6,1,0.00014340442095343454,4.636928498562552e-05,7,-1.1290314786899023
tool,6,1,0.00014340442095343454,4.636928498562552e-05,7,-1.1290314786899023
vuitton,7,0,0.00016389076680392518,2.318464249281276e-05,7,-1.9557100518743702
runway,0,7,2.0486345850490648e-05,0.00018547713994250208,7,2.2031730314853015
blk,3,4,8.194538340196259e-05,0.0001159232124640638,7,0.34687504111967543
blessing,6,1,0.00014340442095343454,4.636928498562552e-05,7,-1.1290314786899023
roll,2,5,6.145903755147194e-05,0.00013910785495687656,7,0.8168786703654111
joy,7,0,0.00016389076680392518,2.318464249281276e-05,7,-1.9557100518743702
iranian,2,5,6.145903755147194e-05,0.00013910785495687656,7,0.8168786703654111
robert,3,4,8.194538340196259e-05,0.0001159232124640638,7,0.34687504111967543
blame,2,5,6.145903755147194e-05,0.00013910785495687656,7,0.8168786703654111
activity,4,3,0.00010243172925245323,9.273856997125104e-05,7,-0.09941206150874404
wash,1,6,4.0972691700981296e-05,0.00016229249744968932,7,1.3764944583008336
patient,4,3,0.00010243172925245323,9.273856997125104e-05,7,-0.09941206150874404
passing,6,1,0.00014340442095343454,4.636928498562552e-05,7,-1.1290314786899023
wouldnt,6,1,0.00014340442095343454,4.636928498562552e-05,7,-1.1290314786899023
youve,6,1,0.00014340442095343454,4.636928498562552e-05,7,-1.1290314786899023
ya,6,1,0.00014340442095343454,4.636928498562552e-05,7,-1.1290314786899023
zombie,6,1,0.00014340442095343454,4.636928498562552e-05,7,-1.1290314786899023
wx,0,7,2.0486345850490648e-05,0.00018547713994250208,7,2.2031730314853015
allow,2,4,6.145903755147194e-05,0.0001159232124640638,6,0.6345571135714565
xbox,6,0,0.00014340442095343454,2.318464249281276e-05,6,-1.8221786592498477
jackson,5,1,0.00012291807510294387,4.636928498562552e-05,6,-0.9748807988626438
parker,0,6,2.0486345850490648e-05,0.00016229249744968932,6,2.069641638860779
palm,3,3,8.194538340196259e-05,9.273856997125104e-05,6,0.12373148980546575
afghan,1,5,4.0972691700981296e-05,0.00013910785495687656,6,1.2223437784735753
address,4,2,0.00010243172925245323,6.955392747843828e-05,6,-0.3870941339605249
admits,5,1,0.00012291807510294387,4.636928498562552e-05,6,-0.9748807988626438
advance,2,4,6.145903755147194e-05,0.0001159232124640638,6,0.6345571135714565
zionist,0,6,2.0486345850490648e-05,0.00016229249744968932,6,2.069641638860779
write,6,0,0.00014340442095343454,2.318464249281276e-05,6,-1.8221786592498477
youd,5,1,0.00012291807510294387,4.636928498562552e-05,6,-0.9748807988626438
xd,5,1,0.00012291807510294387,4.636928498562552e-05,6,-0.9748807988626438
alleged,0,6,2.0486345850490648e-05,0.00016229249744968932,6,2.069641638860779
amsterdam,0,6,2.0486345850490648e-05,0.00016229249744968932,6,2.069641638860779
anchorage,1,5,4.0972691700981296e-05,0.00013910785495687656,6,1.2223437784735753
pocket,6,0,0.00014340442095343454,2.318464249281276e-05,6,-1.8221786592498477
plain,0,6,2.0486345850490648e-05,0.00016229249744968932,6,2.069641638860779
kept,3,3,8.194538340196259e-05,9.273856997125104e-05,6,0.12373148980546575
larger,3,3,8.194538340196259e-05,9.273856997125104e-05,6,0.12373148980546575
lack,0,6,2.0486345850490648e-05,0.00016229249744968932,6,2.069641638860779
known,4,2,0.00010243172925245323,6.955392747843828e-05,6,-0.3870941339605249
rest,4,2,0.00010243172925245323,6.955392747843828e-05,6,-0.3870941339605249
iphone,3,3,8.194538340196259e-05,9.273856997125104e-05,6,0.12373148980546575
intensity,1,5,4.0972691700981296e-05,0.00013910785495687656,6,1.2223437784735753
dear,4,2,0.00010243172925245323,6.955392747843828e-05,6,-0.3870941339605249
commercial,5,1,0.00012291807510294387,4.636928498562552e-05,6,-0.9748807988626438
planet,4,2,0.00010243172925245323,6.955392747843828e-05,6,-0.3870941339605249
plant,4,2,0.00010243172925245323,6.955392747843828e-05,6,-0.3870941339605249
plague,3,3,8.194538340196259e-05,9.273856997125104e-05,6,0.12373148980546575
conflict,2,4,6.145903755147194e-05,0.0001159232124640638,6,0.6345571135714565
consequence,2,4,6.145903755147194e-05,0.0001159232124640638,6,0.6345571135714565
consider,4,2,0.00010243172925245323,6.955392747843828e-05,6,-0.3870941339605249
confirm,2,4,6.145903755147194e-05,0.0001159232124640638,6,0.6345571135714565
ted,5,1,0.00012291807510294387,4.636928498562552e-05,6,-0.9748807988626438
debt,2,4,6.145903755147194e-05,0.0001159232124640638,6,0.6345571135714565
disrupts,0,6,2.0486345850490648e-05,0.00016229249744968932,6,2.069641638860779
distance,0,6,2.0486345850490648e-05,0.00016229249744968932,6,2.069641638860779
diving,6,0,0.00014340442095343454,2.318464249281276e-05,6,-1.8221786592498477
touch,6,0,0.00014340442095343454,2.318464249281276e-05,6,-1.8221786592498477
leg,4,2,0.00010243172925245323,6.955392747843828e-05,6,-0.3870941339605249
leaf,3,3,8.194538340196259e-05,9.273856997125104e-05,6,0.12373148980546575
residential,1,5,4.0972691700981296e-05,0.00013910785495687656,6,1.2223437784735753
bathroom,4,2,0.00010243172925245323,6.955392747843828e-05,6,-0.3870941339605249
battery,4,2,0.00010243172925245323,6.955392747843828e-05,6,-0.3870941339605249
bat,4,2,0.00010243172925245323,6.955392747843828e-05,6,-0.3870941339605249
bottom,4,2,0.00010243172925245323,6.955392747843828e-05,6,-0.3870941339605249
bound,1,5,4.0972691700981296e-05,0.00013910785495687656,6,1.2223437784735753
boston,1,5,4.0972691700981296e-05,0.00013910785495687656,6,1.2223437784735753
se,2,4,6.145903755147194e-05,0.0001159232124640638,6,0.6345571135714565
row,5,1,0.00012291807510294387,4.636928498562552e-05,6,-0.9748807988626438
kisii,0,6,2.0486345850490648e-05,0.00016229249744968932,6,2.069641638860779
tough,4,2,0.00010243172925245323,6.955392747843828e-05,6,-0.3870941339605249
poll,5,1,0.00012291807510294387,4.636928498562552e-05,6,-0.9748807988626438
officially,5,1,0.00012291807510294387,4.636928498562552e-05,6,-0.9748807988626438
nurse,6,0,0.00014340442095343454,2.318464249281276e-05,6,-1.8221786592498477
plug,1,5,4.0972691700981296e-05,0.00013910785495687656,6,1.2223437784735753
teacher,5,1,0.00012291807510294387,4.636928498562552e-05,6,-0.9748807988626438
deputy,0,6,2.0486345850490648e-05,0.00016229249744968932,6,2.069641638860779
defense,5,1,0.00012291807510294387,4.636928498562552e-05,6,-0.9748807988626438
destiny,5,1,0.00012291807510294387,4.636928498562552e-05,6,-0.9748807988626438
detail,2,4,6.145903755147194e-05,0.0001159232124640638,6,0.6345571135714565
description,5,1,0.00012291807510294387,4.636928498562552e-05,6,-0.9748807988626438
anti,6,0,0.00014340442095343454,2.318464249281276e-05,6,-1.8221786592498477
nose,6,0,0.00014340442095343454,2.318464249281276e-05,6,-1.8221786592498477
nine,1,5,4.0972691700981296e-05,0.00013910785495687656,6,1.2223437784735753
nobody,4,2,0.00010243172925245323,6.955392747843828e-05,6,-0.3870941339605249
toronto,4,2,0.00010243172925245323,6.955392747843828e-05,6,-0.3870941339605249
toll,0,6,2.0486345850490648e-05,0.00016229249744968932,6,2.069641638860779
tom,5,1,0.00012291807510294387,4.636928498562552e-05,6,-0.9748807988626438
complex,0,6,2.0486345850490648e-05,0.00016229249744968932,6,2.069641638860779
dragon,5,1,0.00012291807510294387,4.636928498562552e-05,6,-0.9748807988626438
dramatic,1,5,4.0972691700981296e-05,0.00013910785495687656,6,1.2223437784735753
doctor,3,3,8.194538340196259e-05,9.273856997125104e-05,6,0.12373148980546575
swim,5,1,0.00012291807510294387,4.636928498562552e-05,6,-0.9748807988626438
emotion,5,1,0.00012291807510294387,4.636928498562552e-05,6,-0.9748807988626438
electronic,5,1,0.00012291807510294387,4.636928498562552e-05,6,-0.9748807988626438
elephant,4,2,0.00010243172925245323,6.955392747843828e-05,6,-0.3870941339605249
remembering,3,3,8.194538340196259e-05,9.273856997125104e-05,6,0.12373148980546575
reminds,2,4,6.145903755147194e-05,0.0001159232124640638,6,0.6345571135714565
hole,4,2,0.00010243172925245323,6.955392747843828e-05,6,-0.3870941339605249
holiday,6,0,0.00014340442095343454,2.318464249281276e-05,6,-1.8221786592498477
holy,5,1,0.00012291807510294387,4.636928498562552e-05,6,-0.9748807988626438
hungry,4,2,0.00010243172925245323,6.955392747843828e-05,6,-0.3870941339605249
hotel,4,2,0.00010243172925245323,6.955392747843828e-05,6,-0.3870941339605249
vinyl,5,1,0.00012291807510294387,4.636928498562552e-05,6,-0.9748807988626438
homeless,2,4,6.145903755147194e-05,0.0001159232124640638,6,0.6345571135714565
igers,6,0,0.00014340442095343454,2.318464249281276e-05,6,-1.8221786592498477
santa,2,4,6.145903755147194e-05,0.0001159232124640638,6,0.6345571135714565
satchel,6,0,0.00014340442095343454,2.318464249281276e-05,6,-1.8221786592498477
insane,2,4,6.145903755147194e-05,0.0001159232124640638,6,0.6345571135714565
nh,2,4,6.145903755147194e-05,0.0001159232124640638,6,0.6345571135714565
newest,4,2,0.00010243172925245323,6.955392747843828e-05,6,-0.3870941339605249
alp,0,6,2.0486345850490648e-05,0.00016229249744968932,6,2.069641638860779
study,2,4,6.145903755147194e-05,0.0001159232124640638,6,0.6345571135714565
subject,2,4,6.145903755147194e-05,0.0001159232124640638,6,0.6345571135714565
stuart,6,0,0.00014340442095343454,2.318464249281276e-05,6,-1.8221786592498477
edition,6,0,0.00014340442095343454,2.318464249281276e-05,6,-1.8221786592498477
civil,3,3,8.194538340196259e-05,9.273856997125104e-05,6,0.12373148980546575
collection,4,2,0.00010243172925245323,6.955392747843828e-05,6,-0.3870941339605249
surrounded,4,2,0.00010243172925245323,6.955392747843828e-05,6,-0.3870941339605249
duty,5,1,0.00012291807510294387,4.636928498562552e-05,6,-0.9748807988626438
dry,3,3,8.194538340196259e-05,9.273856997125104e-05,6,0.12373148980546575
trailer,4,2,0.00010243172925245323,6.955392747843828e-05,6,-0.3870941339605249
election,5,1,0.00012291807510294387,4.636928498562552e-05,6,-0.9748807988626438
entertainment,6,0,0.00014340442095343454,2.318464249281276e-05,6,-1.8221786592498477
valley,2,4,6.145903755147194e-05,0.0001159232124640638,6,0.6345571135714565
value,3,3,8.194538340196259e-05,9.273856997125104e-05,6,0.12373148980546575
van,2,4,6.145903755147194e-05,0.0001159232124640638,6,0.6345571135714565
letter,4,2,0.00010243172925245323,6.955392747843828e-05,6,-0.3870941339605249
loan,6,0,0.00014340442095343454,2.318464249281276e-05,6,-1.8221786592498477
us,5,1,0.00012291807510294387,4.636928498562552e-05,6,-0.9748807988626438
unlocked,1,5,4.0972691700981296e-05,0.00013910785495687656,6,1.2223437784735753
unveiled,5,1,0.00012291807510294387,4.636928498562552e-05,6,-0.9748807988626438
butter,6,0,0.00014340442095343454,2.318464249281276e-05,6,-1.8221786592498477
button,6,0,0.00014340442095343454,2.318464249281276e-05,6,-1.8221786592498477
server,5,1,0.00012291807510294387,4.636928498562552e-05,6,-0.9748807988626438
scheme,5,1,0.00012291807510294387,4.636928498562552e-05,6,-0.9748807988626438
scary,4,2,0.00010243172925245323,6.955392747843828e-05,6,-0.3870941339605249
ie,4,2,0.00010243172925245323,6.955392747843828e-05,6,-0.3870941339605249
waste,3,3,8.194538340196259e-05,9.273856997125104e-05,6,0.12373148980546575
stress,5,1,0.00012291807510294387,4.636928498562552e-05,6,-0.9748807988626438
mother,6,0,0.00014340442095343454,2.318464249281276e-05,6,-1.8221786592498477
motor,3,3,8.194538340196259e-05,9.273856997125104e-05,6,0.12373148980546575
motorcycle,0,6,2.0486345850490648e-05,0.00016229249744968932,6,2.069641638860779
named,2,4,6.145903755147194e-05,0.0001159232124640638,6,0.6345571135714565
nashville,0,6,2.0486345850490648e-05,0.00016229249744968932,6,2.069641638860779
mystery,5,1,0.00012291807510294387,4.636928498562552e-05,6,-0.9748807988626438
clinton,4,2,0.00010243172925245323,6.955392747843828e-05,6,-0.3870941339605249
clip,6,0,0.00014340442095343454,2.318464249281276e-05,6,-1.8221786592498477
dvd,5,1,0.00012291807510294387,4.636928498562552e-05,6,-0.9748807988626438
especially,3,3,8.194538340196259e-05,9.273856997125104e-05,6,0.12373148980546575
external,5,1,0.00012291807510294387,4.636928498562552e-05,6,-0.9748807988626438
executive,0,6,2.0486345850490648e-05,0.00016229249744968932,6,2.069641638860779
shelter,0,6,2.0486345850490648e-05,0.00016229249744968932,6,2.069641638860779
shepherd,6,0,0.00014340442095343454,2.318464249281276e-05,6,-1.8221786592498477
lorry,1,5,4.0972691700981296e-05,0.00013910785495687656,6,1.2223437784735753
looked,3,3,8.194538340196259e-05,9.273856997125104e-05,6,0.12373148980546575
loop,2,4,6.145903755147194e-05,0.0001159232124640638,6,0.6345571135714565
wealth,3,3,8.194538340196259e-05,9.273856997125104e-05,6,0.12373148980546575
cancel,3,3,8.194538340196259e-05,9.273856997125104e-05,6,0.12373148980546575
calif,0,6,2.0486345850490648e-05,0.00016229249744968932,6,2.069641638860779
sicily,1,5,4.0972691700981296e-05,0.00013910785495687656,6,1.2223437784735753
shipping,2,4,6.145903755147194e-05,0.0001159232124640638,6,0.6345571135714565
guillermo,0,6,2.0486345850490648e-05,0.00016229249744968932,6,2.069641638860779
honor,5,1,0.00012291807510294387,4.636928498562552e-05,6,-0.9748807988626438
september,2,4,6.145903755147194e-05,0.0001159232124640638,6,0.6345571135714565
senior,3,3,8.194538340196259e-05,9.273856997125104e-05,6,0.12373148980546575
progress,3,3,8.194538340196259e-05,9.273856997125104e-05,6,0.12373148980546575
murdered,0,6,2.0486345850490648e-05,0.00016229249744968932,6,2.069641638860779
murderous,1,5,4.0972691700981296e-05,0.00013910785495687656,6,1.2223437784735753
mtvhottest,5,1,0.00012291807510294387,4.636928498562552e-05,6,-0.9748807988626438
wood,3,3,8.194538340196259e-05,9.273856997125104e-05,6,0.12373148980546575
arrive,2,4,6.145903755147194e-05,0.0001159232124640638,6,0.6345571135714565
everyday,3,3,8.194538340196259e-05,9.273856997125104e-05,6,0.12373148980546575
triggered,2,4,6.145903755147194e-05,0.0001159232124640638,6,0.6345571135714565
steel,4,2,0.00010243172925245323,6.955392747843828e-05,6,-0.3870941339605249
statement,2,4,6.145903755147194e-05,0.0001159232124640638,6,0.6345571135714565
staff,5,1,0.00012291807510294387,4.636928498562552e-05,6,-0.9748807988626438
standuser,6,0,0.00014340442095343454,2.318464249281276e-05,6,-1.8221786592498477
sr,2,4,6.145903755147194e-05,0.0001159232124640638,6,0.6345571135714565
fake,2,4,6.145903755147194e-05,0.0001159232124640638,6,0.6345571135714565
tubestrike,5,1,0.00012291807510294387,4.636928498562552e-05,6,-0.9748807988626438
mission,2,4,6.145903755147194e-05,0.0001159232124640638,6,0.6345571135714565
mining,5,1,0.00012291807510294387,4.636928498562552e-05,6,-0.9748807988626438
monogram,6,0,0.00014340442095343454,2.318464249281276e-05,6,-1.8221786592498477
mood,6,0,0.00014340442095343454,2.318464249281276e-05,6,-1.8221786592498477
mma,1,5,4.0972691700981296e-05,0.00013910785495687656,6,1.2223437784735753
mo,3,3,8.194538340196259e-05,9.273856997125104e-05,6,0.12373148980546575
prophetmuhammad,4,2,0.00010243172925245323,6.955392747843828e-05,6,-0.3870941339605249
prosecuted,0,6,2.0486345850490648e-05,0.00016229249744968932,6,2.069641638860779
clear,3,3,8.194538340196259e-05,9.273856997125104e-05,6,0.12373148980546575
client,4,2,0.00010243172925245323,6.955392747843828e-05,6,-0.3870941339605249
field,2,4,6.145903755147194e-05,0.0001159232124640638,6,0.6345571135714565
fighter,3,3,8.194538340196259e-05,9.273856997125104e-05,6,0.12373148980546575
female,3,3,8.194538340196259e-05,9.273856997125104e-05,6,0.12373148980546575
ferguson,2,4,6.145903755147194e-05,0.0001159232124640638,6,0.6345571135714565
who,5,1,0.00012291807510294387,4.636928498562552e-05,6,-0.9748807988626438
wheavenly,5,1,0.00012291807510294387,4.636928498562552e-05,6,-0.9748807988626438
gotten,5,1,0.00012291807510294387,4.636928498562552e-05,6,-0.9748807988626438
buffalo,2,4,6.145903755147194e-05,0.0001159232124640638,6,0.6345571135714565
bug,5,1,0.00012291807510294387,4.636928498562552e-05,6,-0.9748807988626438
built,6,0,0.00014340442095343454,2.318464249281276e-05,6,-1.8221786592498477
rear,5,1,0.00012291807510294387,4.636928498562552e-05,6,-0.9748807988626438
reality,1,5,4.0972691700981296e-05,0.00013910785495687656,6,1.2223437784735753
ray,5,1,0.00012291807510294387,4.636928498562552e-05,6,-0.9748807988626438
madinah,4,2,0.00010243172925245323,6.955392747843828e-05,6,-0.3870941339605249
skin,4,2,0.00010243172925245323,6.955392747843828e-05,6,-0.3870941339605249
sinjar,0,6,2.0486345850490648e-05,0.00016229249744968932,6,2.069641638860779
girlfriend,6,0,0.00014340442095343454,2.318464249281276e-05,6,-1.8221786592498477
hatchet,1,5,4.0972691700981296e-05,0.00013910785495687656,6,1.2223437784735753
gunfire,0,6,2.0486345850490648e-05,0.00016229249744968932,6,2.069641638860779
gta,6,0,0.00014340442095343454,2.318464249281276e-05,6,-1.8221786592498477
grief,1,5,4.0972691700981296e-05,0.00013910785495687656,6,1.2223437784735753
authority,1,5,4.0972691700981296e-05,0.00013910785495687656,6,1.2223437784735753
auction,6,0,0.00014340442095343454,2.318464249281276e-05,6,-1.8221786592498477
quest,5,1,0.00012291807510294387,4.636928498562552e-05,6,-0.9748807988626438
chill,5,1,0.00012291807510294387,4.636928498562552e-05,6,-0.9748807988626438
chinese,1,5,4.0972691700981296e-05,0.00013910785495687656,6,1.2223437784735753
chicagoarea,5,1,0.00012291807510294387,4.636928498562552e-05,6,-0.9748807988626438
charging,4,2,0.00010243172925245323,6.955392747843828e-05,6,-0.3870941339605249
fail,5,1,0.00012291807510294387,4.636928498562552e-05,6,-0.9748807988626438
failed,1,5,4.0972691700981296e-05,0.00013910785495687656,6,1.2223437784735753
fix,4,2,0.00010243172925245323,6.955392747843828e-05,6,-0.3870941339605249
soundcloud,6,0,0.00014340442095343454,2.318464249281276e-05,6,-1.8221786592498477
southern,1,5,4.0972691700981296e-05,0.00013910785495687656,6,1.2223437784735753
carry,4,2,0.00010243172925245323,6.955392747843828e-05,6,-0.3870941339605249
channel,6,0,0.00014340442095343454,2.318464249281276e-05,6,-1.8221786592498477
mail,4,2,0.00010243172925245323,6.955392747843828e-05,6,-0.3870941339605249
lowndes,0,6,2.0486345850490648e-05,0.00016229249744968932,6,2.069641638860779
luck,5,1,0.00012291807510294387,4.636928498562552e-05,6,-0.9748807988626438
ugly,4,2,0.00010243172925245323,6.955392747843828e-05,6,-0.3870941339605249
ultimate,3,3,8.194538340196259e-05,9.273856997125104e-05,6,0.12373148980546575
foxtrot,6,0,0.00014340442095343454,2.318464249281276e-05,6,-1.8221786592498477
fr,4,2,0.00010243172925245323,6.955392747843828e-05,6,-0.3870941339605249
gang,1,5,4.0972691700981296e-05,0.00013910785495687656,6,1.2223437784735753
garden,5,1,0.00012291807510294387,4.636928498562552e-05,6,-0.9748807988626438
gained,6,0,0.00014340442095343454,2.318464249281276e-05,6,-1.8221786592498477
smile,6,0,0.00014340442095343454,2.318464249281276e-05,6,-1.8221786592498477
generation,5,1,0.00012291807510294387,4.636928498562552e-05,6,-0.9748807988626438
george,4,2,0.00010243172925245323,6.955392747843828e-05,6,-0.3870941339605249
grenade,1,5,4.0972691700981296e-05,0.00013910785495687656,6,1.2223437784735753
certain,3,3,8.194538340196259e-05,9.273856997125104e-05,6,0.12373148980546575
challenge,4,2,0.00010243172925245323,6.955392747843828e-05,6,-0.3870941339605249
rage,0,6,2.0486345850490648e-05,0.00016229249744968932,6,2.069641638860779
mets,4,2,0.00010243172925245323,6.955392747843828e-05,6,-0.3870941339605249
mf,4,2,0.00010243172925245323,6.955392747843828e-05,6,-0.3870941339605249
meme,5,1,0.00012291807510294387,4.636928498562552e-05,6,-0.9748807988626438
sparked,3,3,8.194538340196259e-05,9.273856997125104e-05,6,0.12373148980546575
finnish,5,1,0.00012291807510294387,4.636928498562552e-05,6,-0.9748807988626438
fired,2,4,6.145903755147194e-05,0.0001159232124640638,6,0.6345571135714565
snap,4,2,0.00010243172925245323,6.955392747843828e-05,6,-0.3870941339605249
slow,1,5,4.0972691700981296e-05,0.00013910785495687656,6,1.2223437784735753
sm,3,3,8.194538340196259e-05,9.273856997125104e-05,6,0.12373148980546575
slide,4,2,0.00010243172925245323,6.955392747843828e-05,6,-0.3870941339605249
slip,3,3,8.194538340196259e-05,9.273856997125104e-05,6,0.12373148980546575
management,4,2,0.00010243172925245323,6.955392747843828e-05,6,-0.3870941339605249
meatloving,5,1,0.00012291807510294387,4.636928498562552e-05,6,-0.9748807988626438
medical,2,4,6.145903755147194e-05,0.0001159232124640638,6,0.6345571135714565
material,2,4,6.145903755147194e-05,0.0001159232124640638,6,0.6345571135714565
maximum,1,5,4.0972691700981296e-05,0.00013910785495687656,6,1.2223437784735753
rally,1,5,4.0972691700981296e-05,0.00013910785495687656,6,1.2223437784735753
ran,4,2,0.00010243172925245323,6.955392747843828e-05,6,-0.3870941339605249
tryna,6,0,0.00014340442095343454,2.318464249281276e-05,6,-1.8221786592498477
somehow,5,1,0.00012291807510294387,4.636928498562552e-05,6,-0.9748807988626438
solar,3,3,8.194538340196259e-05,9.273856997125104e-05,6,0.12373148980546575
associated,3,3,8.194538340196259e-05,9.273856997125104e-05,6,0.12373148980546575
awful,4,2,0.00010243172925245323,6.955392747843828e-05,6,-0.3870941339605249
averted,2,4,6.145903755147194e-05,0.0001159232124640638,6,0.6345571135714565
blamed,3,3,8.194538340196259e-05,9.273856997125104e-05,6,0.12373148980546575
robot,2,4,6.145903755147194e-05,0.0001159232124640638,6,0.6345571135714565
rising,2,4,6.145903755147194e-05,0.0001159232124640638,6,0.6345571135714565
italy,1,5,4.0972691700981296e-05,0.00013910785495687656,6,1.2223437784735753
justice,2,4,6.145903755147194e-05,0.0001159232124640638,6,0.6345571135714565
jay,6,0,0.00014340442095343454,2.318464249281276e-05,6,-1.8221786592498477
jesus,4,2,0.00010243172925245323,6.955392747843828e-05,6,-0.3870941339605249
rohingya,0,6,2.0486345850490648e-05,0.00016229249744968932,6,2.069641638860779
warns,1,5,4.0972691700981296e-05,0.00013910785495687656,6,1.2223437784735753
blessed,6,0,0.00014340442095343454,2.318464249281276e-05,6,-1.8221786592498477
conversation,6,0,0.00014340442095343454,2.318464249281276e-05,6,-1.8221786592498477
copilot,0,6,2.0486345850490648e-05,0.00016229249744968932,6,2.069641638860779
copycat,2,4,6.145903755147194e-05,0.0001159232124640638,6,0.6345571135714565
crossed,4,2,0.00010243172925245323,6.955392747843828e-05,6,-0.3870941339605249
til,4,2,0.00010243172925245323,6.955392747843828e-05,6,-0.3870941339605249
piling,5,1,0.00012291807510294387,4.636928498562552e-05,6,-0.9748807988626438
pipe,3,3,8.194538340196259e-05,9.273856997125104e-05,6,0.12373148980546575
covered,5,1,0.00012291807510294387,4.636928498562552e-05,6,-0.9748807988626438
crack,5,1,0.00012291807510294387,4.636928498562552e-05,6,-0.9748807988626438
cream,6,0,0.00014340442095343454,2.318464249281276e-05,6,-1.8221786592498477
cuz,5,1,0.00012291807510294387,4.636928498562552e-05,6,-0.9748807988626438
cute,6,0,0.00014340442095343454,2.318464249281276e-05,6,-1.8221786592498477
cup,4,2,0.00010243172925245323,6.955392747843828e-05,6,-0.3870941339605249
couldnt,4,2,0.00010243172925245323,6.955392747843828e-05,6,-0.3870941339605249
accidentally,3,3,8.194538340196259e-05,9.273856997125104e-05,6,0.12373148980546575
abuse,3,3,8.194538340196259e-05,9.273856997125104e-05,6,0.12373148980546575
cousin,4,2,0.00010243172925245323,6.955392747843828e-05,6,-0.3870941339605249
patrick,5,0,0.00012291807510294387,2.318464249281276e-05,5,-1.6680279794225892
yobe,0,5,2.0486345850490648e-05,0.00013910785495687656,5,1.9154909590335207
yay,4,1,0.00010243172925245323,4.636928498562552e-05,5,-0.7925592420686893
yea,3,2,8.194538340196259e-05,6.955392747843828e-05,5,-0.1639505826463153
activated,2,3,6.145903755147194e-05,9.273856997125104e-05,5,0.4114135622572468
active,4,1,0.00010243172925245323,4.636928498562552e-05,5,-0.7925592420686893
theyll,4,1,0.00010243172925245323,4.636928498562552e-05,5,-0.7925592420686893
theyve,2,3,6.145903755147194e-05,9.273856997125104e-05,5,0.4114135622572468
corner,2,3,6.145903755147194e-05,9.273856997125104e-05,5,0.4114135622572468
correction,3,2,8.194538340196259e-05,6.955392747843828e-05,5,-0.1639505826463153
thriller,3,2,8.194538340196259e-05,6.955392747843828e-05,5,-0.1639505826463153
throw,5,0,0.00012291807510294387,2.318464249281276e-05,5,-1.6680279794225892
throwing,3,2,8.194538340196259e-05,6.955392747843828e-05,5,-0.1639505826463153
cr,3,2,8.194538340196259e-05,6.955392747843828e-05,5,-0.1639505826463153
counselor,5,0,0.00012291807510294387,2.318464249281276e-05,5,-1.6680279794225892
pillow,5,0,0.00012291807510294387,2.318464249281276e-05,5,-1.6680279794225892
pin,3,2,8.194538340196259e-05,6.955392747843828e-05,5,-0.1639505826463153
pipeline,0,5,2.0486345850490648e-05,0.00013910785495687656,5,1.9154909590335207
philly,1,4,4.0972691700981296e-05,0.0001159232124640638,5,1.0400222216796207
physical,3,2,8.194538340196259e-05,6.955392747843828e-05,5,-0.1639505826463153
personal,3,2,8.194538340196259e-05,6.955392747843828e-05,5,-0.1639505826463153
crowd,2,3,6.145903755147194e-05,9.273856997125104e-05,5,0.4114135622572468
cricket,2,3,6.145903755147194e-05,9.273856997125104e-05,5,0.4114135622572468
sac,0,5,2.0486345850490648e-05,0.00013910785495687656,5,1.9154909590335207
bid,5,0,0.00012291807510294387,2.318464249281276e-05,5,-1.6680279794225892
bill,4,1,0.00010243172925245323,4.636928498562552e-05,5,-0.7925592420686893
bn,3,2,8.194538340196259e-05,6.955392747843828e-05,5,-0.1639505826463153
bob,5,0,0.00012291807510294387,2.318464249281276e-05,5,-1.6680279794225892
ig,3,2,8.194538340196259e-05,6.955392747843828e-05,5,-0.1639505826463153
responds,3,2,8.194538340196259e-05,6.955392747843828e-05,5,-0.1639505826463153
responsible,3,2,8.194538340196259e-05,6.955392747843828e-05,5,-0.1639505826463153
dare,4,1,0.00010243172925245323,4.636928498562552e-05,5,-0.7925592420686893
combined,4,1,0.00010243172925245323,4.636928498562552e-05,5,-0.7925592420686893
collisionno,2,3,6.145903755147194e-05,9.273856997125104e-05,5,0.4114135622572468
olympic,1,4,4.0972691700981296e-05,0.0001159232124640638,5,1.0400222216796207
often,3,2,8.194538340196259e-05,6.955392747843828e-05,5,-0.1639505826463153
pacific,0,5,2.0486345850490648e-05,0.00013910785495687656,5,1.9154909590335207
internal,4,1,0.00010243172925245323,4.636928498562552e-05,5,-0.7925592420686893
instagram,5,0,0.00012291807510294387,2.318464249281276e-05,5,-1.6680279794225892
darude,5,0,0.00012291807510294387,2.318464249281276e-05,5,-1.6680279794225892
term,2,3,6.145903755147194e-05,9.273856997125104e-05,5,0.4114135622572468
telling,4,1,0.00010243172925245323,4.636928498562552e-05,5,-0.7925592420686893
tempered,5,0,0.00012291807510294387,2.318464249281276e-05,5,-1.6680279794225892
temporary,4,1,0.00010243172925245323,4.636928498562552e-05,5,-0.7925592420686893
oops,2,3,6.145903755147194e-05,9.273856997125104e-05,5,0.4114135622572468
opened,3,2,8.194538340196259e-05,6.955392747843828e-05,5,-0.1639505826463153
considering,1,4,4.0972691700981296e-05,0.0001159232124640638,5,1.0400222216796207
traditional,2,3,6.145903755147194e-05,9.273856997125104e-05,5,0.4114135622572468
tennessee,1,4,4.0972691700981296e-05,0.0001159232124640638,5,1.0400222216796207
tbt,4,1,0.00010243172925245323,4.636928498562552e-05,5,-0.7925592420686893
tea,4,1,0.00010243172925245323,4.636928498562552e-05,5,-0.7925592420686893
therapy,4,1,0.00010243172925245323,4.636928498562552e-05,5,-0.7925592420686893
decided,5,0,0.00012291807510294387,2.318464249281276e-05,5,-1.6680279794225892
deck,5,0,0.00012291807510294387,2.318464249281276e-05,5,-1.6680279794225892
title,5,0,0.00012291807510294387,2.318464249281276e-05,5,-1.6680279794225892
fwy,0,5,2.0486345850490648e-05,0.00013910785495687656,5,1.9154909590335207
gabon,1,4,4.0972691700981296e-05,0.0001159232124640638,5,1.0400222216796207
smh,3,2,8.194538340196259e-05,6.955392747843828e-05,5,-0.1639505826463153
smithsonian,0,5,2.0486345850490648e-05,0.00013910785495687656,5,1.9154909590335207
smoking,3,2,8.194538340196259e-05,6.955392747843828e-05,5,-0.1639505826463153
maryland,0,5,2.0486345850490648e-05,0.00013910785495687656,5,1.9154909590335207
mansion,0,5,2.0486345850490648e-05,0.00013910785495687656,5,1.9154909590335207
twia,3,2,8.194538340196259e-05,6.955392747843828e-05,5,-0.1639505826463153
railway,0,5,2.0486345850490648e-05,0.00013910785495687656,5,1.9154909590335207
mi,1,4,4.0972691700981296e-05,0.0001159232124640638,5,1.0400222216796207
michigan,1,4,4.0972691700981296e-05,0.0001159232124640638,5,1.0400222216796207
grateful,0,5,2.0486345850490648e-05,0.00013910785495687656,5,1.9154909590335207
greece,0,5,2.0486345850490648e-05,0.00013910785495687656,5,1.9154909590335207
grab,5,0,0.00012291807510294387,2.318464249281276e-05,5,-1.6680279794225892
grace,2,3,6.145903755147194e-05,9.273856997125104e-05,5,0.4114135622572468
grade,5,0,0.00012291807510294387,2.318464249281276e-05,5,-1.6680279794225892
fill,5,0,0.00012291807510294387,2.318464249281276e-05,5,-1.6680279794225892
method,4,1,0.00010243172925245323,4.636928498562552e-05,5,-0.7925592420686893
mess,3,2,8.194538340196259e-05,6.955392747843828e-05,5,-0.1639505826463153
messenger,5,0,0.00012291807510294387,2.318464249281276e-05,5,-1.6680279794225892
memorial,2,3,6.145903755147194e-05,9.273856997125104e-05,5,0.4114135622572468
winter,3,2,8.194538340196259e-05,6.955392747843828e-05,5,-0.1639505826463153
chair,4,1,0.00010243172925245323,4.636928498562552e-05,5,-0.7925592420686893
raid,1,4,4.0972691700981296e-05,0.0001159232124640638,5,1.0400222216796207
mansehra,0,5,2.0486345850490648e-05,0.00013910785495687656,5,1.9154909590335207
fucked,4,1,0.00010243172925245323,4.636928498562552e-05,5,-0.7925592420686893
freedom,4,1,0.00010243172925245323,4.636928498562552e-05,5,-0.7925592420686893
fresh,3,2,8.194538340196259e-05,6.955392747843828e-05,5,-0.1639505826463153
wired,5,0,0.00012291807510294387,2.318464249281276e-05,5,-1.6680279794225892
spider,4,1,0.00010243172925245323,4.636928498562552e-05,5,-0.7925592420686893
spanish,5,0,0.00012291807510294387,2.318464249281276e-05,5,-1.6680279794225892
spark,1,4,4.0972691700981296e-05,0.0001159232124640638,5,1.0400222216796207
guard,5,0,0.00012291807510294387,2.318464249281276e-05,5,-1.6680279794225892
guardian,0,5,2.0486345850490648e-05,0.00013910785495687656,5,1.9154909590335207
grey,5,0,0.00012291807510294387,2.318464249281276e-05,5,-1.6680279794225892
skill,5,0,0.00012291807510294387,2.318464249281276e-05,5,-1.6680279794225892
sittwe,0,5,2.0486345850490648e-05,0.00013910785495687656,5,1.9154909590335207
sing,5,0,0.00012291807510294387,2.318464249281276e-05,5,-1.6680279794225892
singing,5,0,0.00012291807510294387,2.318464249281276e-05,5,-1.6680279794225892
simulate,1,4,4.0972691700981296e-05,0.0001159232124640638,5,1.0400222216796207
purple,3,2,8.194538340196259e-05,6.955392747843828e-05,5,-0.1639505826463153
providence,4,1,0.00010243172925245323,4.636928498562552e-05,5,-0.7925592420686893
whether,4,1,0.00010243172925245323,4.636928498562552e-05,5,-0.7925592420686893
auth,1,4,4.0972691700981296e-05,0.0001159232124640638,5,1.0400222216796207
av,0,5,2.0486345850490648e-05,0.00013910785495687656,5,1.9154909590335207
putting,5,0,0.00012291807510294387,2.318464249281276e-05,5,-1.6680279794225892
quality,4,1,0.00010243172925245323,4.636928498562552e-05,5,-0.7925592420686893
hd,4,1,0.00010243172925245323,4.636928498562552e-05,5,-0.7925592420686893
chart,2,3,6.145903755147194e-05,9.273856997125104e-05,5,0.4114135622572468
chase,4,1,0.00010243172925245323,4.636928498562552e-05,5,-0.7925592420686893
fair,4,1,0.00010243172925245323,4.636928498562552e-05,5,-0.7925592420686893
faced,2,3,6.145903755147194e-05,9.273856997125104e-05,5,0.4114135622572468
fav,4,1,0.00010243172925245323,4.636928498562552e-05,5,-0.7925592420686893
status,5,0,0.00012291807510294387,2.318464249281276e-05,5,-1.6680279794225892
pulled,2,3,6.145903755147194e-05,9.273856997125104e-05,5,0.4114135622572468
pump,1,4,4.0972691700981296e-05,0.0001159232124640638,5,1.0400222216796207
werent,4,1,0.00010243172925245323,4.636928498562552e-05,5,-0.7925592420686893
lunch,4,1,0.00010243172925245323,4.636928498562552e-05,5,-0.7925592420686893
lung,3,2,8.194538340196259e-05,6.955392747843828e-05,5,-0.1639505826463153
lower,2,3,6.145903755147194e-05,9.273856997125104e-05,5,0.4114135622572468
lowly,5,0,0.00012291807510294387,2.318464249281276e-05,5,-1.6680279794225892
fireman,3,2,8.194538340196259e-05,6.955392747843828e-05,5,-0.1639505826463153
captain,5,0,0.00012291807510294387,2.318464249281276e-05,5,-1.6680279794225892
chaos,0,5,2.0486345850490648e-05,0.00013910785495687656,5,1.9154909590335207
stabbing,1,4,4.0972691700981296e-05,0.0001159232124640638,5,1.0400222216796207
stephen,4,1,0.00010243172925245323,4.636928498562552e-05,5,-0.7925592420686893
stick,5,0,0.00012291807510294387,2.318464249281276e-05,5,-1.6680279794225892
everyones,4,1,0.00010243172925245323,4.636928498562552e-05,5,-0.7925592420686893
evidence,3,2,8.194538340196259e-05,6.955392747843828e-05,5,-0.1639505826463153
estimated,0,5,2.0486345850490648e-05,0.00013910785495687656,5,1.9154909590335207
treat,3,2,8.194538340196259e-05,6.955392747843828e-05,5,-0.1639505826463153
multiplayer,5,0,0.00012291807510294387,2.318464249281276e-05,5,-1.6680279794225892
mido,5,0,0.00012291807510294387,2.318464249281276e-05,5,-1.6680279794225892
fantastic,5,0,0.00012291807510294387,2.318464249281276e-05,5,-1.6680279794225892
falcon,4,1,0.00010243172925245323,4.636928498562552e-05,5,-0.7925592420686893
factory,2,3,6.145903755147194e-05,9.273856997125104e-05,5,0.4114135622572468
truly,1,4,4.0972691700981296e-05,0.0001159232124640638,5,1.0400222216796207
trolley,0,5,2.0486345850490648e-05,0.00013910785495687656,5,1.9154909590335207
starring,3,2,8.194538340196259e-05,6.955392747843828e-05,5,-0.1639505826463153
startup,5,0,0.00012291807510294387,2.318464249281276e-05,5,-1.6680279794225892
fifth,4,1,0.00010243172925245323,4.636928498562552e-05,5,-0.7925592420686893
williams,5,0,0.00012291807510294387,2.318464249281276e-05,5,-1.6680279794225892
protector,5,0,0.00012291807510294387,2.318464249281276e-05,5,-1.6680279794225892
clearly,2,3,6.145903755147194e-05,9.273856997125104e-05,5,0.4114135622572468
classic,3,2,8.194538340196259e-05,6.955392747843828e-05,5,-0.1639505826463153
clean,4,1,0.00010243172925245323,4.636928498562552e-05,5,-0.7925592420686893
cleanup,0,5,2.0486345850490648e-05,0.00013910785495687656,5,1.9154909590335207
error,3,2,8.194538340196259e-05,6.955392747843828e-05,5,-0.1639505826463153
recipe,4,1,0.00010243172925245323,4.636928498562552e-05,5,-0.7925592420686893
recognize,3,2,8.194538340196259e-05,6.955392747843828e-05,5,-0.1639505826463153
recommend,4,1,0.00010243172925245323,4.636928498562552e-05,5,-0.7925592420686893
realized,3,2,8.194538340196259e-05,6.955392747843828e-05,5,-0.1639505826463153
google,2,3,6.145903755147194e-05,9.273856997125104e-05,5,0.4114135622572468
golf,4,1,0.00010243172925245323,4.636928498562552e-05,5,-0.7925592420686893
became,2,3,6.145903755147194e-05,9.273856997125104e-05,5,0.4114135622572468
becomes,3,2,8.194538340196259e-05,6.955392747843828e-05,5,-0.1639505826463153
sharp,0,5,2.0486345850490648e-05,0.00013910785495687656,5,1.9154909590335207
usual,2,3,6.145903755147194e-05,9.273856997125104e-05,5,0.4114135622572468
losing,4,1,0.00010243172925245323,4.636928498562552e-05,5,-0.7925592420686893
estate,2,3,6.145903755147194e-05,9.273856997125104e-05,5,0.4114135622572468
explosionproof,5,0,0.00012291807510294387,2.318464249281276e-05,5,-1.6680279794225892
extra,2,3,6.145903755147194e-05,9.273856997125104e-05,5,0.4114135622572468
experiment,0,5,2.0486345850490648e-05,0.00013910785495687656,5,1.9154909590335207
example,4,1,0.00010243172925245323,4.636928498562552e-05,5,-0.7925592420686893
looting,2,3,6.145903755147194e-05,9.273856997125104e-05,5,0.4114135622572468
wet,5,0,0.00012291807510294387,2.318464249281276e-05,5,-1.6680279794225892
whale,2,3,6.145903755147194e-05,9.273856997125104e-05,5,0.4114135622572468
weed,4,1,0.00010243172925245323,4.636928498562552e-05,5,-0.7925592420686893
weight,5,0,0.00012291807510294387,2.318464249281276e-05,5,-1.6680279794225892
wearing,4,1,0.00010243172925245323,4.636928498562552e-05,5,-0.7925592420686893
website,3,2,8.194538340196259e-05,6.955392747843828e-05,5,-0.1639505826463153
shell,3,2,8.194538340196259e-05,6.955392747843828e-05,5,-0.1639505826463153
multiple,2,3,6.145903755147194e-05,9.273856997125104e-05,5,0.4114135622572468
hopefully,4,1,0.00010243172925245323,4.636928498562552e-05,5,-0.7925592420686893
sentinel,1,4,4.0972691700981296e-05,0.0001159232124640638,5,1.0400222216796207
serial,1,4,4.0972691700981296e-05,0.0001159232124640638,5,1.0400222216796207
served,3,2,8.194538340196259e-05,6.955392747843828e-05,5,-0.1639505826463153
section,4,1,0.00010243172925245323,4.636928498562552e-05,5,-0.7925592420686893
campaign,4,1,0.00010243172925245323,4.636928498562552e-05,5,-0.7925592420686893
campus,3,2,8.194538340196259e-05,6.955392747843828e-05,5,-0.1639505826463153
wo,3,2,8.194538340196259e-05,6.955392747843828e-05,5,-0.1639505826463153
asap,4,1,0.00010243172925245323,4.636928498562552e-05,5,-0.7925592420686893
station,1,4,4.0972691700981296e-05,0.0001159232124640638,5,1.0400222216796207
prompt,2,3,6.145903755147194e-05,9.273856997125104e-05,5,0.4114135622572468
profile,4,1,0.00010243172925245323,4.636928498562552e-05,5,-0.7925592420686893
print,5,0,0.00012291807510294387,2.318464249281276e-05,5,-1.6680279794225892
prison,1,4,4.0972691700981296e-05,0.0001159232124640638,5,1.0400222216796207
pro,3,2,8.194538340196259e-05,6.955392747843828e-05,5,-0.1639505826463153
remain,2,3,6.145903755147194e-05,9.273856997125104e-05,5,0.4114135622572468
register,4,1,0.00010243172925245323,4.636928498562552e-05,5,-0.7925592420686893
reduced,3,2,8.194538340196259e-05,6.955392747843828e-05,5,-0.1639505826463153
upper,3,2,8.194538340196259e-05,6.955392747843828e-05,5,-0.1639505826463153
hip,5,0,0.00012291807510294387,2.318464249281276e-05,5,-1.6680279794225892
lesson,1,4,4.0972691700981296e-05,0.0001159232124640638,5,1.0400222216796207
lethal,4,1,0.00010243172925245323,4.636928498562552e-05,5,-0.7925592420686893
trap,4,1,0.00010243172925245323,4.636928498562552e-05,5,-0.7925592420686893
idk,4,1,0.00010243172925245323,4.636928498562552e-05,5,-0.7925592420686893
bedroom,4,1,0.00010243172925245323,4.636928498562552e-05,5,-0.7925592420686893
unsafe,2,3,6.145903755147194e-05,9.273856997125104e-05,5,0.4114135622572468
uniform,4,1,0.00010243172925245323,4.636928498562552e-05,5,-0.7925592420686893
sexual,3,2,8.194538340196259e-05,6.955392747843828e-05,5,-0.1639505826463153
heaven,5,0,0.00012291807510294387,2.318464249281276e-05,5,-1.6680279794225892
lmfao,4,1,0.00010243172925245323,4.636928498562552e-05,5,-0.7925592420686893
lip,5,0,0.00012291807510294387,2.318464249281276e-05,5,-1.6680279794225892
en,4,1,0.00010243172925245323,4.636928498562552e-05,5,-0.7925592420686893
stranded,1,4,4.0972691700981296e-05,0.0001159232124640638,5,1.0400222216796207
strange,4,1,0.00010243172925245323,4.636928498562552e-05,5,-0.7925592420686893
strategicpatience,1,4,4.0972691700981296e-05,0.0001159232124640638,5,1.0400222216796207
streak,0,5,2.0486345850490648e-05,0.00013910785495687656,5,1.9154909590335207
stir,1,4,4.0972691700981296e-05,0.0001159232124640638,5,1.0400222216796207
scientist,2,3,6.145903755147194e-05,9.273856997125104e-05,5,0.4114135622572468
iii,4,1,0.00010243172925245323,4.636928498562552e-05,5,-0.7925592420686893
cnbc,4,1,0.00010243172925245323,4.636928498562552e-05,5,-0.7925592420686893
towards,1,4,4.0972691700981296e-05,0.0001159232124640638,5,1.0400222216796207
easily,5,0,0.00012291807510294387,2.318464249281276e-05,5,-1.6680279794225892
earner,5,0,0.00012291807510294387,2.318464249281276e-05,5,-1.6680279794225892
mourning,1,4,4.0972691700981296e-05,0.0001159232124640638,5,1.0400222216796207
naved,1,4,4.0972691700981296e-05,0.0001159232124640638,5,1.0400222216796207
museum,2,3,6.145903755147194e-05,9.273856997125104e-05,5,0.4114135622572468
musician,5,0,0.00012291807510294387,2.318464249281276e-05,5,-1.6680279794225892
height,5,0,0.00012291807510294387,2.318464249281276e-05,5,-1.6680279794225892
host,3,2,8.194538340196259e-05,6.955392747843828e-05,5,-0.1639505826463153
huffman,5,0,0.00012291807510294387,2.318464249281276e-05,5,-1.6680279794225892
huh,5,0,0.00012291807510294387,2.318464249281276e-05,5,-1.6680279794225892
housing,2,3,6.145903755147194e-05,9.273856997125104e-05,5,0.4114135622572468
sean,5,0,0.00012291807510294387,2.318464249281276e-05,5,-1.6680279794225892
reporting,2,3,6.145903755147194e-05,9.273856997125104e-05,5,0.4114135622572468
reportedly,1,4,4.0972691700981296e-05,0.0001159232124640638,5,1.0400222216796207
sarah,4,1,0.00010243172925245323,4.636928498562552e-05,5,-0.7925592420686893
sanction,2,3,6.145903755147194e-05,9.273856997125104e-05,5,0.4114135622572468
safer,4,1,0.00010243172925245323,4.636928498562552e-05,5,-0.7925592420686893
innocent,2,3,6.145903755147194e-05,9.273856997125104e-05,5,0.4114135622572468
violence,2,3,6.145903755147194e-05,9.273856997125104e-05,5,0.4114135622572468
bride,5,0,0.00012291807510294387,2.318464249281276e-05,5,-1.6680279794225892
brake,0,5,2.0486345850490648e-05,0.00013910785495687656,5,1.9154909590335207
hieroglyphic,5,0,0.00012291807510294387,2.318464249281276e-05,5,-1.6680279794225892
stuck,2,3,6.145903755147194e-05,9.273856997125104e-05,5,0.4114135622572468
education,5,0,0.00012291807510294387,2.318464249281276e-05,5,-1.6680279794225892
cofounder,5,0,0.00012291807510294387,2.318464249281276e-05,5,-1.6680279794225892
pres,3,2,8.194538340196259e-05,6.955392747843828e-05,5,-0.1639505826463153
present,4,1,0.00010243172925245323,4.636928498562552e-05,5,-0.7925592420686893
predicted,1,4,4.0972691700981296e-05,0.0001159232124640638,5,1.0400222216796207
newyork,0,5,2.0486345850490648e-05,0.00013910785495687656,5,1.9154909590335207
nema,2,3,6.145903755147194e-05,9.273856997125104e-05,5,0.4114135622572468
trafford,1,4,4.0972691700981296e-05,0.0001159232124640638,5,1.0400222216796207
electrical,2,3,6.145903755147194e-05,9.273856997125104e-05,5,0.4114135622572468
equal,4,1,0.00010243172925245323,4.636928498562552e-05,5,-0.7925592420686893
engine,1,4,4.0972691700981296e-05,0.0001159232124640638,5,1.0400222216796207
coastal,4,1,0.00010243172925245323,4.636928498562552e-05,5,-0.7925592420686893
clothes,5,0,0.00012291807510294387,2.318464249281276e-05,5,-1.6680279794225892
surprised,4,1,0.00010243172925245323,4.636928498562552e-05,5,-0.7925592420686893
dutch,2,3,6.145903755147194e-05,9.273856997125104e-05,5,0.4114135622572468
suck,4,1,0.00010243172925245323,4.636928498562552e-05,5,-0.7925592420686893
suffering,3,2,8.194538340196259e-05,6.955392747843828e-05,5,-0.1639505826463153
anyway,5,0,0.00012291807510294387,2.318464249281276e-05,5,-1.6680279794225892
worried,1,4,4.0972691700981296e-05,0.0001159232124640638,5,1.0400222216796207
democracy,3,2,8.194538340196259e-05,6.955392747843828e-05,5,-0.1639505826463153
demand,1,4,4.0972691700981296e-05,0.0001159232124640638,5,1.0400222216796207
definitely,3,2,8.194538340196259e-05,6.955392747843828e-05,5,-0.1639505826463153
tag,5,0,0.00012291807510294387,2.318464249281276e-05,5,-1.6680279794225892
wonderful,5,0,0.00012291807510294387,2.318464249281276e-05,5,-1.6680279794225892
wondering,3,2,8.194538340196259e-05,6.955392747843828e-05,5,-0.1639505826463153
np,5,0,0.00012291807510294387,2.318464249281276e-05,5,-1.6680279794225892
nu,1,4,4.0972691700981296e-05,0.0001159232124640638,5,1.0400222216796207
normal,2,3,6.145903755147194e-05,9.273856997125104e-05,5,0.4114135622572468
drove,3,2,8.194538340196259e-05,6.955392747843828e-05,5,-0.1639505826463153
summerfate,5,0,0.00012291807510294387,2.318464249281276e-05,5,-1.6680279794225892
success,4,1,0.00010243172925245323,4.636928498562552e-05,5,-0.7925592420686893
diet,5,0,0.00012291807510294387,2.318464249281276e-05,5,-1.6680279794225892
drawn,1,4,4.0972691700981296e-05,0.0001159232124640638,5,1.0400222216796207
doubt,5,0,0.00012291807510294387,2.318464249281276e-05,5,-1.6680279794225892
dk,5,0,0.00012291807510294387,2.318464249281276e-05,5,-1.6680279794225892
pov,0,5,2.0486345850490648e-05,0.00013910785495687656,5,1.9154909590335207
poverty,3,2,8.194538340196259e-05,6.955392747843828e-05,5,-0.1639505826463153
ton,2,3,6.145903755147194e-05,9.273856997125104e-05,5,0.4114135622572468
diamond,4,1,0.00010243172925245323,4.636928498562552e-05,5,-0.7925592420686893
reno,0,5,2.0486345850490648e-05,0.00013910785495687656,5,1.9154909590335207
rep,4,1,0.00010243172925245323,4.636928498562552e-05,5,-0.7925592420686893
lgbt,4,1,0.00010243172925245323,4.636928498562552e-05,5,-0.7925592420686893
email,2,3,6.145903755147194e-05,9.273856997125104e-05,5,0.4114135622572468
emotionally,3,2,8.194538340196259e-05,6.955392747843828e-05,5,-0.1639505826463153
elevated,0,5,2.0486345850490648e-05,0.00013910785495687656,5,1.9154909590335207
preview,5,0,0.00012291807510294387,2.318464249281276e-05,5,-1.6680279794225892
prepared,4,1,0.00010243172925245323,4.636928498562552e-05,5,-0.7925592420686893
include,2,3,6.145903755147194e-05,9.273856997125104e-05,5,0.4114135622572468
restore,4,1,0.00010243172925245323,4.636928498562552e-05,5,-0.7925592420686893
legal,4,1,0.00010243172925245323,4.636928498562552e-05,5,-0.7925592420686893
laugh,5,0,0.00012291807510294387,2.318464249281276e-05,5,-1.6680279794225892
laughing,4,1,0.00010243172925245323,4.636928498562552e-05,5,-0.7925592420686893
swimming,2,3,6.145903755147194e-05,9.273856997125104e-05,5,0.4114135622572468
sydney,1,4,4.0972691700981296e-05,0.0001159232124640638,5,1.0400222216796207
tracking,2,3,6.145903755147194e-05,9.273856997125104e-05,5,0.4114135622572468
boot,3,2,8.194538340196259e-05,6.955392747843828e-05,5,-0.1639505826463153
bos,4,1,0.00010243172925245323,4.636928498562552e-05,5,-0.7925592420686893
victory,3,2,8.194538340196259e-05,6.955392747843828e-05,5,-0.1639505826463153
beam,4,1,0.00010243172925245323,4.636928498562552e-05,5,-0.7925592420686893
bath,3,2,8.194538340196259e-05,6.955392747843828e-05,5,-0.1639505826463153
battling,1,4,4.0972691700981296e-05,0.0001159232124640638,5,1.0400222216796207
bowl,4,1,0.00010243172925245323,4.636928498562552e-05,5,-0.7925592420686893
injuryi,1,4,4.0972691700981296e-05,0.0001159232124640638,5,1.0400222216796207
occasion,4,1,0.00010243172925245323,4.636928498562552e-05,5,-0.7925592420686893
vulnerable,1,4,4.0972691700981296e-05,0.0001159232124640638,5,1.0400222216796207
royal,3,2,8.194538340196259e-05,6.955392747843828e-05,5,-0.1639505826463153
rome,2,3,6.145903755147194e-05,9.273856997125104e-05,5,0.4114135622572468
jamaica,1,4,4.0972691700981296e-05,0.0001159232124640638,5,1.0400222216796207
jap,0,5,2.0486345850490648e-05,0.00013910785495687656,5,1.9154909590335207
kicked,4,1,0.00010243172925245323,4.636928498562552e-05,5,-0.7925592420686893
bounty,1,4,4.0972691700981296e-05,0.0001159232124640638,5,1.0400222216796207
object,2,3,6.145903755147194e-05,9.273856997125104e-05,5,0.4114135622572468
nuke,0,5,2.0486345850490648e-05,0.00013910785495687656,5,1.9154909590335207
pls,4,1,0.00010243172925245323,4.636928498562552e-05,5,-0.7925592420686893
depth,1,4,4.0972691700981296e-05,0.0001159232124640638,5,1.0400222216796207
toward,1,4,4.0972691700981296e-05,0.0001159232124640638,5,1.0400222216796207
port,0,5,2.0486345850490648e-05,0.00013910785495687656,5,1.9154909590335207
odeon,1,4,4.0972691700981296e-05,0.0001159232124640638,5,1.0400222216796207
oc,4,1,0.00010243172925245323,4.636928498562552e-05,5,-0.7925592420686893
wouldve,3,2,8.194538340196259e-05,6.955392747843828e-05,5,-0.1639505826463153
allowed,3,2,8.194538340196259e-05,6.955392747843828e-05,5,-0.1639505826463153
alberta,0,5,2.0486345850490648e-05,0.00013910785495687656,5,1.9154909590335207
penalty,4,1,0.00010243172925245323,4.636928498562552e-05,5,-0.7925592420686893
pepper,3,2,8.194538340196259e-05,6.955392747843828e-05,5,-0.1639505826463153
peanut,5,0,0.00012291807510294387,2.318464249281276e-05,5,-1.6680279794225892
pedestrian,1,4,4.0972691700981296e-05,0.0001159232124640638,5,1.0400222216796207
thus,4,1,0.00010243172925245323,4.636928498562552e-05,5,-0.7925592420686893
afterlife,4,1,0.00010243172925245323,4.636928498562552e-05,5,-0.7925592420686893
affect,2,3,6.145903755147194e-05,9.273856997125104e-05,5,0.4114135622572468
tide,3,2,8.194538340196259e-05,6.955392747843828e-05,5,-0.1639505826463153
threatening,0,5,2.0486345850490648e-05,0.00013910785495687656,5,1.9154909590335207
pantherattack,3,2,8.194538340196259e-05,6.955392747843828e-05,5,-0.1639505826463153
paper,4,1,0.00010243172925245323,4.636928498562552e-05,5,-0.7925592420686893
paint,4,1,0.00010243172925245323,4.636928498562552e-05,5,-0.7925592420686893
pak,1,4,4.0972691700981296e-05,0.0001159232124640638,5,1.0400222216796207
amongst,2,3,6.145903755147194e-05,9.273856997125104e-05,5,0.4114135622572468
plate,4,1,0.00010243172925245323,4.636928498562552e-05,5,-0.7925592420686893
playoff,5,0,0.00012291807510294387,2.318464249281276e-05,5,-1.6680279794225892
actual,4,1,0.00010243172925245323,4.636928498562552e-05,5,-0.7925592420686893
writer,4,1,0.00010243172925245323,4.636928498562552e-05,5,-0.7925592420686893
written,5,0,0.00012291807510294387,2.318464249281276e-05,5,-1.6680279794225892
palestine,0,5,2.0486345850490648e-05,0.00013910785495687656,5,1.9154909590335207
afraid,2,3,6.145903755147194e-05,9.273856997125104e-05,5,0.4114135622572468
restaurant,3,2,8.194538340196259e-05,6.955392747843828e-05,5,-0.1639505826463153
increased,1,4,4.0972691700981296e-05,0.0001159232124640638,5,1.0400222216796207
investigation,3,2,8.194538340196259e-05,6.955392747843828e-05,5,-0.1639505826463153
kerricktrial,3,2,8.194538340196259e-05,6.955392747843828e-05,5,-0.1639505826463153
language,4,1,0.00010243172925245323,4.636928498562552e-05,5,-0.7925592420686893
revealed,3,2,8.194538340196259e-05,6.955392747843828e-05,5,-0.1639505826463153
reward,2,3,6.145903755147194e-05,9.273856997125104e-05,5,0.4114135622572468
ankle,5,0,0.00012291807510294387,2.318464249281276e-05,5,-1.6680279794225892
rape,2,3,6.145903755147194e-05,9.273856997125104e-05,5,0.4114135622572468
rapidly,2,3,6.145903755147194e-05,9.273856997125104e-05,5,0.4114135622572468
radar,1,4,4.0972691700981296e-05,0.0001159232124640638,5,1.0400222216796207
cave,2,3,6.145903755147194e-05,9.273856997125104e-05,5,0.4114135622572468
calamity,1,4,4.0972691700981296e-05,0.0001159232124640638,5,1.0400222216796207
ugh,5,0,0.00012291807510294387,2.318464249281276e-05,5,-1.6680279794225892
maria,4,1,0.00010243172925245323,4.636928498562552e-05,5,-0.7925592420686893
marine,2,3,6.145903755147194e-05,9.273856997125104e-05,5,0.4114135622572468
asshole,5,0,0.00012291807510294387,2.318464249281276e-05,5,-1.6680279794225892
bargain,4,1,0.00010243172925245323,4.636928498562552e-05,5,-0.7925592420686893
aware,0,5,2.0486345850490648e-05,0.00013910785495687656,5,1.9154909590335207
tutorial,5,0,0.00012291807510294387,2.318464249281276e-05,5,-1.6680279794225892
socialnews,0,5,2.0486345850490648e-05,0.00013910785495687656,5,1.9154909590335207
solution,4,1,0.00010243172925245323,4.636928498562552e-05,5,-0.7925592420686893
flying,2,3,6.145903755147194e-05,9.273856997125104e-05,5,0.4114135622572468
flew,2,3,6.145903755147194e-05,9.273856997125104e-05,5,0.4114135622572468
jewish,1,4,4.0972691700981296e-05,0.0001159232124640638,5,1.0400222216796207
walmart,1,4,4.0972691700981296e-05,0.0001159232124640638,5,1.0400222216796207
bjp,0,5,2.0486345850490648e-05,0.00013910785495687656,5,1.9154909590335207
blackberry,5,0,0.00012291807510294387,2.318464249281276e-05,5,-1.6680279794225892
bird,3,2,8.194538340196259e-05,6.955392747843828e-05,5,-0.1639505826463153
agreed,2,3,6.145903755147194e-05,9.273856997125104e-05,5,0.4114135622572468
germany,2,3,6.145903755147194e-05,9.273856997125104e-05,5,0.4114135622572468
gift,3,2,8.194538340196259e-05,6.955392747843828e-05,5,-0.1639505826463153
rolling,2,3,6.145903755147194e-05,9.273856997125104e-05,5,0.4114135622572468
romance,5,0,0.00012291807510294387,2.318464249281276e-05,5,-1.6680279794225892
warned,4,1,0.00010243172925245323,4.636928498562552e-05,5,-0.7925592420686893
blocking,1,4,4.0972691700981296e-05,0.0001159232124640638,5,1.0400222216796207
blind,2,3,6.145903755147194e-05,9.273856997125104e-05,5,0.4114135622572468
jacksonville,2,3,6.145903755147194e-05,9.273856997125104e-05,5,0.4114135622572468
judge,5,0,0.00012291807510294387,2.318464249281276e-05,5,-1.6680279794225892
kaduna,0,5,2.0486345850490648e-05,0.00013910785495687656,5,1.9154909590335207
painting,4,0,0.00010243172925245323,2.318464249281276e-05,4,-1.4857064226286347
angeles,2,2,6.145903755147194e-05,6.955392747843828e-05,4,0.12373148980546575
hoax,2,2,6.145903755147194e-05,6.955392747843828e-05,4,0.12373148980546575
pattern,4,0,0.00010243172925245323,2.318464249281276e-05,4,-1.4857064226286347
pbban,3,1,8.194538340196259e-05,4.636928498562552e-05,4,-0.5694156907544795
peaceful,3,1,8.194538340196259e-05,4.636928498562552e-05,4,-0.5694156907544795
hoe,2,2,6.145903755147194e-05,6.955392747843828e-05,4,0.12373148980546575
holland,3,1,8.194538340196259e-05,4.636928498562552e-05,4,-0.5694156907544795
perhaps,3,1,8.194538340196259e-05,4.636928498562552e-05,4,-0.5694156907544795
abbswinston,0,4,2.0486345850490648e-05,0.0001159232124640638,4,1.733169402239566
yorker,1,3,4.0972691700981296e-05,9.273856997125104e-05,4,0.8168786703654111
chain,4,0,0.00010243172925245323,2.318464249281276e-05,4,-1.4857064226286347
changed,3,1,8.194538340196259e-05,4.636928498562552e-05,4,-0.5694156907544795
capacity,4,0,0.00010243172925245323,2.318464249281276e-05,4,-1.4857064226286347
passed,2,2,6.145903755147194e-05,6.955392747843828e-05,4,0.12373148980546575
unlocking,1,3,4.0972691700981296e-05,9.273856997125104e-05,4,0.8168786703654111
uribe,4,0,0.00010243172925245323,2.318464249281276e-05,4,-1.4857064226286347
hang,4,0,0.00010243172925245323,2.318464249281276e-05,4,-1.4857064226286347
acid,1,3,4.0972691700981296e-05,9.273856997125104e-05,4,0.8168786703654111
braking,0,4,2.0486345850490648e-05,0.0001159232124640638,4,1.733169402239566
activates,0,4,2.0486345850490648e-05,0.0001159232124640638,4,1.733169402239566
haram,1,3,4.0972691700981296e-05,9.273856997125104e-05,4,0.8168786703654111
yazidis,0,4,2.0486345850490648e-05,0.0001159232124640638,4,1.733169402239566
yellow,2,2,6.145903755147194e-05,6.955392747843828e-05,4,0.12373148980546575
harbor,0,4,2.0486345850490648e-05,0.0001159232124640638,4,1.733169402239566
university,1,3,4.0972691700981296e-05,9.273856997125104e-05,4,0.8168786703654111
brutally,1,3,4.0972691700981296e-05,9.273856997125104e-05,4,0.8168786703654111
bu,4,0,0.00010243172925245323,2.318464249281276e-05,4,-1.4857064226286347
ability,2,2,6.145903755147194e-05,6.955392747843828e-05,4,0.12373148980546575
buckle,4,0,0.00010243172925245323,2.318464249281276e-05,4,-1.4857064226286347
abortion,3,1,8.194538340196259e-05,4.636928498562552e-05,4,-0.5694156907544795
buddy,2,2,6.145903755147194e-05,6.955392747843828e-05,4,0.12373148980546575
accused,2,2,6.145903755147194e-05,6.955392747843828e-05,4,0.12373148980546575
accuses,3,1,8.194538340196259e-05,4.636928498562552e-05,4,-0.5694156907544795
bulletin,0,4,2.0486345850490648e-05,0.0001159232124640638,4,1.733169402239566
orange,2,2,6.145903755147194e-05,6.955392747843828e-05,4,0.12373148980546575
cabin,1,3,4.0972691700981296e-05,9.273856997125104e-05,4,0.8168786703654111
caitlin,4,0,0.00010243172925245323,2.318464249281276e-05,4,-1.4857064226286347
settlement,1,3,4.0972691700981296e-05,9.273856997125104e-05,4,0.8168786703654111
origin,4,0,0.00010243172925245323,2.318464249281276e-05,4,-1.4857064226286347
cam,4,0,0.00010243172925245323,2.318464249281276e-05,4,-1.4857064226286347
vancouver,2,2,6.145903755147194e-05,6.955392747843828e-05,4,0.12373148980546575
vega,3,1,8.194538340196259e-05,4.636928498562552e-05,4,-0.5694156907544795
shake,3,1,8.194538340196259e-05,4.636928498562552e-05,4,-0.5694156907544795
shanghai,3,1,8.194538340196259e-05,4.636928498562552e-05,4,-0.5694156907544795
opposite,2,2,6.145903755147194e-05,6.955392747843828e-05,4,0.12373148980546575
shared,4,0,0.00010243172925245323,2.318464249281276e-05,4,-1.4857064226286347
oppression,3,1,8.194538340196259e-05,4.636928498562552e-05,4,-0.5694156907544795
utter,2,2,6.145903755147194e-05,6.955392747843828e-05,4,0.12373148980546575
opus,4,0,0.00010243172925245323,2.318464249281276e-05,4,-1.4857064226286347
haunting,0,4,2.0486345850490648e-05,0.0001159232124640638,4,1.733169402239566
heading,1,3,4.0972691700981296e-05,9.273856997125104e-05,4,0.8168786703654111
utterly,2,2,6.145903755147194e-05,6.955392747843828e-05,4,0.12373148980546575
headphone,4,0,0.00010243172925245323,2.318464249281276e-05,4,-1.4857064226286347
vacant,4,0,0.00010243172925245323,2.318464249281276e-05,4,-1.4857064226286347
pet,3,1,8.194538340196259e-05,4.636928498562552e-05,4,-0.5694156907544795
val,3,1,8.194538340196259e-05,4.636928498562552e-05,4,-0.5694156907544795
photoshop,4,0,0.00010243172925245323,2.318464249281276e-05,4,-1.4857064226286347
breakingnews,1,3,4.0972691700981296e-05,9.273856997125104e-05,4,0.8168786703654111
brings,3,1,8.194538340196259e-05,4.636928498562552e-05,4,-0.5694156907544795
pam,1,3,4.0972691700981296e-05,9.273856997125104e-05,4,0.8168786703654111
waimate,0,4,2.0486345850490648e-05,0.0001159232124640638,4,1.733169402239566
bless,3,1,8.194538340196259e-05,4.636928498562552e-05,4,-0.5694156907544795
paramedic,2,2,6.145903755147194e-05,6.955392747843828e-05,4,0.12373148980546575
blks,1,3,4.0972691700981296e-05,9.273856997125104e-05,4,0.8168786703654111
parking,3,1,8.194538340196259e-05,4.636928498562552e-05,4,-0.5694156907544795
planning,3,1,8.194538340196259e-05,4.636928498562552e-05,4,-0.5694156907544795
planted,1,3,4.0972691700981296e-05,9.273856997125104e-05,4,0.8168786703654111
si,3,1,8.194538340196259e-05,4.636928498562552e-05,4,-0.5694156907544795
num,1,3,4.0972691700981296e-05,9.273856997125104e-05,4,0.8168786703654111
numbered,4,0,0.00010243172925245323,2.318464249281276e-05,4,-1.4857064226286347
votejkt,1,3,4.0972691700981296e-05,9.273856997125104e-05,4,0.8168786703654111
voter,3,1,8.194538340196259e-05,4.636928498562552e-05,4,-0.5694156907544795
bp,1,3,4.0972691700981296e-05,9.273856997125104e-05,4,0.8168786703654111
gon,4,0,0.00010243172925245323,2.318464249281276e-05,4,-1.4857064226286347
gusty,0,4,2.0486345850490648e-05,0.0001159232124640638,4,1.733169402239566
opinion,3,1,8.194538340196259e-05,4.636928498562552e-05,4,-0.5694156907544795
pit,1,3,4.0972691700981296e-05,9.273856997125104e-05,4,0.8168786703654111
pitch,3,1,8.194538340196259e-05,4.636928498562552e-05,4,-0.5694156907544795
vintage,4,0,0.00010243172925245323,2.318464249281276e-05,4,-1.4857064226286347
pizza,2,2,6.145903755147194e-05,6.955392747843828e-05,4,0.12373148980546575
plaguing,3,1,8.194538340196259e-05,4.636928498562552e-05,4,-0.5694156907544795
bored,4,0,0.00010243172925245323,2.318464249281276e-05,4,-1.4857064226286347
boundary,2,2,6.145903755147194e-05,6.955392747843828e-05,4,0.12373148980546575
boxer,3,1,8.194538340196259e-05,4.636928498562552e-05,4,-0.5694156907544795
washed,0,4,2.0486345850490648e-05,0.0001159232124640638,4,1.733169402239566
omfg,1,3,4.0972691700981296e-05,9.273856997125104e-05,4,0.8168786703654111
beer,3,1,8.194538340196259e-05,4.636928498562552e-05,4,-0.5694156907544795
beforeitsnews,1,3,4.0972691700981296e-05,9.273856997125104e-05,4,0.8168786703654111
belief,2,2,6.145903755147194e-05,6.955392747843828e-05,4,0.12373148980546575
otrametlife,3,1,8.194538340196259e-05,4.636928498562552e-05,4,-0.5694156907544795
outdoor,2,2,6.145903755147194e-05,6.955392747843828e-05,4,0.12373148980546575
wanting,4,0,0.00010243172925245323,2.318464249281276e-05,4,-1.4857064226286347
gt,3,1,8.194538340196259e-05,4.636928498562552e-05,4,-0.5694156907544795
overnight,0,4,2.0486345850490648e-05,0.0001159232124640638,4,1.733169402239566
pace,3,1,8.194538340196259e-05,4.636928498562552e-05,4,-0.5694156907544795
warfighting,0,4,2.0486345850490648e-05,0.0001159232124640638,4,1.733169402239566
okanagan,0,4,2.0486345850490648e-05,0.0001159232124640638,4,1.733169402239566
note,3,1,8.194538340196259e-05,4.636928498562552e-05,4,-0.5694156907544795
warn,2,2,6.145903755147194e-05,6.955392747843828e-05,4,0.12373148980546575
bite,3,1,8.194538340196259e-05,4.636928498562552e-05,4,-0.5694156907544795
walker,1,3,4.0972691700981296e-05,9.273856997125104e-05,4,0.8168786703654111
bluejays,4,0,0.00010243172925245323,2.318464249281276e-05,4,-1.4857064226286347
bluetooth,4,0,0.00010243172925245323,2.318464249281276e-05,4,-1.4857064226286347
nude,3,1,8.194538340196259e-05,4.636928498562552e-05,4,-0.5694156907544795
biker,1,3,4.0972691700981296e-05,9.273856997125104e-05,4,0.8168786703654111
harper,2,2,6.145903755147194e-05,6.955392747843828e-05,4,0.12373148980546575
harry,4,0,0.00010243172925245323,2.318464249281276e-05,4,-1.4857064226286347
biological,2,2,6.145903755147194e-05,6.955392747843828e-05,4,0.12373148980546575
average,3,1,8.194538340196259e-05,4.636928498562552e-05,4,-0.5694156907544795
noise,3,1,8.194538340196259e-05,4.636928498562552e-05,4,-0.5694156907544795
non,2,2,6.145903755147194e-05,6.955392747843828e-05,4,0.12373148980546575
aw,4,0,0.00010243172925245323,2.318464249281276e-05,4,-1.4857064226286347
backyard,2,2,6.145903755147194e-05,6.955392747843828e-05,4,0.12373148980546575
battleship,2,2,6.145903755147194e-05,6.955392747843828e-05,4,0.12373148980546575
positive,4,0,0.00010243172925245323,2.318464249281276e-05,4,-1.4857064226286347
weak,2,2,6.145903755147194e-05,6.955392747843828e-05,4,0.12373148980546575
posted,2,2,6.145903755147194e-05,6.955392747843828e-05,4,0.12373148980546575
wear,4,0,0.00010243172925245323,2.318464249281276e-05,4,-1.4857064226286347
bff,4,0,0.00010243172925245323,2.318464249281276e-05,4,-1.4857064226286347
pp,2,2,6.145903755147194e-05,6.955392747843828e-05,4,0.12373148980546575
gadget,3,1,8.194538340196259e-05,4.636928498562552e-05,4,-0.5694156907544795
gain,3,1,8.194538340196259e-05,4.636928498562552e-05,4,-0.5694156907544795
bicycle,2,2,6.145903755147194e-05,6.955392747843828e-05,4,0.12373148980546575
base,2,2,6.145903755147194e-05,6.955392747843828e-05,4,0.12373148980546575
batter,2,2,6.145903755147194e-05,6.955392747843828e-05,4,0.12373148980546575
benefit,3,1,8.194538340196259e-05,4.636928498562552e-05,4,-0.5694156907544795
pond,0,4,2.0486345850490648e-05,0.0001159232124640638,4,1.733169402239566
sin,4,0,0.00010243172925245323,2.318464249281276e-05,4,-1.4857064226286347
porn,4,0,0.00010243172925245323,2.318464249281276e-05,4,-1.4857064226286347
betrayed,3,1,8.194538340196259e-05,4.636928498562552e-05,4,-0.5694156907544795
six,0,4,2.0486345850490648e-05,0.0001159232124640638,4,1.733169402239566
previous,2,2,6.145903755147194e-05,6.955392747843828e-05,4,0.12373148980546575
previously,0,4,2.0486345850490648e-05,0.0001159232124640638,4,1.733169402239566
primary,4,0,0.00010243172925245323,2.318464249281276e-05,4,-1.4857064226286347
muscle,4,0,0.00010243172925245323,2.318464249281276e-05,4,-1.4857064226286347
nail,1,3,4.0972691700981296e-05,9.273856997125104e-05,4,0.8168786703654111
sixth,3,1,8.194538340196259e-05,4.636928498562552e-05,4,-0.5694156907544795
prabhu,0,4,2.0486345850490648e-05,0.0001159232124640638,4,1.733169402239566
wicked,2,2,6.145903755147194e-05,6.955392747843828e-05,4,0.12373148980546575
skinny,1,3,4.0972691700981296e-05,9.273856997125104e-05,4,0.8168786703654111
precipitation,0,4,2.0486345850490648e-05,0.0001159232124640638,4,1.733169402239566
predict,2,2,6.145903755147194e-05,6.955392747843828e-05,4,0.12373148980546575
willing,2,2,6.145903755147194e-05,6.955392747843828e-05,4,0.12373148980546575
prefer,3,1,8.194538340196259e-05,4.636928498562552e-05,4,-0.5694156907544795
pregnant,3,1,8.194538340196259e-05,4.636928498562552e-05,4,-0.5694156907544795
winston,2,2,6.145903755147194e-05,6.955392747843828e-05,4,0.12373148980546575
network,2,2,6.145903755147194e-05,6.955392747843828e-05,4,0.12373148980546575
newlywed,3,1,8.194538340196259e-05,4.636928498562552e-05,4,-0.5694156907544795
wire,2,2,6.145903755147194e-05,6.955392747843828e-05,4,0.12373148980546575
nfl,4,0,0.00010243172925245323,2.318464249281276e-05,4,-1.4857064226286347
nicki,4,0,0.00010243172925245323,2.318464249281276e-05,4,-1.4857064226286347
niece,3,1,8.194538340196259e-05,4.636928498562552e-05,4,-0.5694156907544795
nigeria,0,4,2.0486345850490648e-05,0.0001159232124640638,4,1.733169402239566
arabian,0,4,2.0486345850490648e-05,0.0001159232124640638,4,1.733169402239566
whao,0,4,2.0486345850490648e-05,0.0001159232124640638,4,1.733169402239566
negative,3,1,8.194538340196259e-05,4.636928498562552e-05,4,-0.5694156907544795
wheres,3,1,8.194538340196259e-05,4.636928498562552e-05,4,-0.5694156907544795
wholesale,1,3,4.0972691700981296e-05,9.273856997125104e-05,4,0.8168786703654111
silence,3,1,8.194538340196259e-05,4.636928498562552e-05,4,-0.5694156907544795
neither,4,0,0.00010243172925245323,2.318464249281276e-05,4,-1.4857064226286347
wht,0,4,2.0486345850490648e-05,0.0001159232124640638,4,1.733169402239566
assistance,3,1,8.194538340196259e-05,4.636928498562552e-05,4,-0.5694156907544795
gps,2,2,6.145903755147194e-05,6.955392747843828e-05,4,0.12373148980546575
mitigation,0,4,2.0486345850490648e-05,0.0001159232124640638,4,1.733169402239566
mitt,4,0,0.00010243172925245323,2.318464249281276e-05,4,-1.4857064226286347
atlanta,1,3,4.0972691700981296e-05,9.273856997125104e-05,4,0.8168786703654111
attacking,2,2,6.145903755147194e-05,6.955392747843828e-05,4,0.12373148980546575
mlb,1,3,4.0972691700981296e-05,9.273856997125104e-05,4,0.8168786703654111
audience,4,0,0.00010243172925245323,2.318464249281276e-05,4,-1.4857064226286347
private,2,2,6.145903755147194e-05,6.955392747843828e-05,4,0.12373148980546575
probe,1,3,4.0972691700981296e-05,9.273856997125104e-05,4,0.8168786703654111
lightening,1,3,4.0972691700981296e-05,9.273856997125104e-05,4,0.8168786703654111
author,4,0,0.00010243172925245323,2.318464249281276e-05,4,-1.4857064226286347
produced,2,2,6.145903755147194e-05,6.955392747843828e-05,4,0.12373148980546575
profit,3,1,8.194538340196259e-05,4.636928498562552e-05,4,-0.5694156907544795
bake,3,1,8.194538340196259e-05,4.636928498562552e-05,4,-0.5694156907544795
bare,3,1,8.194538340196259e-05,4.636928498562552e-05,4,-0.5694156907544795
movement,3,1,8.194538340196259e-05,4.636928498562552e-05,4,-0.5694156907544795
asleep,3,1,8.194538340196259e-05,4.636928498562552e-05,4,-0.5694156907544795
anybody,3,1,8.194538340196259e-05,4.636928498562552e-05,4,-0.5694156907544795
apocalyptic,2,2,6.145903755147194e-05,6.955392747843828e-05,4,0.12373148980546575
mum,2,2,6.145903755147194e-05,6.955392747843828e-05,4,0.12373148980546575
prince,2,2,6.145903755147194e-05,6.955392747843828e-05,4,0.12373148980546575
prior,0,4,2.0486345850490648e-05,0.0001159232124640638,4,1.733169402239566
priority,2,2,6.145903755147194e-05,6.955392747843828e-05,4,0.12373148980546575
nasa,0,4,2.0486345850490648e-05,0.0001159232124640638,4,1.733169402239566
nasty,4,0,0.00010243172925245323,2.318464249281276e-05,4,-1.4857064226286347
follows,1,3,4.0972691700981296e-05,9.273856997125104e-05,4,0.8168786703654111
apple,2,2,6.145903755147194e-05,6.955392747843828e-05,4,0.12373148980546575
nb,0,4,2.0486345850490648e-05,0.0001159232124640638,4,1.733169402239566
wolf,3,1,8.194538340196259e-05,4.636928498562552e-05,4,-0.5694156907544795
footage,1,3,4.0972691700981296e-05,9.273856997125104e-05,4,0.8168786703654111
announcement,3,1,8.194538340196259e-05,4.636928498562552e-05,4,-0.5694156907544795
puppy,4,0,0.00010243172925245323,2.318464249281276e-05,4,-1.4857064226286347
asia,1,3,4.0972691700981296e-05,9.273856997125104e-05,4,0.8168786703654111
smash,4,0,0.00010243172925245323,2.318464249281276e-05,4,-1.4857064226286347
smell,2,2,6.145903755147194e-05,6.955392747843828e-05,4,0.12373148980546575
quarter,1,3,4.0972691700981296e-05,9.273856997125104e-05,4,0.8168786703654111
asian,2,2,6.145903755147194e-05,6.955392747843828e-05,4,0.12373148980546575
mental,3,1,8.194538340196259e-05,4.636928498562552e-05,4,-0.5694156907544795
wireless,4,0,0.00010243172925245323,2.318464249281276e-05,4,-1.4857064226286347
mistake,2,2,6.145903755147194e-05,6.955392747843828e-05,4,0.12373148980546575
wisenews,2,2,6.145903755147194e-05,6.955392747843828e-05,4,0.12373148980546575
psychiatric,2,2,6.145903755147194e-05,6.955392747843828e-05,4,0.12373148980546575
wit,3,1,8.194538340196259e-05,4.636928498562552e-05,4,-0.5694156907544795
pt,1,3,4.0972691700981296e-05,9.273856997125104e-05,4,0.8168786703654111
wither,4,0,0.00010243172925245323,2.318464249281276e-05,4,-1.4857064226286347
armed,0,4,2.0486345850490648e-05,0.0001159232124640638,4,1.733169402239566
frontline,4,0,0.00010243172925245323,2.318464249281276e-05,4,-1.4857064226286347
mike,2,2,6.145903755147194e-05,6.955392747843828e-05,4,0.12373148980546575
milk,3,1,8.194538340196259e-05,4.636928498562552e-05,4,-0.5694156907544795
arrest,0,4,2.0486345850490648e-05,0.0001159232124640638,4,1.733169402239566
arsenal,2,2,6.145903755147194e-05,6.955392747843828e-05,4,0.12373148980546575
worstsummerjob,3,1,8.194538340196259e-05,4.636928498562552e-05,4,-0.5694156907544795
minor,2,2,6.145903755147194e-05,6.955392747843828e-05,4,0.12373148980546575
minority,3,1,8.194538340196259e-05,4.636928498562552e-05,4,-0.5694156907544795
slanglucci,3,1,8.194538340196259e-05,4.636928498562552e-05,4,-0.5694156907544795
wy,1,3,4.0972691700981296e-05,9.273856997125104e-05,4,0.8168786703654111
gate,4,0,0.00010243172925245323,2.318464249281276e-05,4,-1.4857064226286347
monkey,4,0,0.00010243172925245323,2.318464249281276e-05,4,-1.4857064226286347
monsoon,0,4,2.0486345850490648e-05,0.0001159232124640638,4,1.733169402239566
monster,2,2,6.145903755147194e-05,6.955392747843828e-05,4,0.12373148980546575
xp,3,1,8.194538340196259e-05,4.636928498562552e-05,4,-0.5694156907544795
morgan,3,1,8.194538340196259e-05,4.636928498562552e-05,4,-0.5694156907544795
moth,4,0,0.00010243172925245323,2.318464249281276e-05,4,-1.4857064226286347
meal,3,1,8.194538340196259e-05,4.636928498562552e-05,4,-0.5694156907544795
zouma,4,0,0.00010243172925245323,2.318464249281276e-05,4,-1.4857064226286347
meant,3,1,8.194538340196259e-05,4.636928498562552e-05,4,-0.5694156907544795
measurement,0,4,2.0486345850490648e-05,0.0001159232124640638,4,1.733169402239566
meat,3,1,8.194538340196259e-05,4.636928498562552e-05,4,-0.5694156907544795
agent,1,3,4.0972691700981296e-05,9.273856997125104e-05,4,0.8168786703654111
anger,3,1,8.194538340196259e-05,4.636928498562552e-05,4,-0.5694156907544795
melt,1,3,4.0972691700981296e-05,9.273856997125104e-05,4,0.8168786703654111
ak,3,1,8.194538340196259e-05,4.636928498562552e-05,4,-0.5694156907544795
range,2,2,6.145903755147194e-05,6.955392747843828e-05,4,0.12373148980546575
rapper,4,0,0.00010243172925245323,2.318464249281276e-05,4,-1.4857064226286347
alcohol,4,0,0.00010243172925245323,2.318464249281276e-05,4,-1.4857064226286347
alien,1,3,4.0972691700981296e-05,9.273856997125104e-05,4,0.8168786703654111
ally,1,3,4.0972691700981296e-05,9.273856997125104e-05,4,0.8168786703654111
appreciate,4,0,0.00010243172925245323,2.318464249281276e-05,4,-1.4857064226286347
flip,3,1,8.194538340196259e-05,4.636928498562552e-05,4,-0.5694156907544795
floated,1,3,4.0972691700981296e-05,9.273856997125104e-05,4,0.8168786703654111
race,3,1,8.194538340196259e-05,4.636928498562552e-05,4,-0.5694156907544795
flooded,0,4,2.0486345850490648e-05,0.0001159232124640638,4,1.733169402239566
racist,2,2,6.145903755147194e-05,6.955392747843828e-05,4,0.12373148980546575
flower,3,1,8.194538340196259e-05,4.636928498562552e-05,4,-0.5694156907544795
floyds,4,0,0.00010243172925245323,2.318464249281276e-05,4,-1.4857064226286347
raining,3,1,8.194538340196259e-05,4.636928498562552e-05,4,-0.5694156907544795
ramag,4,0,0.00010243172925245323,2.318464249281276e-05,4,-1.4857064226286347
fly,2,2,6.145903755147194e-05,6.955392747843828e-05,4,0.12373148980546575
alternative,2,2,6.145903755147194e-05,6.955392747843828e-05,4,0.12373148980546575
mercy,3,1,8.194538340196259e-05,4.636928498562552e-05,4,-0.5694156907544795
soup,4,0,0.00010243172925245323,2.318464249281276e-05,4,-1.4857064226286347
southampton,1,3,4.0972691700981296e-05,9.273856997125104e-05,4,0.8168786703654111
miami,0,4,2.0486345850490648e-05,0.0001159232124640638,4,1.733169402239566
analysis,0,4,2.0486345850490648e-05,0.0001159232124640638,4,1.733169402239566
southeast,2,2,6.145903755147194e-05,6.955392747843828e-05,4,0.12373148980546575
reap,4,0,0.00010243172925245323,2.318464249281276e-05,4,-1.4857064226286347
fishing,1,3,4.0972691700981296e-05,9.273856997125104e-05,4,0.8168786703654111
recent,4,0,0.00010243172925245323,2.318464249281276e-05,4,-1.4857064226286347
recently,2,2,6.145903755147194e-05,6.955392747843828e-05,4,0.12373148980546575
drum,3,1,8.194538340196259e-05,4.636928498562552e-05,4,-0.5694156907544795
recover,2,2,6.145903755147194e-05,6.955392747843828e-05,4,0.12373148980546575
logo,3,1,8.194538340196259e-05,4.636928498562552e-05,4,-0.5694156907544795
forward,4,0,0.00010243172925245323,2.318464249281276e-05,4,-1.4857064226286347
sophie,4,0,0.00010243172925245323,2.318464249281276e-05,4,-1.4857064226286347
forgot,3,1,8.194538340196259e-05,4.636928498562552e-05,4,-0.5694156907544795
magnum,4,0,0.00010243172925245323,2.318464249281276e-05,4,-1.4857064226286347
forgotten,1,3,4.0972691700981296e-05,9.273856997125104e-05,4,0.8168786703654111
majority,0,4,2.0486345850490648e-05,0.0001159232124640638,4,1.733169402239566
reaching,4,0,0.00010243172925245323,2.318464249281276e-05,4,-1.4857064226286347
realize,3,1,8.194538340196259e-05,4.636928498562552e-05,4,-0.5694156907544795
sprinter,4,0,0.00010243172925245323,2.318464249281276e-05,4,-1.4857064226286347
farrakhan,2,2,6.145903755147194e-05,6.955392747843828e-05,4,0.12373148980546575
master,3,1,8.194538340196259e-05,4.636928498562552e-05,4,-0.5694156907544795
matako,4,0,0.00010243172925245323,2.318464249281276e-05,4,-1.4857064226286347
faster,1,3,4.0972691700981296e-05,9.273856997125104e-05,4,0.8168786703654111
fate,3,1,8.194538340196259e-05,4.636928498562552e-05,4,-0.5694156907544795
specif,4,0,0.00010243172925245323,2.318464249281276e-05,4,-1.4857064226286347
lulgzimbestpicts,4,0,0.00010243172925245323,2.318464249281276e-05,4,-1.4857064226286347
specimen,3,1,8.194538340196259e-05,4.636928498562552e-05,4,-0.5694156907544795
mall,1,3,4.0972691700981296e-05,9.273856997125104e-05,4,0.8168786703654111
mama,4,0,0.00010243172925245323,2.318464249281276e-05,4,-1.4857064226286347
speed,1,3,4.0972691700981296e-05,9.273856997125104e-05,4,0.8168786703654111
marijuana,2,2,6.145903755147194e-05,6.955392747843828e-05,4,0.12373148980546575
marked,0,4,2.0486345850490648e-05,0.0001159232124640638,4,1.733169402239566
spend,4,0,0.00010243172925245323,2.318464249281276e-05,4,-1.4857064226286347
marketing,4,0,0.00010243172925245323,2.318464249281276e-05,4,-1.4857064226286347
married,4,0,0.00010243172925245323,2.318464249281276e-05,4,-1.4857064226286347
spending,0,4,2.0486345850490648e-05,0.0001159232124640638,4,1.733169402239566
spain,3,1,8.194538340196259e-05,4.636928498562552e-05,4,-0.5694156907544795
speaker,4,0,0.00010243172925245323,2.318464249281276e-05,4,-1.4857064226286347
speaking,2,2,6.145903755147194e-05,6.955392747843828e-05,4,0.12373148980546575
location,1,3,4.0972691700981296e-05,9.273856997125104e-05,4,0.8168786703654111
lock,2,2,6.145903755147194e-05,6.955392747843828e-05,4,0.12373148980546575
specialist,1,3,4.0972691700981296e-05,9.273856997125104e-05,4,0.8168786703654111
fergusons,2,2,6.145903755147194e-05,6.955392747843828e-05,4,0.12373148980546575
regular,4,0,0.00010243172925245323,2.318464249281276e-05,4,-1.4857064226286347
reid,2,2,6.145903755147194e-05,6.955392747843828e-05,4,0.12373148980546575
reject,3,1,8.194538340196259e-05,4.636928498562552e-05,4,-0.5694156907544795
ferry,1,3,4.0972691700981296e-05,9.273856997125104e-05,4,0.8168786703654111
relax,4,0,0.00010243172925245323,2.318464249281276e-05,4,-1.4857064226286347
remembered,4,0,0.00010243172925245323,2.318464249281276e-05,4,-1.4857064226286347
limit,2,2,6.145903755147194e-05,6.955392747843828e-05,4,0.12373148980546575
listed,3,1,8.194538340196259e-05,4.636928498562552e-05,4,-0.5694156907544795
redlight,1,3,4.0972691700981296e-05,9.273856997125104e-05,4,0.8168786703654111
fettilootch,3,1,8.194538340196259e-05,4.636928498562552e-05,4,-0.5694156907544795
file,4,0,0.00010243172925245323,2.318464249281276e-05,4,-1.4857064226286347
refuse,1,3,4.0972691700981296e-05,9.273856997125104e-05,4,0.8168786703654111
excellent,3,1,8.194538340196259e-05,4.636928498562552e-05,4,-0.5694156907544795
excited,4,0,0.00010243172925245323,2.318464249281276e-05,4,-1.4857064226286347
excuse,3,1,8.194538340196259e-05,4.636928498562552e-05,4,-0.5694156907544795
exist,2,2,6.145903755147194e-05,6.955392747843828e-05,4,0.12373148980546575
lonely,4,0,0.00010243172925245323,2.318464249281276e-05,4,-1.4857064226286347
longest,0,4,2.0486345850490648e-05,0.0001159232124640638,4,1.733169402239566
expecting,4,0,0.00010243172925245323,2.318464249281276e-05,4,-1.4857064226286347
farm,3,1,8.194538340196259e-05,4.636928498562552e-05,4,-0.5694156907544795
los,2,2,6.145903755147194e-05,6.955392747843828e-05,4,0.12373148980546575
stab,1,3,4.0972691700981296e-05,9.273856997125104e-05,4,0.8168786703654111
starter,2,2,6.145903755147194e-05,6.955392747843828e-05,4,0.12373148980546575
feeding,4,0,0.00010243172925245323,2.318464249281276e-05,4,-1.4857064226286347
facility,4,0,0.00010243172925245323,2.318464249281276e-05,4,-1.4857064226286347
resource,2,2,6.145903755147194e-05,6.955392747843828e-05,4,0.12373148980546575
factor,2,2,6.145903755147194e-05,6.955392747843828e-05,4,0.12373148980546575
faith,4,0,0.00010243172925245323,2.318464249281276e-05,4,-1.4857064226286347
fallen,1,3,4.0972691700981296e-05,9.273856997125104e-05,4,0.8168786703654111
launch,1,3,4.0972691700981296e-05,9.273856997125104e-05,4,0.8168786703654111
fam,3,1,8.194538340196259e-05,4.636928498562552e-05,4,-0.5694156907544795
famous,3,1,8.194538340196259e-05,4.636928498562552e-05,4,-0.5694156907544795
reminder,1,3,4.0972691700981296e-05,9.273856997125104e-05,4,0.8168786703654111
fb,3,1,8.194538340196259e-05,4.636928498562552e-05,4,-0.5694156907544795
feature,4,0,0.00010243172925245323,2.318464249281276e-05,4,-1.4857064226286347
federal,2,2,6.145903755147194e-05,6.955392747843828e-05,4,0.12373148980546575
replacing,3,1,8.194538340196259e-05,4.636928498562552e-05,4,-0.5694156907544795
enjoyed,4,0,0.00010243172925245323,2.318464249281276e-05,4,-1.4857064226286347
enjoying,1,3,4.0972691700981296e-05,9.273856997125104e-05,4,0.8168786703654111
enter,4,0,0.00010243172925245323,2.318464249281276e-05,4,-1.4857064226286347
letting,3,1,8.194538340196259e-05,4.636928498562552e-05,4,-0.5694156907544795
leveled,0,4,2.0486345850490648e-05,0.0001159232124640638,4,1.733169402239566
lez,4,0,0.00010243172925245323,2.318464249281276e-05,4,-1.4857064226286347
entered,3,1,8.194538340196259e-05,4.636928498562552e-05,4,-0.5694156907544795
environment,2,2,6.145903755147194e-05,6.955392747843828e-05,4,0.12373148980546575
striker,1,3,4.0972691700981296e-05,9.273856997125104e-05,4,0.8168786703654111
encounter,1,3,4.0972691700981296e-05,9.273856997125104e-05,4,0.8168786703654111
english,3,1,8.194538340196259e-05,4.636928498562552e-05,4,-0.5694156907544795
europe,1,3,4.0972691700981296e-05,9.273856997125104e-05,4,0.8168786703654111
eventually,1,3,4.0972691700981296e-05,9.273856997125104e-05,4,0.8168786703654111
legit,3,1,8.194538340196259e-05,4.636928498562552e-05,4,-0.5694156907544795
ex,1,3,4.0972691700981296e-05,9.273856997125104e-05,4,0.8168786703654111
stereo,4,0,0.00010243172925245323,2.318464249281276e-05,4,-1.4857064226286347
explains,4,0,0.00010243172925245323,2.318464249281276e-05,4,-1.4857064226286347
leo,3,1,8.194538340196259e-05,4.636928498562552e-05,4,-0.5694156907544795
lesbian,1,3,4.0972691700981296e-05,9.273856997125104e-05,4,0.8168786703654111
er,1,3,4.0972691700981296e-05,9.273856997125104e-05,4,0.8168786703654111
kurdish,0,4,2.0486345850490648e-05,0.0001159232124640638,4,1.733169402239566
edinburgh,0,4,2.0486345850490648e-05,0.0001159232124640638,4,1.733169402239566
kyle,4,0,0.00010243172925245323,2.318464249281276e-05,4,-1.4857064226286347
editor,4,0,0.00010243172925245323,2.318464249281276e-05,4,-1.4857064226286347
landfall,0,4,2.0486345850490648e-05,0.0001159232124640638,4,1.733169402239566
suffer,3,1,8.194538340196259e-05,4.636928498562552e-05,4,-0.5694156907544795
dress,2,2,6.145903755147194e-05,6.955392747843828e-05,4,0.12373148980546575
rid,3,1,8.194538340196259e-05,4.636928498562552e-05,4,-0.5694156907544795
ride,3,1,8.194538340196259e-05,4.636928498562552e-05,4,-0.5694156907544795
ridiculous,3,1,8.194538340196259e-05,4.636928498562552e-05,4,-0.5694156907544795
earring,4,0,0.00010243172925245323,2.318464249281276e-05,4,-1.4857064226286347
eastern,0,4,2.0486345850490648e-05,0.0001159232124640638,4,1.733169402239566
eating,4,0,0.00010243172925245323,2.318464249281276e-05,4,-1.4857064226286347
eb,0,4,2.0486345850490648e-05,0.0001159232124640638,4,1.733169402239566
ebike,0,4,2.0486345850490648e-05,0.0001159232124640638,4,1.733169402239566
returned,1,3,4.0972691700981296e-05,9.273856997125104e-05,4,0.8168786703654111
eden,4,0,0.00010243172925245323,2.318464249281276e-05,4,-1.4857064226286347
reveals,2,2,6.145903755147194e-05,6.955392747843828e-05,4,0.12373148980546575
eight,3,1,8.194538340196259e-05,4.636928498562552e-05,4,-0.5694156907544795
electric,3,1,8.194538340196259e-05,4.636928498562552e-05,4,-0.5694156907544795
elem,0,4,2.0486345850490648e-05,0.0001159232124640638,4,1.733169402239566
richard,2,2,6.145903755147194e-05,6.955392747843828e-05,4,0.12373148980546575
epilepsy,3,1,8.194538340196259e-05,4.636928498562552e-05,4,-0.5694156907544795
eq,0,4,2.0486345850490648e-05,0.0001159232124640638,4,1.733169402239566
leak,2,2,6.145903755147194e-05,6.955392747843828e-05,4,0.12373148980546575
egg,4,0,0.00010243172925245323,2.318464249281276e-05,4,-1.4857064226286347
egypt,0,4,2.0486345850490648e-05,0.0001159232124640638,4,1.733169402239566
responsibility,0,4,2.0486345850490648e-05,0.0001159232124640638,4,1.733169402239566
restricted,4,0,0.00010243172925245323,2.318464249281276e-05,4,-1.4857064226286347
resulted,0,4,2.0486345850490648e-05,0.0001159232124640638,4,1.733169402239566
surge,0,4,2.0486345850490648e-05,0.0001159232124640638,4,1.733169402239566
role,3,1,8.194538340196259e-05,4.636928498562552e-05,4,-0.5694156907544795
suv,2,2,6.145903755147194e-05,6.955392747843828e-05,4,0.12373148980546575
jazz,3,1,8.194538340196259e-05,4.636928498562552e-05,4,-0.5694156907544795
jean,1,3,4.0972691700981296e-05,9.273856997125104e-05,4,0.8168786703654111
jeff,3,1,8.194538340196259e-05,4.636928498562552e-05,4,-0.5694156907544795
swansea,2,2,6.145903755147194e-05,6.955392747843828e-05,4,0.12373148980546575
swell,1,3,4.0972691700981296e-05,9.273856997125104e-05,4,0.8168786703654111
supervisor,4,0,0.00010243172925245323,2.318464249281276e-05,4,-1.4857064226286347
supreme,2,2,6.145903755147194e-05,6.955392747843828e-05,4,0.12373148980546575
surface,3,1,8.194538340196259e-05,4.636928498562552e-05,4,-0.5694156907544795
rob,3,1,8.194538340196259e-05,4.636928498562552e-05,4,-0.5694156907544795
driven,3,1,8.194538340196259e-05,4.636928498562552e-05,4,-0.5694156907544795
rocket,3,1,8.194538340196259e-05,4.636928498562552e-05,4,-0.5694156907544795
rockin,4,0,0.00010243172925245323,2.318464249281276e-05,4,-1.4857064226286347
rockyfire,0,4,2.0486345850490648e-05,0.0001159232124640638,4,1.733169402239566
dtn,0,4,2.0486345850490648e-05,0.0001159232124640638,4,1.733169402239566
kind,3,1,8.194538340196259e-05,4.636928498562552e-05,4,-0.5694156907544795
kingdom,3,1,8.194538340196259e-05,4.636928498562552e-05,4,-0.5694156907544795
kiss,3,1,8.194538340196259e-05,4.636928498562552e-05,4,-0.5694156907544795
dublin,1,3,4.0972691700981296e-05,9.273856997125104e-05,4,0.8168786703654111
duck,4,0,0.00010243172925245323,2.318464249281276e-05,4,-1.4857064226286347
tampa,1,3,4.0972691700981296e-05,9.273856997125104e-05,4,0.8168786703654111
ring,4,0,0.00010243172925245323,2.318464249281276e-05,4,-1.4857064226286347
targeting,2,2,6.145903755147194e-05,6.955392747843828e-05,4,0.12373148980546575
largest,2,2,6.145903755147194e-05,6.955392747843828e-05,4,0.12373148980546575
derails,0,4,2.0486345850490648e-05,0.0001159232124640638,4,1.733169402239566
karachi,0,4,2.0486345850490648e-05,0.0001159232124640638,4,1.733169402239566
karymsky,4,0,0.00010243172925245323,2.318464249281276e-05,4,-1.4857064226286347
kca,1,3,4.0972691700981296e-05,9.273856997125104e-05,4,0.8168786703654111
kenya,3,1,8.194538340196259e-05,4.636928498562552e-05,4,-0.5694156907544795
derby,4,0,0.00010243172925245323,2.318464249281276e-05,4,-1.4857064226286347
kiernan,4,0,0.00010243172925245323,2.318464249281276e-05,4,-1.4857064226286347
table,3,1,8.194538340196259e-05,4.636928498562552e-05,4,-0.5694156907544795
taco,2,2,6.145903755147194e-05,6.955392747843828e-05,4,0.12373148980546575
director,2,2,6.145903755147194e-05,6.955392747843828e-05,4,0.12373148980546575
dirt,4,0,0.00010243172925245323,2.318464249281276e-05,4,-1.4857064226286347
discovery,0,4,2.0486345850490648e-05,0.0001159232124640638,4,1.733169402239566
device,2,2,6.145903755147194e-05,6.955392747843828e-05,4,0.12373148980546575
integrity,3,1,8.194538340196259e-05,4.636928498562552e-05,4,-0.5694156907544795
interest,3,1,8.194538340196259e-05,4.636928498562552e-05,4,-0.5694156907544795
dick,4,0,0.00010243172925245323,2.318464249281276e-05,4,-1.4857064226286347
dinner,2,2,6.145903755147194e-05,6.955392747843828e-05,4,0.12373148980546575
jan,1,3,4.0972691700981296e-05,9.273856997125104e-05,4,0.8168786703654111
tb,4,0,0.00010243172925245323,2.318464249281276e-05,4,-1.4857064226286347
temper,4,0,0.00010243172925245323,2.318464249281276e-05,4,-1.4857064226286347
runner,1,3,4.0972691700981296e-05,9.273856997125104e-05,4,0.8168786703654111
daniel,2,2,6.145903755147194e-05,6.955392747843828e-05,4,0.12373148980546575
demon,3,1,8.194538340196259e-05,4.636928498562552e-05,4,-0.5694156907544795
dependency,4,0,0.00010243172925245323,2.318464249281276e-05,4,-1.4857064226286347
defend,3,1,8.194538340196259e-05,4.636928498562552e-05,4,-0.5694156907544795
detectado,0,4,2.0486345850490648e-05,0.0001159232124640638,4,1.733169402239566
irish,0,4,2.0486345850490648e-05,0.0001159232124640638,4,1.733169402239566
item,3,1,8.194538340196259e-05,4.636928498562552e-05,4,-0.5694156907544795
itll,4,0,0.00010243172925245323,2.318464249281276e-05,4,-1.4857064226286347
custom,3,1,8.194538340196259e-05,4.636928498562552e-05,4,-0.5694156907544795
dallas,0,4,2.0486345850490648e-05,0.0001159232124640638,4,1.733169402239566
dam,1,3,4.0972691700981296e-05,9.273856997125104e-05,4,0.8168786703654111
cum,4,0,0.00010243172925245323,2.318464249281276e-05,4,-1.4857064226286347
cunt,4,0,0.00010243172925245323,2.318464249281276e-05,4,-1.4857064226286347
cupcake,4,0,0.00010243172925245323,2.318464249281276e-05,4,-1.4857064226286347
jordan,2,2,6.145903755147194e-05,6.955392747843828e-05,4,0.12373148980546575
current,3,1,8.194538340196259e-05,4.636928498562552e-05,4,-0.5694156907544795
tf,4,0,0.00010243172925245323,2.318464249281276e-05,4,-1.4857064226286347
theory,3,1,8.194538340196259e-05,4.636928498562552e-05,4,-0.5694156907544795
sat,3,1,8.194538340196259e-05,4.636928498562552e-05,4,-0.5694156907544795
theyd,3,1,8.194538340196259e-05,4.636928498562552e-05,4,-0.5694156907544795
dat,1,3,4.0972691700981296e-05,9.273856997125104e-05,4,0.8168786703654111
decide,3,1,8.194538340196259e-05,4.636928498562552e-05,4,-0.5694156907544795
todd,4,0,0.00010243172925245323,2.318464249281276e-05,4,-1.4857064226286347
idc,4,0,0.00010243172925245323,2.318464249281276e-05,4,-1.4857064226286347
idfire,0,4,2.0486345850490648e-05,0.0001159232124640638,4,1.733169402239566
idiot,2,2,6.145903755147194e-05,6.955392747843828e-05,4,0.12373148980546575
toe,2,2,6.145903755147194e-05,6.955392747843828e-05,4,0.12373148980546575
cow,1,3,4.0972691700981296e-05,9.273856997125104e-05,4,0.8168786703654111
salvador,1,3,4.0972691700981296e-05,9.273856997125104e-05,4,0.8168786703654111
thru,2,2,6.145903755147194e-05,6.955392747843828e-05,4,0.12373148980546575
cord,3,1,8.194538340196259e-05,4.636928498562552e-05,4,-0.5694156907544795
cotton,4,0,0.00010243172925245323,2.318464249281276e-05,4,-1.4857064226286347
sandiego,0,4,2.0486345850490648e-05,0.0001159232124640638,4,1.733169402239566
crashing,2,2,6.145903755147194e-05,6.955392747843828e-05,4,0.12373148980546575
crater,2,2,6.145903755147194e-05,6.955392747843828e-05,4,0.12373148980546575
credit,3,1,8.194538340196259e-05,4.636928498562552e-05,4,-0.5694156907544795
torch,3,1,8.194538340196259e-05,4.636928498562552e-05,4,-0.5694156907544795
closure,0,4,2.0486345850490648e-05,0.0001159232124640638,4,1.733169402239566
ink,3,1,8.194538340196259e-05,4.636928498562552e-05,4,-0.5694156907544795
inning,4,0,0.00010243172925245323,2.318464249281276e-05,4,-1.4857064226286347
co,0,4,2.0486345850490648e-05,0.0001159232124640638,4,1.733169402239566
compliant,4,0,0.00010243172925245323,2.318464249281276e-05,4,-1.4857064226286347
interested,4,0,0.00010243172925245323,2.318464249281276e-05,4,-1.4857064226286347
intern,4,0,0.00010243172925245323,2.318464249281276e-05,4,-1.4857064226286347
color,4,0,0.00010243172925245323,2.318464249281276e-05,4,-1.4857064226286347
combat,4,0,0.00010243172925245323,2.318464249281276e-05,4,-1.4857064226286347
involved,1,3,4.0972691700981296e-05,9.273856997125104e-05,4,0.8168786703654111
impressed,4,0,0.00010243172925245323,2.318464249281276e-05,4,-1.4857064226286347
increase,0,4,2.0486345850490648e-05,0.0001159232124640638,4,1.733169402239566
constantly,4,0,0.00010243172925245323,2.318464249281276e-05,4,-1.4857064226286347
hughes,3,1,8.194538340196259e-05,4.636928498562552e-05,4,-0.5694156907544795
contact,4,0,0.00010243172925245323,2.318464249281276e-05,4,-1.4857064226286347
continued,1,3,4.0972691700981296e-05,9.273856997125104e-05,4,0.8168786703654111
humidity,2,2,6.145903755147194e-05,6.955392747843828e-05,4,0.12373148980546575
trend,3,1,8.194538340196259e-05,4.636928498562552e-05,4,-0.5694156907544795
tribune,2,2,6.145903755147194e-05,6.955392747843828e-05,4,0.12373148980546575
charger,2,2,6.145903755147194e-05,6.955392747843828e-05,4,0.12373148980546575
charles,2,2,6.145903755147194e-05,6.955392747843828e-05,4,0.12373148980546575
score,3,1,8.194538340196259e-05,4.636928498562552e-05,4,-0.5694156907544795
charlie,3,1,8.194538340196259e-05,4.636928498562552e-05,4,-0.5694156907544795
scott,1,3,4.0972691700981296e-05,9.273856997125104e-05,4,0.8168786703654111
screenshots,4,0,0.00010243172925245323,2.318464249281276e-05,4,-1.4857064226286347
houston,2,2,6.145903755147194e-05,6.955392747843828e-05,4,0.12373148980546575
clev,4,0,0.00010243172925245323,2.318464249281276e-05,4,-1.4857064226286347
hr,3,1,8.194538340196259e-05,4.636928498562552e-05,4,-0.5694156907544795
cleveland,4,0,0.00010243172925245323,2.318464249281276e-05,4,-1.4857064226286347
transit,2,2,6.145903755147194e-05,6.955392747843828e-05,4,0.12373148980546575
impossible,4,0,0.00010243172925245323,2.318464249281276e-05,4,-1.4857064226286347
sb,0,4,2.0486345850490648e-05,0.0001159232124640638,4,1.733169402239566
cia,3,1,8.194538340196259e-05,4.636928498562552e-05,4,-0.5694156907544795
cigarette,3,1,8.194538340196259e-05,4.636928498562552e-05,4,-0.5694156907544795
scare,2,2,6.145903755147194e-05,6.955392747843828e-05,4,0.12373148980546575
citizen,0,4,2.0486345850490648e-05,0.0001159232124640638,4,1.733169402239566
clash,1,3,4.0972691700981296e-05,9.273856997125104e-05,4,0.8168786703654111
cock,4,0,0.00010243172925245323,2.318464249281276e-05,4,-1.4857064226286347
code,3,1,8.194538340196259e-05,4.636928498562552e-05,4,-0.5694156907544795
cbs,1,3,4.0972691700981296e-05,9.273856997125104e-05,4,0.8168786703654111
cdc,0,4,2.0486345850490648e-05,0.0001159232124640638,4,1.733169402239566
cell,3,1,8.194538340196259e-05,4.636928498562552e-05,4,-0.5694156907544795
centipede,4,0,0.00010243172925245323,2.318464249281276e-05,4,-1.4857064226286347
tryout,1,3,4.0972691700981296e-05,9.273856997125104e-05,4,0.8168786703654111
tuesday,1,3,4.0972691700981296e-05,9.273856997125104e-05,4,0.8168786703654111
selfies,4,0,0.00010243172925245323,2.318464249281276e-05,4,-1.4857064226286347
senate,3,1,8.194538340196259e-05,4.636928498562552e-05,4,-0.5694156907544795
sending,4,0,0.00010243172925245323,2.318464249281276e-05,4,-1.4857064226286347
tuned,1,3,4.0972691700981296e-05,9.273856997125104e-05,4,0.8168786703654111
turbine,3,1,8.194538340196259e-05,4.636928498562552e-05,4,-0.5694156907544795
caution,2,2,6.145903755147194e-05,6.955392747843828e-05,4,0.12373148980546575
hated,3,1,8.194538340196259e-05,4.636928498562552e-05,4,-0.5694156907544795
childhood,2,2,6.145903755147194e-05,6.955392747843828e-05,4,0.12373148980546575
chocolate,3,1,8.194538340196259e-05,4.636928498562552e-05,4,-0.5694156907544795
choking,3,1,8.194538340196259e-05,4.636928498562552e-05,4,-0.5694156907544795
triple,0,4,2.0486345850490648e-05,0.0001159232124640638,4,1.733169402239566
tripledigit,0,4,2.0486345850490648e-05,0.0001159232124640638,4,1.733169402239566
chelsea,4,0,0.00010243172925245323,2.318464249281276e-05,4,-1.4857064226286347
understanding,3,1,8.194538340196259e-05,4.636928498562552e-05,4,-0.5694156907544795
underway,1,3,4.0972691700981296e-05,9.273856997125104e-05,4,0.8168786703654111
selfie,3,1,8.194538340196259e-05,4.636928498562552e-05,4,-0.5694156907544795
hop,4,0,0.00010243172925245323,2.318464249281276e-05,4,-1.4857064226286347
cast,3,1,8.194538340196259e-05,4.636928498562552e-05,4,-0.5694156907544795
horrific,0,4,2.0486345850490648e-05,0.0001159232124640638,4,1.733169402239566
hosting,2,2,6.145903755147194e-05,6.955392747843828e-05,4,0.12373148980546575
ty,3,1,8.194538340196259e-05,4.636928498562552e-05,4,-0.5694156907544795
highest,1,3,4.0972691700981296e-05,9.273856997125104e-05,4,0.8168786703654111
uganda,0,4,2.0486345850490648e-05,0.0001159232124640638,4,1.733169402239566
captured,0,4,2.0486345850490648e-05,0.0001159232124640638,4,1.733169402239566
carryi,0,4,2.0486345850490648e-05,0.0001159232124640638,4,1.733169402239566
ian,2,2,6.145903755147194e-05,6.955392747843828e-05,4,0.12373148980546575
hitting,3,1,8.194538340196259e-05,4.636928498562552e-05,4,-0.5694156907544795
certainly,3,1,8.194538340196259e-05,4.636928498562552e-05,4,-0.5694156907544795
patriot,2,1,6.145903755147194e-05,4.636928498562552e-05,3,-0.28173361830269855
peep,2,1,6.145903755147194e-05,4.636928498562552e-05,3,-0.28173361830269855
per,1,2,4.0972691700981296e-05,6.955392747843828e-05,3,0.52919659791363
yugvani,0,3,2.0486345850490648e-05,9.273856997125104e-05,3,1.5100258509253563
zayn,1,2,4.0972691700981296e-05,6.955392747843828e-05,3,0.52919659791363
ab,1,2,4.0972691700981296e-05,6.955392747843828e-05,3,0.52919659791363
password,3,0,8.194538340196259e-05,2.318464249281276e-05,3,-1.2625628713144248
patch,2,1,6.145903755147194e-05,4.636928498562552e-05,3,-0.28173361830269855
patched,3,0,8.194538340196259e-05,2.318464249281276e-05,3,-1.2625628713144248
acting,2,1,6.145903755147194e-05,4.636928498562552e-05,3,-0.28173361830269855
yazidi,0,3,2.0486345850490648e-05,9.273856997125104e-05,3,1.5100258509253563
yemen,0,3,2.0486345850490648e-05,9.273856997125104e-05,3,1.5100258509253563
yep,1,2,4.0972691700981296e-05,6.955392747843828e-05,3,0.52919659791363
abcnews,0,3,2.0486345850490648e-05,9.273856997125104e-05,3,1.5100258509253563
abe,1,2,4.0972691700981296e-05,6.955392747843828e-05,3,0.52919659791363
abomination,3,0,8.194538340196259e-05,2.318464249281276e-05,3,-1.2625628713144248
ac,2,1,6.145903755147194e-05,4.636928498562552e-05,3,-0.28173361830269855
oral,2,1,6.145903755147194e-05,4.636928498562552e-05,3,-0.28173361830269855
ordered,0,3,2.0486345850490648e-05,9.273856997125104e-05,3,1.5100258509253563
oregon,1,2,4.0972691700981296e-05,6.955392747843828e-05,3,0.52919659791363
org,2,1,6.145903755147194e-05,4.636928498562552e-05,3,-0.28173361830269855
ornament,1,2,4.0972691700981296e-05,6.955392747843828e-05,3,0.52919659791363
otherwise,2,1,6.145903755147194e-05,4.636928498562552e-05,3,-0.28173361830269855
physician,2,1,6.145903755147194e-05,4.636928498562552e-05,3,-0.28173361830269855
pill,3,0,8.194538340196259e-05,2.318464249281276e-05,3,-1.2625628713144248
pisgah,0,3,2.0486345850490648e-05,9.273856997125104e-05,3,1.5100258509253563
opposition,2,1,6.145903755147194e-05,4.636928498562552e-05,3,-0.28173361830269855
ops,3,0,8.194538340196259e-05,2.318464249281276e-05,3,-1.2625628713144248
particularly,1,2,4.0972691700981296e-05,6.955392747843828e-05,3,0.52919659791363
partner,3,0,8.194538340196259e-05,2.318464249281276e-05,3,-1.2625628713144248
period,2,1,6.145903755147194e-05,4.636928498562552e-05,3,-0.28173361830269855
permanent,3,0,8.194538340196259e-05,2.318464249281276e-05,3,-1.2625628713144248
perspective,0,3,2.0486345850490648e-05,9.273856997125104e-05,3,1.5100258509253563
photographer,2,1,6.145903755147194e-05,4.636928498562552e-05,3,-0.28173361830269855
pair,3,0,8.194538340196259e-05,2.318464249281276e-05,3,-1.2625628713144248
palin,2,1,6.145903755147194e-05,4.636928498562552e-05,3,-0.28173361830269855
pan,1,2,4.0972691700981296e-05,6.955392747843828e-05,3,0.52919659791363
panel,1,2,4.0972691700981296e-05,6.955392747843828e-05,3,0.52919659791363
paris,1,2,4.0972691700981296e-05,6.955392747843828e-05,3,0.52919659791363
po,2,1,6.145903755147194e-05,4.636928498562552e-05,3,-0.28173361830269855
nyt,0,3,2.0486345850490648e-05,9.273856997125104e-05,3,1.5100258509253563
nytimes,0,3,2.0486345850490648e-05,9.273856997125104e-05,3,1.5100258509253563
oak,2,1,6.145903755147194e-05,4.636928498562552e-05,3,-0.28173361830269855
openly,2,1,6.145903755147194e-05,4.636928498562552e-05,3,-0.28173361830269855
oper,3,0,8.194538340196259e-05,2.318464249281276e-05,3,-1.2625628713144248
pitcher,3,0,8.194538340196259e-05,2.318464249281276e-05,3,-1.2625628713144248
olap,1,2,4.0972691700981296e-05,6.955392747843828e-05,3,0.52919659791363
older,1,2,4.0972691700981296e-05,6.955392747843828e-05,3,0.52919659791363
olive,2,1,6.145903755147194e-05,4.636928498562552e-05,3,-0.28173361830269855
omars,1,2,4.0972691700981296e-05,6.955392747843828e-05,3,0.52919659791363
onlinecommunities,2,1,6.145903755147194e-05,4.636928498562552e-05,3,-0.28173361830269855
ontario,2,1,6.145903755147194e-05,4.636928498562552e-05,3,-0.28173361830269855
ooh,2,1,6.145903755147194e-05,4.636928498562552e-05,3,-0.28173361830269855
outflow,0,3,2.0486345850490648e-05,9.273856997125104e-05,3,1.5100258509253563
outta,3,0,8.194538340196259e-05,2.318464249281276e-05,3,-1.2625628713144248
ohio,2,1,6.145903755147194e-05,4.636928498562552e-05,3,-0.28173361830269855
noticed,3,0,8.194538340196259e-05,2.318464249281276e-05,3,-1.2625628713144248
notification,3,0,8.194538340196259e-05,2.318464249281276e-05,3,-1.2625628713144248
novel,1,2,4.0972691700981296e-05,6.955392747843828e-05,3,0.52919659791363
nri,0,3,2.0486345850490648e-05,9.273856997125104e-05,3,1.5100258509253563
nsfw,3,0,8.194538340196259e-05,2.318464249281276e-05,3,-1.2625628713144248
nugget,2,1,6.145903755147194e-05,4.636928498562552e-05,3,-0.28173361830269855
nike,3,0,8.194538340196259e-05,2.318464249281276e-05,3,-1.2625628713144248
nj,1,2,4.0972691700981296e-05,6.955392747843828e-05,3,0.52919659791363
nm,3,0,8.194538340196259e-05,2.318464249281276e-05,3,-1.2625628713144248
noaa,0,3,2.0486345850490648e-05,9.273856997125104e-05,3,1.5100258509253563
noncompliant,2,1,6.145903755147194e-05,4.636928498562552e-05,3,-0.28173361830269855
northeast,0,3,2.0486345850490648e-05,9.273856997125104e-05,3,1.5100258509253563
portion,2,1,6.145903755147194e-05,4.636928498562552e-05,3,-0.28173361830269855
possibly,2,1,6.145903755147194e-05,4.636928498562552e-05,3,-0.28173361830269855
poster,3,0,8.194538340196259e-05,2.318464249281276e-05,3,-1.2625628713144248
posting,3,0,8.194538340196259e-05,2.318464249281276e-05,3,-1.2625628713144248
nightmare,2,1,6.145903755147194e-05,4.636928498562552e-05,3,-0.28173361830269855
occupant,0,3,2.0486345850490648e-05,9.273856997125104e-05,3,1.5100258509253563
occurs,1,2,4.0972691700981296e-05,6.955392747843828e-05,3,0.52919659791363
odd,3,0,8.194538340196259e-05,2.318464249281276e-05,3,-1.2625628713144248
odds,2,1,6.145903755147194e-05,4.636928498562552e-05,3,-0.28173361830269855
poland,0,3,2.0486345850490648e-05,9.273856997125104e-05,3,1.5100258509253563
popular,3,0,8.194538340196259e-05,2.318464249281276e-05,3,-1.2625628713144248
premature,0,3,2.0486345850490648e-05,9.273856997125104e-05,3,1.5100258509253563
premium,2,1,6.145903755147194e-05,4.636928498562552e-05,3,-0.28173361830269855
nap,3,0,8.194538340196259e-05,2.318464249281276e-05,3,-1.2625628713144248
prayer,2,1,6.145903755147194e-05,4.636928498562552e-05,3,-0.28173361830269855
pre,3,0,8.194538340196259e-05,2.318464249281276e-05,3,-1.2625628713144248
prediction,0,3,2.0486345850490648e-05,9.273856997125104e-05,3,1.5100258509253563
nestleindia,1,2,4.0972691700981296e-05,6.955392747843828e-05,3,0.52919659791363
newsintweets,1,2,4.0972691700981296e-05,6.955392747843828e-05,3,0.52919659791363
necessary,2,1,6.145903755147194e-05,4.636928498562552e-05,3,-0.28173361830269855
needle,3,0,8.194538340196259e-05,2.318464249281276e-05,3,-1.2625628713144248
neighbor,1,2,4.0972691700981296e-05,6.955392747843828e-05,3,0.52919659791363
neighborhood,1,2,4.0972691700981296e-05,6.955392747843828e-05,3,0.52919659791363
neil,1,2,4.0972691700981296e-05,6.955392747843828e-05,3,0.52919659791363
nepal,0,3,2.0486345850490648e-05,9.273856997125104e-05,3,1.5100258509253563
propertycasualty,2,1,6.145903755147194e-05,4.636928498562552e-05,3,-0.28173361830269855
provide,0,3,2.0486345850490648e-05,9.273856997125104e-05,3,1.5100258509253563
mkx,3,0,8.194538340196259e-05,2.318464249281276e-05,3,-1.2625628713144248
ml,1,2,4.0972691700981296e-05,6.955392747843828e-05,3,0.52919659791363
modi,2,1,6.145903755147194e-05,4.636928498562552e-05,3,-0.28173361830269855
proceeds,2,1,6.145903755147194e-05,4.636928498562552e-05,3,-0.28173361830269855
prompted,1,2,4.0972691700981296e-05,6.955392747843828e-05,3,0.52919659791363
prone,2,1,6.145903755147194e-05,4.636928498562552e-05,3,-0.28173361830269855
msf,0,3,2.0486345850490648e-05,9.273856997125104e-05,3,1.5100258509253563
mud,2,1,6.145903755147194e-05,4.636928498562552e-05,3,-0.28173361830269855
mullah,2,1,6.145903755147194e-05,4.636928498562552e-05,3,-0.28173361830269855
navbl,3,0,8.194538340196259e-05,2.318464249281276e-05,3,-1.2625628713144248
nazi,1,2,4.0972691700981296e-05,6.955392747843828e-05,3,0.52919659791363
nbc,1,2,4.0972691700981296e-05,6.955392747843828e-05,3,0.52919659791363
ne,0,3,2.0486345850490648e-05,9.273856997125104e-05,3,1.5100258509253563
mountaineering,2,1,6.145903755147194e-05,4.636928498562552e-05,3,-0.28173361830269855
purchase,3,0,8.194538340196259e-05,2.318464249281276e-05,3,-1.2625628713144248
push,1,2,4.0972691700981296e-05,6.955392747843828e-05,3,0.52919659791363
quake,0,3,2.0486345850490648e-05,9.273856997125104e-05,3,1.5100258509253563
memphis,2,1,6.145903755147194e-05,4.636928498562552e-05,3,-0.28173361830269855
mentally,2,1,6.145903755147194e-05,4.636928498562552e-05,3,-0.28173361830269855
psalm,3,0,8.194538340196259e-05,2.318464249281276e-05,3,-1.2625628713144248
psychological,0,3,2.0486345850490648e-05,9.273856997125104e-05,3,1.5100258509253563
ptsd,2,1,6.145903755147194e-05,4.636928498562552e-05,3,-0.28173361830269855
pulling,2,1,6.145903755147194e-05,4.636928498562552e-05,3,-0.28173361830269855
pun,3,0,8.194538340196259e-05,2.318464249281276e-05,3,-1.2625628713144248
milkshake,2,1,6.145903755147194e-05,4.636928498562552e-05,3,-0.28173361830269855
minaj,3,0,8.194538340196259e-05,2.318464249281276e-05,3,-1.2625628713144248
minion,2,1,6.145903755147194e-05,4.636928498562552e-05,3,-0.28173361830269855
mirage,3,0,8.194538340196259e-05,2.318464249281276e-05,3,-1.2625628713144248
modiministry,0,3,2.0486345850490648e-05,9.273856997125104e-05,3,1.5100258509253563
monday,2,1,6.145903755147194e-05,4.636928498562552e-05,3,-0.28173361830269855
moral,1,2,4.0972691700981296e-05,6.955392747843828e-05,3,0.52919659791363
meaning,3,0,8.194538340196259e-05,2.318464249281276e-05,3,-1.2625628713144248
medieval,1,2,4.0972691700981296e-05,6.955392747843828e-05,3,0.52919659791363
mega,2,1,6.145903755147194e-05,4.636928498562552e-05,3,-0.28173361830269855
random,2,1,6.145903755147194e-05,4.636928498562552e-05,3,-0.28173361830269855
rating,1,2,4.0972691700981296e-05,6.955392747843828e-05,3,0.52919659791363
matthew,3,0,8.194538340196259e-05,2.318464249281276e-05,3,-1.2625628713144248
mattson,3,0,8.194538340196259e-05,2.318464249281276e-05,3,-1.2625628713144248
mcdonalds,3,0,8.194538340196259e-05,2.318464249281276e-05,3,-1.2625628713144248
mcilroy,3,0,8.194538340196259e-05,2.318464249281276e-05,3,-1.2625628713144248
ra,0,3,2.0486345850490648e-05,9.273856997125104e-05,3,1.5100258509253563
racing,2,1,6.145903755147194e-05,4.636928498562552e-05,3,-0.28173361830269855
radioactive,0,3,2.0486345850490648e-05,9.273856997125104e-05,3,1.5100258509253563
rainfall,0,3,2.0486345850490648e-05,9.273856997125104e-05,3,1.5100258509253563
mentioned,2,1,6.145903755147194e-05,4.636928498562552e-05,3,-0.28173361830269855
mercury,2,1,6.145903755147194e-05,4.636928498562552e-05,3,-0.28173361830269855
metric,3,0,8.194538340196259e-05,2.318464249281276e-05,3,-1.2625628713144248
metrofmtalk,3,0,8.194538340196259e-05,2.318464249281276e-05,3,-1.2625628713144248
microsoft,3,0,8.194538340196259e-05,2.318464249281276e-05,3,-1.2625628713144248
mid,0,3,2.0486345850490648e-05,9.273856997125104e-05,3,1.5100258509253563
recap,1,2,4.0972691700981296e-05,6.955392747843828e-05,3,0.52919659791363
recorded,2,1,6.145903755147194e-05,4.636928498562552e-05,3,-0.28173361830269855
lone,1,2,4.0972691700981296e-05,6.955392747843828e-05,3,0.52919659791363
madison,1,2,4.0972691700981296e-05,6.955392747843828e-05,3,0.52919659791363
magginoodle,1,2,4.0972691700981296e-05,6.955392747843828e-05,3,0.52919659791363
maj,1,2,4.0972691700981296e-05,6.955392747843828e-05,3,0.52919659791363
realtime,2,1,6.145903755147194e-05,4.636928498562552e-05,3,-0.28173361830269855
marvel,3,0,8.194538340196259e-05,2.318464249281276e-05,3,-1.2625628713144248
mate,1,2,4.0972691700981296e-05,6.955392747843828e-05,3,0.52919659791363
lrt,2,1,6.145903755147194e-05,4.636928498562552e-05,3,-0.28173361830269855
luis,1,2,4.0972691700981296e-05,6.955392747843828e-05,3,0.52919659791363
lv,3,0,8.194538340196259e-05,2.318464249281276e-05,3,-1.2625628713144248
manmade,1,2,4.0972691700981296e-05,6.955392747843828e-05,3,0.52919659791363
marker,0,3,2.0486345850490648e-05,9.273856997125104e-05,3,1.5100258509253563
listenbuy,3,0,8.194538340196259e-05,2.318464249281276e-05,3,-1.2625628713144248
listenlive,3,0,8.194538340196259e-05,2.318464249281276e-05,3,-1.2625628713144248
lived,1,2,4.0972691700981296e-05,6.955392747843828e-05,3,0.52919659791363
lizard,2,1,6.145903755147194e-05,4.636928498562552e-05,3,-0.28173361830269855
locke,2,1,6.145903755147194e-05,4.636928498562552e-05,3,-0.28173361830269855
locker,3,0,8.194538340196259e-05,2.318464249281276e-05,3,-1.2625628713144248
relationship,2,1,6.145903755147194e-05,4.636928498562552e-05,3,-0.28173361830269855
referring,1,2,4.0972691700981296e-05,6.955392747843828e-05,3,0.52919659791363
reflect,2,1,6.145903755147194e-05,4.636928498562552e-05,3,-0.28173361830269855
refused,0,3,2.0486345850490648e-05,9.273856997125104e-05,3,1.5100258509253563
regarding,3,0,8.194538340196259e-05,2.318464249281276e-05,3,-1.2625628713144248
registered,2,1,6.145903755147194e-05,4.636928498562552e-05,3,-0.28173361830269855
regret,3,0,8.194538340196259e-05,2.318464249281276e-05,3,-1.2625628713144248
longs,1,2,4.0972691700981296e-05,6.955392747843828e-05,3,0.52919659791363
looping,0,3,2.0486345850490648e-05,9.273856997125104e-05,3,1.5100258509253563
loses,1,2,4.0972691700981296e-05,6.955392747843828e-05,3,0.52919659791363
lover,3,0,8.194538340196259e-05,2.318464249281276e-05,3,-1.2625628713144248
recycling,1,2,4.0972691700981296e-05,6.955392747843828e-05,3,0.52919659791363
reshapes,1,2,4.0972691700981296e-05,6.955392747843828e-05,3,0.52919659791363
responded,0,3,2.0486345850490648e-05,9.273856997125104e-05,3,1.5100258509253563
lately,2,1,6.145903755147194e-05,4.636928498562552e-05,3,-0.28173361830269855
latestnews,0,3,2.0486345850490648e-05,9.273856997125104e-05,3,1.5100258509253563
lauren,3,0,8.194538340196259e-05,2.318464249281276e-05,3,-1.2625628713144248
lay,3,0,8.194538340196259e-05,2.318464249281276e-05,3,-1.2625628713144248
removal,3,0,8.194538340196259e-05,2.318464249281276e-05,3,-1.2625628713144248
reopening,1,2,4.0972691700981296e-05,6.955392747843828e-05,3,0.52919659791363
repeat,0,3,2.0486345850490648e-05,9.273856997125104e-05,3,1.5100258509253563
republic,3,0,8.194538340196259e-05,2.318464249281276e-05,3,-1.2625628713144248
request,2,1,6.145903755147194e-05,4.636928498562552e-05,3,-0.28173361830269855
required,2,1,6.145903755147194e-05,4.636928498562552e-05,3,-0.28173361830269855
lglorg,0,3,2.0486345850490648e-05,9.273856997125104e-05,3,1.5100258509253563
lifetime,3,0,8.194538340196259e-05,2.318464249281276e-05,3,-1.2625628713144248
lifting,3,0,8.194538340196259e-05,2.318464249281276e-05,3,-1.2625628713144248
procedure,2,1,6.145903755147194e-05,4.636928498562552e-05,3,-0.28173361830269855
lighting,1,2,4.0972691700981296e-05,6.955392747843828e-05,3,0.52919659791363
log,2,1,6.145903755147194e-05,4.636928498562552e-05,3,-0.28173361830269855
logic,2,1,6.145903755147194e-05,4.636928498562552e-05,3,-0.28173361830269855
lego,3,0,8.194538340196259e-05,2.318464249281276e-05,3,-1.2625628713144248
leisure,2,1,6.145903755147194e-05,4.636928498562552e-05,3,-0.28173361830269855
len,3,0,8.194538340196259e-05,2.318464249281276e-05,3,-1.2625628713144248
kurd,0,3,2.0486345850490648e-05,9.273856997125104e-05,3,1.5100258509253563
kuwait,0,3,2.0486345850490648e-05,9.273856997125104e-05,3,1.5100258509253563
laid,3,0,8.194538340196259e-05,2.318464249281276e-05,3,-1.2625628713144248
landscape,2,1,6.145903755147194e-05,4.636928498562552e-05,3,-0.28173361830269855
langley,1,2,4.0972691700981296e-05,6.955392747843828e-05,3,0.52919659791363
knowing,1,2,4.0972691700981296e-05,6.955392747843828e-05,3,0.52919659791363
knoxville,1,2,4.0972691700981296e-05,6.955392747843828e-05,3,0.52919659791363
koin,0,3,2.0486345850490648e-05,9.273856997125104e-05,3,1.5100258509253563
komen,0,3,2.0486345850490648e-05,9.273856997125104e-05,3,1.5100258509253563
korea,1,2,4.0972691700981296e-05,6.955392747843828e-05,3,0.52919659791363
retweet,2,1,6.145903755147194e-05,4.636928498562552e-05,3,-0.28173361830269855
revenue,0,3,2.0486345850490648e-05,9.273856997125104e-05,3,1.5100258509253563
revolution,2,1,6.145903755147194e-05,4.636928498562552e-05,3,-0.28173361830269855
rich,3,0,8.194538340196259e-05,2.318464249281276e-05,3,-1.2625628713144248
rickperry,1,2,4.0972691700981296e-05,6.955392747843828e-05,3,0.52919659791363
leadership,3,0,8.194538340196259e-05,2.318464249281276e-05,3,-1.2625628713144248
legendary,1,2,4.0972691700981296e-05,6.955392747843828e-05,3,0.52919659791363
legion,2,1,6.145903755147194e-05,4.636928498562552e-05,3,-0.28173361830269855
retail,3,0,8.194538340196259e-05,2.318464249281276e-05,3,-1.2625628713144248
roller,3,0,8.194538340196259e-05,2.318464249281276e-05,3,-1.2625628713144248
joel,3,0,8.194538340196259e-05,2.318464249281276e-05,3,-1.2625628713144248
johannesburg,0,3,2.0486345850490648e-05,9.273856997125104e-05,3,1.5100258509253563
johnson,2,1,6.145903755147194e-05,4.636928498562552e-05,3,-0.28173361830269855
ripped,2,1,6.145903755147194e-05,4.636928498562552e-05,3,-0.28173361830269855
roanoke,1,2,4.0972691700981296e-05,6.955392747843828e-05,3,0.52919659791363
robinson,2,1,6.145903755147194e-05,4.636928498562552e-05,3,-0.28173361830269855
roh,3,0,8.194538340196259e-05,2.318464249281276e-05,3,-1.2625628713144248
kitten,2,1,6.145903755147194e-05,4.636928498562552e-05,3,-0.28173361830269855
knife,2,1,6.145903755147194e-05,4.636928498562552e-05,3,-0.28173361830269855
rifle,2,1,6.145903755147194e-05,4.636928498562552e-05,3,-0.28173361830269855
rio,0,3,2.0486345850490648e-05,9.273856997125104e-05,3,1.5100258509253563
kalle,3,0,8.194538340196259e-05,2.318464249281276e-05,3,-1.2625628713144248
key,0,3,2.0486345850490648e-05,9.273856997125104e-05,3,1.5100258509253563
ryan,2,1,6.145903755147194e-05,4.636928498562552e-05,3,-0.28173361830269855
saddlebrooke,3,0,8.194538340196259e-05,2.318464249281276e-05,3,-1.2625628713144248
safely,2,1,6.145903755147194e-05,4.636928498562552e-05,3,-0.28173361830269855
installation,2,1,6.145903755147194e-05,4.636928498562552e-05,3,-0.28173361830269855
instant,2,1,6.145903755147194e-05,4.636928498562552e-05,3,-0.28173361830269855
instruction,3,0,8.194538340196259e-05,2.318464249281276e-05,3,-1.2625628713144248
jail,2,1,6.145903755147194e-05,4.636928498562552e-05,3,-0.28173361830269855
james,3,0,8.194538340196259e-05,2.318464249281276e-05,3,-1.2625628713144248
jax,1,2,4.0972691700981296e-05,6.955392747843828e-05,3,0.52919659791363
ruined,2,1,6.145903755147194e-05,4.636928498562552e-05,3,-0.28173361830269855
rworldnews,1,2,4.0972691700981296e-05,6.955392747843828e-05,3,0.52919659791363
rwy,3,0,8.194538340196259e-05,2.318464249281276e-05,3,-1.2625628713144248
julie,3,0,8.194538340196259e-05,2.318464249281276e-05,3,-1.2625628713144248
jupiter,3,0,8.194538340196259e-05,2.318464249281276e-05,3,-1.2625628713144248
ireland,3,0,8.194538340196259e-05,2.318464249281276e-05,3,-1.2625628713144248
itunes,3,0,8.194538340196259e-05,2.318464249281276e-05,3,-1.2625628713144248
jacket,2,1,6.145903755147194e-05,4.636928498562552e-05,3,-0.28173361830269855
joining,2,1,6.145903755147194e-05,4.636928498562552e-05,3,-0.28173361830269855
joint,2,1,6.145903755147194e-05,4.636928498562552e-05,3,-0.28173361830269855
joke,2,1,6.145903755147194e-05,4.636928498562552e-05,3,-0.28173361830269855
jon,2,1,6.145903755147194e-05,4.636928498562552e-05,3,-0.28173361830269855
journalist,1,2,4.0972691700981296e-05,6.955392747843828e-05,3,0.52919659791363
journey,1,2,4.0972691700981296e-05,6.955392747843828e-05,3,0.52919659791363
jr,3,0,8.194538340196259e-05,2.318464249281276e-05,3,-1.2625628713144248
satan,2,1,6.145903755147194e-05,4.636928498562552e-05,3,-0.28173361830269855
savebees,3,0,8.194538340196259e-05,2.318464249281276e-05,3,-1.2625628713144248
ibooklove,1,2,4.0972691700981296e-05,6.955392747843828e-05,3,0.52919659791363
icymi,2,1,6.145903755147194e-05,4.636928498562552e-05,3,-0.28173361830269855
sake,2,1,6.145903755147194e-05,4.636928498562552e-05,3,-0.28173361830269855
salmon,2,1,6.145903755147194e-05,4.636928498562552e-05,3,-0.28173361830269855
salvation,0,3,2.0486345850490648e-05,9.273856997125104e-05,3,1.5100258509253563
sampling,3,0,8.194538340196259e-05,2.318464249281276e-05,3,-1.2625628713144248
sand,2,1,6.145903755147194e-05,4.636928498562552e-05,3,-0.28173361830269855
sassy,1,2,4.0972691700981296e-05,6.955392747843828e-05,3,0.52919659791363
indonesia,0,3,2.0486345850490648e-05,9.273856997125104e-05,3,1.5100258509253563
inevitable,3,0,8.194538340196259e-05,2.318464249281276e-05,3,-1.2625628713144248
initial,0,3,2.0486345850490648e-05,9.273856997125104e-05,3,1.5100258509253563
injures,2,1,6.145903755147194e-05,4.636928498562552e-05,3,-0.28173361830269855
inspection,2,1,6.145903755147194e-05,4.636928498562552e-05,3,-0.28173361830269855
inst,3,0,8.194538340196259e-05,2.318464249281276e-05,3,-1.2625628713144248
intersection,0,3,2.0486345850490648e-05,9.273856997125104e-05,3,1.5100258509253563
invasion,0,3,2.0486345850490648e-05,9.273856997125104e-05,3,1.5100258509253563
independent,2,1,6.145903755147194e-05,4.636928498562552e-05,3,-0.28173361830269855
humanconsumption,1,2,4.0972691700981296e-05,6.955392747843828e-05,3,0.52919659791363
humaza,2,1,6.145903755147194e-05,4.636928498562552e-05,3,-0.28173361830269855
hunger,2,1,6.145903755147194e-05,4.636928498562552e-05,3,-0.28173361830269855
hunk,1,2,4.0972691700981296e-05,6.955392747843828e-05,3,0.52919659791363
hurry,1,2,4.0972691700981296e-05,6.955392747843828e-05,3,0.52919659791363
hybrid,2,1,6.145903755147194e-05,4.636928498562552e-05,3,-0.28173361830269855
scotland,2,1,6.145903755147194e-05,4.636928498562552e-05,3,-0.28173361830269855
however,3,0,8.194538340196259e-05,2.318464249281276e-05,3,-1.2625628713144248
hug,3,0,8.194538340196259e-05,2.318464249281276e-05,3,-1.2625628713144248
imported,1,2,4.0972691700981296e-05,6.955392747843828e-05,3,0.52919659791363
scale,2,1,6.145903755147194e-05,4.636928498562552e-05,3,-0.28173361830269855
scar,2,1,6.145903755147194e-05,4.636928498562552e-05,3,-0.28173361830269855
schiphol,0,3,2.0486345850490648e-05,9.273856997125104e-05,3,1.5100258509253563
scifi,2,1,6.145903755147194e-05,4.636928498562552e-05,3,-0.28173361830269855
idis,0,3,2.0486345850490648e-05,9.273856997125104e-05,3,1.5100258509253563
idol,3,0,8.194538340196259e-05,2.318464249281276e-05,3,-1.2625628713144248
ik,2,1,6.145903755147194e-05,4.636928498562552e-05,3,-0.28173361830269855
illinois,0,3,2.0486345850490648e-05,9.273856997125104e-05,3,1.5100258509253563
illustration,2,1,6.145903755147194e-05,4.636928498562552e-05,3,-0.28173361830269855
ima,2,1,6.145903755147194e-05,4.636928498562552e-05,3,-0.28173361830269855
immediately,2,1,6.145903755147194e-05,4.636928498562552e-05,3,-0.28173361830269855
impacted,2,1,6.145903755147194e-05,4.636928498562552e-05,3,-0.28173361830269855
sends,1,2,4.0972691700981296e-05,6.955392747843828e-05,3,0.52919659791363
hashtag,3,0,8.194538340196259e-05,2.318464249281276e-05,3,-1.2625628713144248
hatcap,3,0,8.194538340196259e-05,2.318464249281276e-05,3,-1.2625628713144248
hating,3,0,8.194538340196259e-05,2.318464249281276e-05,3,-1.2625628713144248
hillary,2,1,6.145903755147194e-05,4.636928498562552e-05,3,-0.28173361830269855
himalaya,0,3,2.0486345850490648e-05,9.273856997125104e-05,3,1.5100258509253563
hinton,0,3,2.0486345850490648e-05,9.273856997125104e-05,3,1.5100258509253563
hiphop,2,1,6.145903755147194e-05,4.636928498562552e-05,3,-0.28173361830269855
historic,0,3,2.0486345850490648e-05,9.273856997125104e-05,3,1.5100258509253563
seem,2,1,6.145903755147194e-05,4.636928498562552e-05,3,-0.28173361830269855
seemed,2,1,6.145903755147194e-05,4.636928498562552e-05,3,-0.28173361830269855
hoping,2,1,6.145903755147194e-05,4.636928498562552e-05,3,-0.28173361830269855
higher,0,3,2.0486345850490648e-05,9.273856997125104e-05,3,1.5100258509253563
highly,3,0,8.194538340196259e-05,2.318464249281276e-05,3,-1.2625628713144248
hike,2,1,6.145903755147194e-05,4.636928498562552e-05,3,-0.28173361830269855
hype,3,0,8.194538340196259e-05,2.318464249281276e-05,3,-1.2625628713144248
hmm,0,3,2.0486345850490648e-05,9.273856997125104e-05,3,1.5100258509253563
honey,3,0,8.194538340196259e-05,2.318464249281276e-05,3,-1.2625628713144248
halifax,1,2,4.0972691700981296e-05,6.955392747843828e-05,3,0.52919659791363
hamas,0,3,2.0486345850490648e-05,9.273856997125104e-05,3,1.5100258509253563
hamilton,0,3,2.0486345850490648e-05,9.273856997125104e-05,3,1.5100258509253563
hampshire,1,2,4.0972691700981296e-05,6.955392747843828e-05,3,0.52919659791363
happiness,2,1,6.145903755147194e-05,4.636928498562552e-05,3,-0.28173361830269855
shedding,3,0,8.194538340196259e-05,2.318464249281276e-05,3,-1.2625628713144248
shelby,0,3,2.0486345850490648e-05,9.273856997125104e-05,3,1.5100258509253563
sheriff,0,3,2.0486345850490648e-05,9.273856997125104e-05,3,1.5100258509253563
habit,3,0,8.194538340196259e-05,2.318464249281276e-05,3,-1.2625628713144248
hack,3,0,8.194538340196259e-05,2.318464249281276e-05,3,-1.2625628713144248
hah,2,1,6.145903755147194e-05,4.636928498562552e-05,3,-0.28173361830269855
hahaha,3,0,8.194538340196259e-05,2.318464249281276e-05,3,-1.2625628713144248
haiyan,0,3,2.0486345850490648e-05,9.273856997125104e-05,3,1.5100258509253563
sewing,1,2,4.0972691700981296e-05,6.955392747843828e-05,3,0.52919659791363
sexy,3,0,8.194538340196259e-05,2.318464249281276e-05,3,-1.2625628713144248
sf,2,1,6.145903755147194e-05,4.636928498562552e-05,3,-0.28173361830269855
shark,3,0,8.194538340196259e-05,2.318464249281276e-05,3,-1.2625628713144248
headline,1,2,4.0972691700981296e-05,6.955392747843828e-05,3,0.52919659791363
headset,3,0,8.194538340196259e-05,2.318464249281276e-05,3,-1.2625628713144248
heal,3,0,8.194538340196259e-05,2.318464249281276e-05,3,-1.2625628713144248
healthcare,3,0,8.194538340196259e-05,2.318464249281276e-05,3,-1.2625628713144248
heartless,2,1,6.145903755147194e-05,4.636928498562552e-05,3,-0.28173361830269855
shoot,2,1,6.145903755147194e-05,4.636928498562552e-05,3,-0.28173361830269855
showcase,3,0,8.194538340196259e-05,2.318464249281276e-05,3,-1.2625628713144248
showed,2,1,6.145903755147194e-05,4.636928498562552e-05,3,-0.28173361830269855
sigalert,0,3,2.0486345850490648e-05,9.273856997125104e-05,3,1.5100258509253563
sight,2,1,6.145903755147194e-05,4.636928498562552e-05,3,-0.28173361830269855
significant,3,0,8.194538340196259e-05,2.318464249281276e-05,3,-1.2625628713144248
gym,3,0,8.194538340196259e-05,2.318464249281276e-05,3,-1.2625628713144248
shipwreck,1,2,4.0972691700981296e-05,6.955392747843828e-05,3,0.52919659791363
shirt,3,0,8.194538340196259e-05,2.318464249281276e-05,3,-1.2625628713144248
shitty,3,0,8.194538340196259e-05,2.318464249281276e-05,3,-1.2625628713144248
shock,2,1,6.145903755147194e-05,4.636928498562552e-05,3,-0.28173361830269855
shocked,1,2,4.0972691700981296e-05,6.955392747843828e-05,3,0.52919659791363
shook,2,1,6.145903755147194e-05,4.636928498562552e-05,3,-0.28173361830269855
grown,1,2,4.0972691700981296e-05,6.955392747843828e-05,3,0.52919659791363
growth,1,2,4.0972691700981296e-05,6.955392747843828e-05,3,0.52919659791363
guest,2,1,6.145903755147194e-05,4.636928498562552e-05,3,-0.28173361830269855
guided,0,3,2.0486345850490648e-05,9.273856997125104e-05,3,1.5100258509253563
guilty,3,0,8.194538340196259e-05,2.318464249281276e-05,3,-1.2625628713144248
gunsense,2,1,6.145903755147194e-05,4.636928498562552e-05,3,-0.28173361830269855
gunshot,2,1,6.145903755147194e-05,4.636928498562552e-05,3,-0.28173361830269855
hardline,3,0,8.194538340196259e-05,2.318464249281276e-05,3,-1.2625628713144248
harmkid,2,1,6.145903755147194e-05,4.636928498562552e-05,3,-0.28173361830269855
harrybecareful,3,0,8.194538340196259e-05,2.318464249281276e-05,3,-1.2625628713144248
grew,1,2,4.0972691700981296e-05,6.955392747843828e-05,3,0.52919659791363
groom,3,0,8.194538340196259e-05,2.318464249281276e-05,3,-1.2625628713144248
grove,1,2,4.0972691700981296e-05,6.955392747843828e-05,3,0.52919659791363
skirt,3,0,8.194538340196259e-05,2.318464249281276e-05,3,-1.2625628713144248
furious,2,1,6.145903755147194e-05,4.636928498562552e-05,3,-0.28173361830269855
fyi,0,3,2.0486345850490648e-05,9.273856997125104e-05,3,1.5100258509253563
ga,1,2,4.0972691700981296e-05,6.955392747843828e-05,3,0.52919659791363
gameplay,3,0,8.194538340196259e-05,2.318464249281276e-05,3,-1.2625628713144248
gamergate,3,0,8.194538340196259e-05,2.318464249281276e-05,3,-1.2625628713144248
silent,2,1,6.145903755147194e-05,4.636928498562552e-05,3,-0.28173361830269855
silvergray,3,0,8.194538340196259e-05,2.318464249281276e-05,3,-1.2625628713144248
sink,2,1,6.145903755147194e-05,4.636928498562552e-05,3,-0.28173361830269855
sized,2,1,6.145903755147194e-05,4.636928498562552e-05,3,-0.28173361830269855
genuine,2,1,6.145903755147194e-05,4.636928498562552e-05,3,-0.28173361830269855
ghost,1,2,4.0972691700981296e-05,6.955392747843828e-05,3,0.52919659791363
gilbert,2,1,6.145903755147194e-05,4.636928498562552e-05,3,-0.28173361830269855
glorious,2,1,6.145903755147194e-05,4.636928498562552e-05,3,-0.28173361830269855
gmt,1,2,4.0972691700981296e-05,6.955392747843828e-05,3,0.52919659791363
goat,3,0,8.194538340196259e-05,2.318464249281276e-05,3,-1.2625628713144248
godslove,2,1,6.145903755147194e-05,4.636928498562552e-05,3,-0.28173361830269855
goodbye,3,0,8.194538340196259e-05,2.318464249281276e-05,3,-1.2625628713144248
gopdebate,2,1,6.145903755147194e-05,4.636928498562552e-05,3,-0.28173361830269855
grabber,0,3,2.0486345850490648e-05,9.273856997125104e-05,3,1.5100258509253563
grand,2,1,6.145903755147194e-05,4.636928498562552e-05,3,-0.28173361830269855
grant,0,3,2.0486345850490648e-05,9.273856997125104e-05,3,1.5100258509253563
greg,1,2,4.0972691700981296e-05,6.955392747843828e-05,3,0.52919659791363
generally,3,0,8.194538340196259e-05,2.318464249281276e-05,3,-1.2625628713144248
so,2,1,6.145903755147194e-05,4.636928498562552e-05,3,-0.28173361830269855
soccer,3,0,8.194538340196259e-05,2.318464249281276e-05,3,-1.2625628713144248
socialism,2,1,6.145903755147194e-05,4.636928498562552e-05,3,-0.28173361830269855
folk,3,0,8.194538340196259e-05,2.318464249281276e-05,3,-1.2625628713144248
foodscare,1,2,4.0972691700981296e-05,6.955392747843828e-05,3,0.52919659791363
fool,1,2,4.0972691700981296e-05,6.955392747843828e-05,3,0.52919659791363
slower,1,2,4.0972691700981296e-05,6.955392747843828e-05,3,0.52919659791363
slowly,2,1,6.145903755147194e-05,4.636928498562552e-05,3,-0.28173361830269855
smoky,1,2,4.0972691700981296e-05,6.955392747843828e-05,3,0.52919659791363
snack,2,1,6.145903755147194e-05,4.636928498562552e-05,3,-0.28173361830269855
snapchat,3,0,8.194538340196259e-05,2.318464249281276e-05,3,-1.2625628713144248
sneak,1,2,4.0972691700981296e-05,6.955392747843828e-05,3,0.52919659791363
friendship,3,0,8.194538340196259e-05,2.318464249281276e-05,3,-1.2625628713144248
frog,1,2,4.0972691700981296e-05,6.955392747843828e-05,3,0.52919659791363
frontpage,1,2,4.0972691700981296e-05,6.955392747843828e-05,3,0.52919659791363
frozen,3,0,8.194538340196259e-05,2.318464249281276e-05,3,-1.2625628713144248
fuckin,3,0,8.194538340196259e-05,2.318464249281276e-05,3,-1.2625628713144248
slayer,3,0,8.194538340196259e-05,2.318464249281276e-05,3,-1.2625628713144248
gateau,2,1,6.145903755147194e-05,4.636928498562552e-05,3,-0.28173361830269855
gear,3,0,8.194538340196259e-05,2.318464249281276e-05,3,-1.2625628713144248
gel,3,0,8.194538340196259e-05,2.318464249281276e-05,3,-1.2625628713144248
fraction,1,2,4.0972691700981296e-05,6.955392747843828e-05,3,0.52919659791363
frank,2,1,6.145903755147194e-05,4.636928498562552e-05,3,-0.28173361830269855
franklin,1,2,4.0972691700981296e-05,6.955392747843828e-05,3,0.52919659791363
freezing,3,0,8.194538340196259e-05,2.318464249281276e-05,3,-1.2625628713144248
fkn,1,2,4.0972691700981296e-05,6.955392747843828e-05,3,0.52919659791363
flaming,3,0,8.194538340196259e-05,2.318464249281276e-05,3,-1.2625628713144248
soudelors,0,3,2.0486345850490648e-05,9.273856997125104e-05,3,1.5100258509253563
southbound,0,3,2.0486345850490648e-05,9.273856997125104e-05,3,1.5100258509253563
dealing,1,2,4.0972691700981296e-05,6.955392747843828e-05,3,0.52919659791363
decade,0,3,2.0486345850490648e-05,9.273856997125104e-05,3,1.5100258509253563
december,2,1,6.145903755147194e-05,4.636928498562552e-05,3,-0.28173361830269855
fixed,2,1,6.145903755147194e-05,4.636928498562552e-05,3,-0.28173361830269855
tmp,3,0,8.194538340196259e-05,2.318464249281276e-05,3,-1.2625628713144248
esp,1,2,4.0972691700981296e-05,6.955392747843828e-05,3,0.52919659791363
sorrow,2,1,6.145903755147194e-05,4.636928498562552e-05,3,-0.28173361830269855
condo,2,1,6.145903755147194e-05,4.636928498562552e-05,3,-0.28173361830269855
condolence,0,3,2.0486345850490648e-05,9.273856997125104e-05,3,1.5100258509253563
connector,1,2,4.0972691700981296e-05,6.955392747843828e-05,3,0.52919659791363
connectorconnecto,3,0,8.194538340196259e-05,2.318464249281276e-05,3,-1.2625628713144248
conquest,2,1,6.145903755147194e-05,4.636928498562552e-05,3,-0.28173361830269855
favor,3,0,8.194538340196259e-05,2.318464249281276e-05,3,-1.2625628713144248
threw,2,1,6.145903755147194e-05,4.636928498562552e-05,3,-0.28173361830269855
throwingknifes,3,0,8.194538340196259e-05,2.318464249281276e-05,3,-1.2625628713144248
stylish,3,0,8.194538340196259e-05,2.318464249281276e-05,3,-1.2625628713144248
tie,1,2,4.0972691700981296e-05,6.955392747843828e-05,3,0.52919659791363
tied,2,1,6.145903755147194e-05,4.636928498562552e-05,3,-0.28173361830269855
timeline,2,1,6.145903755147194e-05,4.636928498562552e-05,3,-0.28173361830269855
titan,3,0,8.194538340196259e-05,2.318464249281276e-05,3,-1.2625628713144248
crystal,2,1,6.145903755147194e-05,4.636928498562552e-05,3,-0.28173361830269855
csx,0,3,2.0486345850490648e-05,9.273856997125104e-05,3,1.5100258509253563
cuban,0,3,2.0486345850490648e-05,9.273856997125104e-05,3,1.5100258509253563
cooler,2,1,6.145903755147194e-05,4.636928498562552e-05,3,-0.28173361830269855
coral,2,1,6.145903755147194e-05,4.636928498562552e-05,3,-0.28173361830269855
suddenly,1,2,4.0972691700981296e-05,6.955392747843828e-05,3,0.52919659791363
existence,2,1,6.145903755147194e-05,4.636928498562552e-05,3,-0.28173361830269855
counter,1,2,4.0972691700981296e-05,6.955392747843828e-05,3,0.52919659791363
suffered,1,2,4.0972691700981296e-05,6.955392747843828e-05,3,0.52919659791363
superhero,2,1,6.145903755147194e-05,4.636928498562552e-05,3,-0.28173361830269855
sort,2,1,6.145903755147194e-05,4.636928498562552e-05,3,-0.28173361830269855
critical,2,1,6.145903755147194e-05,4.636928498562552e-05,3,-0.28173361830269855
croat,0,3,2.0486345850490648e-05,9.273856997125104e-05,3,1.5100258509253563
croatian,0,3,2.0486345850490648e-05,9.273856997125104e-05,3,1.5100258509253563
crown,2,1,6.145903755147194e-05,4.636928498562552e-05,3,-0.28173361830269855
cryptic,0,3,2.0486345850490648e-05,9.273856997125104e-05,3,1.5100258509253563
tooth,2,1,6.145903755147194e-05,4.636928498562552e-05,3,-0.28173361830269855
specific,2,1,6.145903755147194e-05,4.636928498562552e-05,3,-0.28173361830269855
tr,0,3,2.0486345850490648e-05,9.273856997125104e-05,3,1.5100258509253563
climb,3,0,8.194538340196259e-05,2.318464249281276e-05,3,-1.2625628713144248
closing,2,1,6.145903755147194e-05,4.636928498562552e-05,3,-0.28173361830269855
square,3,0,8.194538340196259e-05,2.318464249281276e-05,3,-1.2625628713144248
eaten,2,1,6.145903755147194e-05,4.636928498562552e-05,3,-0.28173361830269855
coat,2,1,6.145903755147194e-05,4.636928498562552e-05,3,-0.28173361830269855
comedy,2,1,6.145903755147194e-05,4.636928498562552e-05,3,-0.28173361830269855
commit,1,2,4.0972691700981296e-05,6.955392747843828e-05,3,0.52919659791363
communication,2,1,6.145903755147194e-05,4.636928498562552e-05,3,-0.28173361830269855
commute,0,3,2.0486345850490648e-05,9.273856997125104e-05,3,1.5100258509253563
comparison,1,2,4.0972691700981296e-05,6.955392747843828e-05,3,0.52919659791363
complaint,3,0,8.194538340196259e-05,2.318464249281276e-05,3,-1.2625628713144248
forbes,2,1,6.145903755147194e-05,4.636928498562552e-05,3,-0.28173361830269855
concept,2,1,6.145903755147194e-05,4.636928498562552e-05,3,-0.28173361830269855
contrast,3,0,8.194538340196259e-05,2.318464249281276e-05,3,-1.2625628713144248
controlled,2,1,6.145903755147194e-05,4.636928498562552e-05,3,-0.28173361830269855
controller,2,1,6.145903755147194e-05,4.636928498562552e-05,3,-0.28173361830269855
colluded,0,3,2.0486345850490648e-05,9.273856997125104e-05,3,1.5100258509253563
stacey,0,3,2.0486345850490648e-05,9.273856997125104e-05,3,1.5100258509253563
columbia,0,3,2.0486345850490648e-05,9.273856997125104e-05,3,1.5100258509253563
com,2,1,6.145903755147194e-05,4.636928498562552e-05,3,-0.28173361830269855
stamp,3,0,8.194538340196259e-05,2.318464249281276e-05,3,-1.2625628713144248
constant,1,2,4.0972691700981296e-05,6.955392747843828e-05,3,0.52919659791363
ed,2,1,6.145903755147194e-05,4.636928498562552e-05,3,-0.28173361830269855
construction,0,3,2.0486345850490648e-05,9.273856997125104e-05,3,1.5100258509253563
standing,2,1,6.145903755147194e-05,4.636928498562552e-05,3,-0.28173361830269855
contained,0,3,2.0486345850490648e-05,9.273856997125104e-05,3,1.5100258509253563
contemplating,3,0,8.194538340196259e-05,2.318464249281276e-05,3,-1.2625628713144248
context,1,2,4.0972691700981296e-05,6.955392747843828e-05,3,0.52919659791363
eh,3,0,8.194538340196259e-05,2.318464249281276e-05,3,-1.2625628713144248
transporting,1,2,4.0972691700981296e-05,6.955392747843828e-05,3,0.52919659791363
tremor,1,2,4.0972691700981296e-05,6.955392747843828e-05,3,0.52919659791363
ford,2,1,6.145903755147194e-05,4.636928498562552e-05,3,-0.28173361830269855
stats,3,0,8.194538340196259e-05,2.318464249281276e-05,3,-1.2625628713144248
fee,2,1,6.145903755147194e-05,4.636928498562552e-05,3,-0.28173361830269855
elite,2,1,6.145903755147194e-05,4.636928498562552e-05,3,-0.28173361830269855
embroidered,3,0,8.194538340196259e-05,2.318464249281276e-05,3,-1.2625628713144248
charlotte,1,2,4.0972691700981296e-05,6.955392747843828e-05,3,0.52919659791363
cleared,0,3,2.0486345850490648e-05,9.273856997125104e-05,3,1.5100258509253563
clearedincident,1,2,4.0972691700981296e-05,6.955392747843828e-05,3,0.52919659791363
empty,1,2,4.0972691700981296e-05,6.955392747843828e-05,3,0.52919659791363
earnings,2,1,6.145903755147194e-05,4.636928498562552e-05,3,-0.28173361830269855
trail,3,0,8.194538340196259e-05,2.318464249281276e-05,3,-1.2625628713144248
transfer,1,2,4.0972691700981296e-05,6.955392747843828e-05,3,0.52919659791363
transformation,2,1,6.145903755147194e-05,4.636928498562552e-05,3,-0.28173361830269855
foreign,0,3,2.0486345850490648e-05,9.273856997125104e-05,3,1.5100258509253563
chunk,0,3,2.0486345850490648e-05,9.273856997125104e-05,3,1.5100258509253563
forgiven,2,1,6.145903755147194e-05,4.636928498562552e-05,3,-0.28173361830269855
edward,0,3,2.0486345850490648e-05,9.273856997125104e-05,3,1.5100258509253563
circle,2,1,6.145903755147194e-05,4.636928498562552e-05,3,-0.28173361830269855
circuit,0,3,2.0486345850490648e-05,9.273856997125104e-05,3,1.5100258509253563
ee,1,2,4.0972691700981296e-05,6.955392747843828e-05,3,0.52919659791363
cladding,2,1,6.145903755147194e-05,4.636928498562552e-05,3,-0.28173361830269855
spinning,2,1,6.145903755147194e-05,4.636928498562552e-05,3,-0.28173361830269855
cobra,2,1,6.145903755147194e-05,4.636928498562552e-05,3,-0.28173361830269855
egged,0,3,2.0486345850490648e-05,9.273856997125104e-05,3,1.5100258509253563
ego,2,1,6.145903755147194e-05,4.636928498562552e-05,3,-0.28173361830269855
college,1,2,4.0972691700981296e-05,6.955392747843828e-05,3,0.52919659791363
chosen,3,0,8.194538340196259e-05,2.318464249281276e-05,3,-1.2625628713144248
chris,1,2,4.0972691700981296e-05,6.955392747843828e-05,3,0.52919659791363
christ,2,1,6.145903755147194e-05,4.636928498562552e-05,3,-0.28173361830269855
christie,3,0,8.194538340196259e-05,2.318464249281276e-05,3,-1.2625628713144248
cbcca,0,3,2.0486345850490648e-05,9.273856997125104e-05,3,1.5100258509253563
split,2,1,6.145903755147194e-05,4.636928498562552e-05,3,-0.28173361830269855
cd,2,1,6.145903755147194e-05,4.636928498562552e-05,3,-0.28173361830269855
dj,3,0,8.194538340196259e-05,2.318464249281276e-05,3,-1.2625628713144248
cecilthelion,2,1,6.145903755147194e-05,4.636928498562552e-05,3,-0.28173361830269855
celebration,3,0,8.194538340196259e-05,2.318464249281276e-05,3,-1.2625628713144248
doc,1,2,4.0972691700981296e-05,6.955392747843828e-05,3,0.52919659791363
dock,1,2,4.0972691700981296e-05,6.955392747843828e-05,3,0.52919659791363
dolphin,1,2,4.0972691700981296e-05,6.955392747843828e-05,3,0.52919659791363
domestic,2,1,6.145903755147194e-05,4.636928498562552e-05,3,-0.28173361830269855
tune,2,1,6.145903755147194e-05,4.636928498562552e-05,3,-0.28173361830269855
donald,1,2,4.0972691700981296e-05,6.955392747843828e-05,3,0.52919659791363
tunnel,0,3,2.0486345850490648e-05,9.273856997125104e-05,3,1.5100258509253563
donate,1,2,4.0972691700981296e-05,6.955392747843828e-05,3,0.52919659791363
turning,2,1,6.145903755147194e-05,4.636928498562552e-05,3,-0.28173361830269855
dorret,3,0,8.194538340196259e-05,2.318464249281276e-05,3,-1.2625628713144248
finishing,3,0,8.194538340196259e-05,2.318464249281276e-05,3,-1.2625628713144248
survey,2,1,6.145903755147194e-05,4.636928498562552e-05,3,-0.28173361830269855
soviet,2,1,6.145903755147194e-05,4.636928498562552e-05,3,-0.28173361830269855
choose,3,0,8.194538340196259e-05,2.318464249281276e-05,3,-1.2625628713144248
foster,2,1,6.145903755147194e-05,4.636928498562552e-05,3,-0.28173361830269855
swarm,1,2,4.0972691700981296e-05,6.955392747843828e-05,3,0.52919659791363
trs,0,3,2.0486345850490648e-05,9.273856997125104e-05,3,1.5100258509253563
trunk,2,1,6.145903755147194e-05,4.636928498562552e-05,3,-0.28173361830269855
chat,2,1,6.145903755147194e-05,4.636928498562552e-05,3,-0.28173361830269855
checked,2,1,6.145903755147194e-05,4.636928498562552e-05,3,-0.28173361830269855
swear,3,0,8.194538340196259e-05,2.318464249281276e-05,3,-1.2625628713144248
chernobyl,1,2,4.0972691700981296e-05,6.955392747843828e-05,3,0.52919659791363
chest,2,1,6.145903755147194e-05,4.636928498562552e-05,3,-0.28173361830269855
chevy,3,0,8.194538340196259e-05,2.318464249281276e-05,3,-1.2625628713144248
chewing,2,1,6.145903755147194e-05,4.636928498562552e-05,3,-0.28173361830269855
chicken,3,0,8.194538340196259e-05,2.318464249281276e-05,3,-1.2625628713144248
ultimalucha,3,0,8.194538340196259e-05,2.318464249281276e-05,3,-1.2625628713144248
unavoidable,2,1,6.145903755147194e-05,4.636928498562552e-05,3,-0.28173361830269855
unawares,0,3,2.0486345850490648e-05,9.273856997125104e-05,3,1.5100258509253563
uncle,3,0,8.194538340196259e-05,2.318464249281276e-05,3,-1.2625628713144248
undercover,2,1,6.145903755147194e-05,4.636928498562552e-05,3,-0.28173361830269855
sweden,0,3,2.0486345850490648e-05,9.273856997125104e-05,3,1.5100258509253563
favourite,3,0,8.194538340196259e-05,2.318464249281276e-05,3,-1.2625628713144248
bypass,3,0,8.194538340196259e-05,2.318464249281276e-05,3,-1.2625628713144248
supernatural,3,0,8.194538340196259e-05,2.318464249281276e-05,3,-1.2625628713144248
castle,3,0,8.194538340196259e-05,2.318464249281276e-05,3,-1.2625628713144248
casual,3,0,8.194538340196259e-05,2.318464249281276e-05,3,-1.2625628713144248
speak,1,2,4.0972691700981296e-05,6.955392747843828e-05,3,0.52919659791363
tyre,1,2,4.0972691700981296e-05,6.955392747843828e-05,3,0.52919659791363
ud,1,2,4.0972691700981296e-05,6.955392747843828e-05,3,0.52919659791363
suppose,1,2,4.0972691700981296e-05,6.955392747843828e-05,3,0.52919659791363
ukraine,0,3,2.0486345850490648e-05,9.273856997125104e-05,3,1.5100258509253563
capital,0,3,2.0486345850490648e-05,9.273856997125104e-05,3,1.5100258509253563
capsized,0,3,2.0486345850490648e-05,9.273856997125104e-05,3,1.5100258509253563
fbi,2,1,6.145903755147194e-05,4.636928498562552e-05,3,-0.28173361830269855
cargo,2,1,6.145903755147194e-05,4.636928498562552e-05,3,-0.28173361830269855
carried,1,2,4.0972691700981296e-05,6.955392747843828e-05,3,0.52919659791363
surah,2,1,6.145903755147194e-05,4.636928498562552e-05,3,-0.28173361830269855
cash,2,1,6.145903755147194e-05,4.636928498562552e-05,3,-0.28173361830269855
casper,0,3,2.0486345850490648e-05,9.273856997125104e-05,3,1.5100258509253563
surely,1,2,4.0972691700981296e-05,6.955392747843828e-05,3,0.52919659791363
certificate,2,1,6.145903755147194e-05,4.636928498562552e-05,3,-0.28173361830269855
ch,2,1,6.145903755147194e-05,4.636928498562552e-05,3,-0.28173361830269855
surf,1,2,4.0972691700981296e-05,6.955392747843828e-05,3,0.52919659791363
championship,2,1,6.145903755147194e-05,4.636928498562552e-05,3,-0.28173361830269855
fd,0,3,2.0486345850490648e-05,9.273856997125104e-05,3,1.5100258509253563
cap,3,0,8.194538340196259e-05,2.318464249281276e-05,3,-1.2625628713144248
feast,3,0,8.194538340196259e-05,2.318464249281276e-05,3,-1.2625628713144248
unknown,1,2,4.0972691700981296e-05,6.955392747843828e-05,3,0.52919659791363
droid,2,1,6.145903755147194e-05,4.636928498562552e-05,3,-0.28173361830269855
urgent,0,3,2.0486345850490648e-05,9.273856997125104e-05,3,1.5100258509253563
fitness,3,0,8.194538340196259e-05,2.318464249281276e-05,3,-1.2625628713144248
usatoday,1,2,4.0972691700981296e-05,6.955392747843828e-05,3,0.52919659791363
usnwsgov,0,3,2.0486345850490648e-05,9.273856997125104e-05,3,1.5100258509253563
foul,3,0,8.194538340196259e-05,2.318464249281276e-05,3,-1.2625628713144248
brand,3,0,8.194538340196259e-05,2.318464249281276e-05,3,-1.2625628713144248
bully,2,1,6.145903755147194e-05,4.636928498562552e-05,3,-0.28173361830269855
bunch,2,1,6.145903755147194e-05,4.636928498562552e-05,3,-0.28173361830269855
buried,2,1,6.145903755147194e-05,4.636928498562552e-05,3,-0.28173361830269855
burnt,2,1,6.145903755147194e-05,4.636928498562552e-05,3,-0.28173361830269855
butt,2,1,6.145903755147194e-05,4.636928498562552e-05,3,-0.28173361830269855
buying,3,0,8.194538340196259e-05,2.318464249281276e-05,3,-1.2625628713144248
unhappiness,3,0,8.194538340196259e-05,2.318464249281276e-05,3,-1.2625628713144248
dual,3,0,8.194538340196259e-05,2.318464249281276e-05,3,-1.2625628713144248
fed,0,3,2.0486345850490648e-05,9.273856997125104e-05,3,1.5100258509253563
bts,3,0,8.194538340196259e-05,2.318464249281276e-05,3,-1.2625628713144248
btw,2,1,6.145903755147194e-05,4.636928498562552e-05,3,-0.28173361830269855
btwn,0,3,2.0486345850490648e-05,9.273856997125104e-05,3,1.5100258509253563
form,3,0,8.194538340196259e-05,2.318464249281276e-05,3,-1.2625628713144248
dundee,0,3,2.0486345850490648e-05,9.273856997125104e-05,3,1.5100258509253563
spear,3,0,8.194538340196259e-05,2.318464249281276e-05,3,-1.2625628713144248
tape,2,1,6.145903755147194e-05,4.636928498562552e-05,3,-0.28173361830269855
formed,2,1,6.145903755147194e-05,4.636928498562552e-05,3,-0.28173361830269855
cage,1,2,4.0972691700981296e-05,6.955392747843828e-05,3,0.52919659791363
tattoo,1,2,4.0972691700981296e-05,6.955392747843828e-05,3,0.52919659791363
taxiway,3,0,8.194538340196259e-05,2.318464249281276e-05,3,-1.2625628713144248
camera,3,0,8.194538340196259e-05,2.318464249281276e-05,3,-1.2625628713144248
camping,2,1,6.145903755147194e-05,4.636928498562552e-05,3,-0.28173361830269855
candy,3,0,8.194538340196259e-05,2.318464249281276e-05,3,-1.2625628713144248
brush,0,3,2.0486345850490648e-05,9.273856997125104e-05,3,1.5100258509253563
vest,2,1,6.145903755147194e-05,4.636928498562552e-05,3,-0.28173361830269855
vi,3,0,8.194538340196259e-05,2.318464249281276e-05,3,-1.2625628713144248
vid,3,0,8.194538340196259e-05,2.318464249281276e-05,3,-1.2625628713144248
boko,0,3,2.0486345850490648e-05,9.273856997125104e-05,3,1.5100258509253563
bone,2,1,6.145903755147194e-05,4.636928498562552e-05,3,-0.28173361830269855
bookboost,1,2,4.0972691700981296e-05,6.955392747843828e-05,3,0.52919659791363
boom,3,0,8.194538340196259e-05,2.318464249281276e-05,3,-1.2625628713144248
border,1,2,4.0972691700981296e-05,6.955392747843828e-05,3,0.52919659791363
enrt,0,3,2.0486345850490648e-05,9.273856997125104e-05,3,1.5100258509253563
variety,3,0,8.194538340196259e-05,2.318464249281276e-05,3,-1.2625628713144248
fennovoima,2,1,6.145903755147194e-05,4.636928498562552e-05,3,-0.28173361830269855
vegetable,1,2,4.0972691700981296e-05,6.955392747843828e-05,3,0.52919659791363
vegetarian,2,1,6.145903755147194e-05,4.636928498562552e-05,3,-0.28173361830269855
venezuela,1,2,4.0972691700981296e-05,6.955392747843828e-05,3,0.52919659791363
verdict,1,2,4.0972691700981296e-05,6.955392747843828e-05,3,0.52919659791363
vermont,0,3,2.0486345850490648e-05,9.273856997125104e-05,3,1.5100258509253563
bronx,0,3,2.0486345850490648e-05,9.273856997125104e-05,3,1.5100258509253563
ut,0,3,2.0486345850490648e-05,9.273856997125104e-05,3,1.5100258509253563
describes,2,1,6.145903755147194e-05,4.636928498562552e-05,3,-0.28173361830269855
swiss,0,3,2.0486345850490648e-05,9.273856997125104e-05,3,1.5100258509253563
sympathy,0,3,2.0486345850490648e-05,9.273856997125104e-05,3,1.5100258509253563
vacation,2,1,6.145903755147194e-05,4.636928498562552e-05,3,-0.28173361830269855
tab,2,1,6.145903755147194e-05,4.636928498562552e-05,3,-0.28173361830269855
vampiro,3,0,8.194538340196259e-05,2.318464249281276e-05,3,-1.2625628713144248
brave,2,1,6.145903755147194e-05,4.636928498562552e-05,3,-0.28173361830269855
solid,2,1,6.145903755147194e-05,4.636928498562552e-05,3,-0.28173361830269855
breathe,3,0,8.194538340196259e-05,2.318464249281276e-05,3,-1.2625628713144248
brian,3,0,8.194538340196259e-05,2.318464249281276e-05,3,-1.2625628713144248
brick,2,1,6.145903755147194e-05,4.636928498562552e-05,3,-0.28173361830269855
briefing,0,3,2.0486345850490648e-05,9.273856997125104e-05,3,1.5100258509253563
entering,3,0,8.194538340196259e-05,2.318464249281276e-05,3,-1.2625628713144248
britain,3,0,8.194538340196259e-05,2.318464249281276e-05,3,-1.2625628713144248
voting,2,1,6.145903755147194e-05,4.636928498562552e-05,3,-0.28173361830269855
tale,2,1,6.145903755147194e-05,4.636928498562552e-05,3,-0.28173361830269855
talent,2,1,6.145903755147194e-05,4.636928498562552e-05,3,-0.28173361830269855
taliban,0,3,2.0486345850490648e-05,9.273856997125104e-05,3,1.5100258509253563
blowing,0,3,2.0486345850490648e-05,9.273856997125104e-05,3,1.5100258509253563
blowmandyup,3,0,8.194538340196259e-05,2.318464249281276e-05,3,-1.2625628713144248
blowout,2,1,6.145903755147194e-05,4.636928498562552e-05,3,-0.28173361830269855
bluedio,3,0,8.194538340196259e-05,2.318464249281276e-05,3,-1.2625628713144248
virus,2,1,6.145903755147194e-05,4.636928498562552e-05,3,-0.28173361830269855
vision,2,1,6.145903755147194e-05,4.636928498562552e-05,3,-0.28173361830269855
visited,0,3,2.0486345850490648e-05,9.273856997125104e-05,3,1.5100258509253563
vladimir,1,2,4.0972691700981296e-05,6.955392747843828e-05,3,0.52919659791363
vocal,3,0,8.194538340196259e-05,2.318464249281276e-05,3,-1.2625628713144248
volga,3,0,8.194538340196259e-05,2.318464249281276e-05,3,-1.2625628713144248
faroeislands,1,2,4.0972691700981296e-05,6.955392747843828e-05,3,0.52919659791363
environmental,2,1,6.145903755147194e-05,4.636928498562552e-05,3,-0.28173361830269855
boyfriend,3,0,8.194538340196259e-05,2.318464249281276e-05,3,-1.2625628713144248
disappearance,2,1,6.145903755147194e-05,4.636928498562552e-05,3,-0.28173361830269855
brady,3,0,8.194538340196259e-05,2.318464249281276e-05,3,-1.2625628713144248
villager,0,3,2.0486345850490648e-05,9.273856997125104e-05,3,1.5100258509253563
disappoints,3,0,8.194538340196259e-05,2.318464249281276e-05,3,-1.2625628713144248
violation,1,2,4.0972691700981296e-05,6.955392747843828e-05,3,0.52919659791363
vip,2,1,6.145903755147194e-05,4.636928498562552e-05,3,-0.28173361830269855
virgil,1,2,4.0972691700981296e-05,6.955392747843828e-05,3,0.52919659791363
bore,1,2,4.0972691700981296e-05,6.955392747843828e-05,3,0.52919659791363
stomach,3,0,8.194538340196259e-05,2.318464249281276e-05,3,-1.2625628713144248
born,1,2,4.0972691700981296e-05,6.955392747843828e-05,3,0.52919659791363
bother,2,1,6.145903755147194e-05,4.636928498562552e-05,3,-0.28173361830269855
bottle,3,0,8.194538340196259e-05,2.318464249281276e-05,3,-1.2625628713144248
disgusting,2,1,6.145903755147194e-05,4.636928498562552e-05,3,-0.28173361830269855
bowling,2,1,6.145903755147194e-05,4.636928498562552e-05,3,-0.28173361830269855
displace,0,3,2.0486345850490648e-05,9.273856997125104e-05,3,1.5100258509253563
swing,3,0,8.194538340196259e-05,2.318464249281276e-05,3,-1.2625628713144248
waterresistant,2,1,6.145903755147194e-05,4.636928498562552e-05,3,-0.28173361830269855
waterway,2,1,6.145903755147194e-05,4.636928498562552e-05,3,-0.28173361830269855
dorrets,2,1,6.145903755147194e-05,4.636928498562552e-05,3,-0.28173361830269855
dq,3,0,8.194538340196259e-05,2.318464249281276e-05,3,-1.2625628713144248
beginner,2,1,6.145903755147194e-05,4.636928498562552e-05,3,-0.28173361830269855
behalf,2,1,6.145903755147194e-05,4.636928498562552e-05,3,-0.28173361830269855
drag,2,1,6.145903755147194e-05,4.636928498562552e-05,3,-0.28173361830269855
wannabe,2,1,6.145903755147194e-05,4.636928498562552e-05,3,-0.28173361830269855
stressed,3,0,8.194538340196259e-05,2.318464249281276e-05,3,-1.2625628713144248
warcraft,3,0,8.194538340196259e-05,2.318464249281276e-05,3,-1.2625628713144248
stressful,2,1,6.145903755147194e-05,4.636928498562552e-05,3,-0.28173361830269855
warm,3,0,8.194538340196259e-05,2.318464249281276e-05,3,-1.2625628713144248
warming,0,3,2.0486345850490648e-05,9.273856997125104e-05,3,1.5100258509253563
digit,1,2,4.0972691700981296e-05,6.955392747843828e-05,3,0.52919659791363
warne,1,2,4.0972691700981296e-05,6.955392747843828e-05,3,0.52919659791363
birmingham,1,2,4.0972691700981296e-05,6.955392747843828e-05,3,0.52919659791363
birth,2,1,6.145903755147194e-05,4.636928498562552e-05,3,-0.28173361830269855
dijk,1,2,4.0972691700981296e-05,6.955392747843828e-05,3,0.52919659791363
blacklivesmatter,1,2,4.0972691700981296e-05,6.955392747843828e-05,3,0.52919659791363
blah,0,3,2.0486345850490648e-05,9.273856997125104e-05,3,1.5100258509253563
blake,2,1,6.145903755147194e-05,4.636928498562552e-05,3,-0.28173361830269855
blanket,2,1,6.145903755147194e-05,4.636928498562552e-05,3,-0.28173361830269855
solve,1,2,4.0972691700981296e-05,6.955392747843828e-05,3,0.52919659791363
figure,3,0,8.194538340196259e-05,2.318464249281276e-05,3,-1.2625628713144248
tdp,0,3,2.0486345850490648e-05,9.273856997125104e-05,3,1.5100258509253563
boeing,1,2,4.0972691700981296e-05,6.955392747843828e-05,3,0.52919659791363
bigamist,2,1,6.145903755147194e-05,4.636928498562552e-05,3,-0.28173361830269855
te,3,0,8.194538340196259e-05,2.318464249281276e-05,3,-1.2625628713144248
billing,1,2,4.0972691700981296e-05,6.955392747843828e-05,3,0.52919659791363
bio,3,0,8.194538340196259e-05,2.318464249281276e-05,3,-1.2625628713144248
teaching,2,1,6.145903755147194e-05,4.636928498562552e-05,3,-0.28173361830269855
wee,3,0,8.194538340196259e-05,2.318464249281276e-05,3,-1.2625628713144248
welfare,1,2,4.0972691700981296e-05,6.955392747843828e-05,3,0.52919659791363
avenue,2,1,6.145903755147194e-05,4.636928498562552e-05,3,-0.28173361830269855
telegraph,1,2,4.0972691700981296e-05,6.955392747843828e-05,3,0.52919659791363
encouragement,1,2,4.0972691700981296e-05,6.955392747843828e-05,3,0.52919659791363
background,2,1,6.145903755147194e-05,4.636928498562552e-05,3,-0.28173361830269855
backup,1,2,4.0972691700981296e-05,6.955392747843828e-05,3,0.52919659791363
terrifying,1,2,4.0972691700981296e-05,6.955392747843828e-05,3,0.52919659791363
ending,2,1,6.145903755147194e-05,4.636928498562552e-05,3,-0.28173361830269855
beard,1,2,4.0972691700981296e-05,6.955392747843828e-05,3,0.52919659791363
becoming,3,0,8.194538340196259e-05,2.318464249281276e-05,3,-1.2625628713144248
wayne,2,1,6.145903755147194e-05,4.636928498562552e-05,3,-0.28173361830269855
wbioterrorismuse,0,3,2.0486345850490648e-05,9.273856997125104e-05,3,1.5100258509253563
fart,2,1,6.145903755147194e-05,4.636928498562552e-05,3,-0.28173361830269855
demonstratio,3,0,8.194538340196259e-05,2.318464249281276e-05,3,-1.2625628713144248
wedaug,0,3,2.0486345850490648e-05,9.273856997125104e-05,3,1.5100258509253563
denier,1,2,4.0972691700981296e-05,6.955392747843828e-05,3,0.52919659791363
denmark,3,0,8.194538340196259e-05,2.318464249281276e-05,3,-1.2625628713144248
barn,2,1,6.145903755147194e-05,4.636928498562552e-05,3,-0.28173361830269855
dental,1,2,4.0972691700981296e-05,6.955392747843828e-05,3,0.52919659791363
basement,2,1,6.145903755147194e-05,4.636928498562552e-05,3,-0.28173361830269855
bash,2,1,6.145903755147194e-05,4.636928498562552e-05,3,-0.28173361830269855
basic,0,3,2.0486345850490648e-05,9.273856997125104e-05,3,1.5100258509253563
eu,2,1,6.145903755147194e-05,4.636928498562552e-05,3,-0.28173361830269855
believing,3,0,8.194538340196259e-05,2.318464249281276e-05,3,-1.2625628713144248
belonged,0,3,2.0486345850490648e-05,9.273856997125104e-05,3,1.5100258509253563
belongs,1,2,4.0972691700981296e-05,6.955392747843828e-05,3,0.52919659791363
bend,0,3,2.0486345850490648e-05,9.273856997125104e-05,3,1.5100258509253563
dept,3,0,8.194538340196259e-05,2.318464249281276e-05,3,-1.2625628713144248
besides,2,1,6.145903755147194e-05,4.636928498562552e-05,3,-0.28173361830269855
taylor,2,1,6.145903755147194e-05,4.636928498562552e-05,3,-0.28173361830269855
beware,3,0,8.194538340196259e-05,2.318464249281276e-05,3,-1.2625628713144248
detroit,2,1,6.145903755147194e-05,4.636928498562552e-05,3,-0.28173361830269855
widespread,1,2,4.0972691700981296e-05,6.955392747843828e-05,3,0.52919659791363
william,2,1,6.145903755147194e-05,4.636928498562552e-05,3,-0.28173361830269855
devalue,3,0,8.194538340196259e-05,2.318464249281276e-05,3,-1.2625628713144248
declared,0,3,2.0486345850490648e-05,9.273856997125104e-05,3,1.5100258509253563
declined,1,2,4.0972691700981296e-05,6.955392747843828e-05,3,0.52919659791363
filled,3,0,8.194538340196259e-05,2.318464249281276e-05,3,-1.2625628713144248
architect,3,0,8.194538340196259e-05,2.318464249281276e-05,3,-1.2625628713144248
deliver,1,2,4.0972691700981296e-05,6.955392747843828e-05,3,0.52919659791363
wheeler,0,3,2.0486345850490648e-05,9.273856997125104e-05,3,1.5100258509253563
dem,1,2,4.0972691700981296e-05,6.955392747843828e-05,3,0.52919659791363
whipped,2,1,6.145903755147194e-05,4.636928498562552e-05,3,-0.28173361830269855
democrat,2,1,6.145903755147194e-05,4.636928498562552e-05,3,-0.28173361830269855
describing,3,0,8.194538340196259e-05,2.318464249281276e-05,3,-1.2625628713144248
whts,0,3,2.0486345850490648e-05,9.273856997125104e-05,3,1.5100258509253563
wi,2,1,6.145903755147194e-05,4.636928498562552e-05,3,-0.28173361830269855
desert,0,3,2.0486345850490648e-05,9.273856997125104e-05,3,1.5100258509253563
deserves,1,2,4.0972691700981296e-05,6.955392747843828e-05,3,0.52919659791363
designed,2,1,6.145903755147194e-05,4.636928498562552e-05,3,-0.28173361830269855
attempt,2,1,6.145903755147194e-05,4.636928498562552e-05,3,-0.28173361830269855
attendance,2,1,6.145903755147194e-05,4.636928498562552e-05,3,-0.28173361830269855
attitude,1,2,4.0972691700981296e-05,6.955392747843828e-05,3,0.52919659791363
despite,2,1,6.145903755147194e-05,4.636928498562552e-05,3,-0.28173361830269855
destroying,2,1,6.145903755147194e-05,4.636928498562552e-05,3,-0.28173361830269855
badge,2,1,6.145903755147194e-05,4.636928498562552e-05,3,-0.28173361830269855
detained,2,1,6.145903755147194e-05,4.636928498562552e-05,3,-0.28173361830269855
baltimore,1,2,4.0972691700981296e-05,6.955392747843828e-05,3,0.52919659791363
bangladesh,0,3,2.0486345850490648e-05,9.273856997125104e-05,3,1.5100258509253563
finish,3,0,8.194538340196259e-05,2.318464249281276e-05,3,-1.2625628713144248
barely,2,1,6.145903755147194e-05,4.636928498562552e-05,3,-0.28173361830269855
steal,2,1,6.145903755147194e-05,4.636928498562552e-05,3,-0.28173361830269855
assembly,2,1,6.145903755147194e-05,4.636928498562552e-05,3,-0.28173361830269855
anxious,1,2,4.0972691700981296e-05,6.955392747843828e-05,3,0.52919659791363
customer,2,1,6.145903755147194e-05,4.636928498562552e-05,3,-0.28173361830269855
aoms,1,2,4.0972691700981296e-05,6.955392747843828e-05,3,0.52919659791363
apart,3,0,8.194538340196259e-05,2.318464249281276e-05,3,-1.2625628713144248
apch,3,0,8.194538340196259e-05,2.318464249281276e-05,3,-1.2625628713144248
cutting,1,2,4.0972691700981296e-05,6.955392747843828e-05,3,0.52919659791363
apparent,1,2,4.0972691700981296e-05,6.955392747843828e-05,3,0.52919659791363
cycling,1,2,4.0972691700981296e-05,6.955392747843828e-05,3,0.52919659791363
wnd,3,0,8.194538340196259e-05,2.318464249281276e-05,3,-1.2625628713144248
daesh,0,3,2.0486345850490648e-05,9.273856997125104e-05,3,1.5100258509253563
wom,2,1,6.145903755147194e-05,4.636928498562552e-05,3,-0.28173361830269855
workout,3,0,8.194538340196259e-05,2.318464249281276e-05,3,-1.2625628713144248
workplace,3,0,8.194538340196259e-05,2.318464249281276e-05,3,-1.2625628713144248
stepped,2,1,6.145903755147194e-05,4.636928498562552e-05,3,-0.28173361830269855
annoying,3,0,8.194538340196259e-05,2.318464249281276e-05,3,-1.2625628713144248
anxiety,3,0,8.194538340196259e-05,2.318464249281276e-05,3,-1.2625628713144248
arwx,0,3,2.0486345850490648e-05,9.273856997125104e-05,3,1.5100258509253563
steam,3,0,8.194538340196259e-05,2.318464249281276e-05,3,-1.2625628713144248
damaging,0,3,2.0486345850490648e-05,9.273856997125104e-05,3,1.5100258509253563
third,1,2,4.0972691700981296e-05,6.955392747843828e-05,3,0.52919659791363
cue,2,1,6.145903755147194e-05,4.636928498562552e-05,3,-0.28173361830269855
cuff,3,0,8.194538340196259e-05,2.318464249281276e-05,3,-1.2625628713144248
stewart,2,1,6.145903755147194e-05,4.636928498562552e-05,3,-0.28173361830269855
witness,1,2,4.0972691700981296e-05,6.955392747843828e-05,3,0.52919659791363
arizona,3,0,8.194538340196259e-05,2.318464249281276e-05,3,-1.2625628713144248
stolen,1,2,4.0972691700981296e-05,6.955392747843828e-05,3,0.52919659791363
armory,3,0,8.194538340196259e-05,2.318464249281276e-05,3,-1.2625628713144248
expensive,2,1,6.145903755147194e-05,4.636928498562552e-05,3,-0.28173361830269855
arriving,1,2,4.0972691700981296e-05,6.955392747843828e-05,3,0.52919659791363
curb,0,3,2.0486345850490648e-05,9.273856997125104e-05,3,1.5100258509253563
artist,2,1,6.145903755147194e-05,4.636928498562552e-05,3,-0.28173361830269855
abandon,2,1,6.145903755147194e-05,4.636928498562552e-05,3,-0.28173361830269855
experienced,1,2,4.0972691700981296e-05,6.955392747843828e-05,3,0.52919659791363
wrapup,3,0,8.194538340196259e-05,2.318464249281276e-05,3,-1.2625628713144248
wwi,3,0,8.194538340196259e-05,2.318464249281276e-05,3,-1.2625628713144248
tested,2,1,6.145903755147194e-05,4.636928498562552e-05,3,-0.28173361830269855
experiencing,0,3,2.0486345850490648e-05,9.273856997125104e-05,3,1.5100258509253563
xxx,3,0,8.194538340196259e-05,2.318464249281276e-05,3,-1.2625628713144248
yahoo,2,1,6.145903755147194e-05,4.636928498562552e-05,3,-0.28173361830269855
thanku,2,1,6.145903755147194e-05,4.636928498562552e-05,3,-0.28173361830269855
acute,0,3,2.0486345850490648e-05,9.273856997125104e-05,3,1.5100258509253563
ad,3,0,8.194538340196259e-05,2.318464249281276e-05,3,-1.2625628713144248
adding,2,1,6.145903755147194e-05,4.636928498562552e-05,3,-0.28173361830269855
adventure,2,1,6.145903755147194e-05,4.636928498562552e-05,3,-0.28173361830269855
affecting,1,2,4.0972691700981296e-05,6.955392747843828e-05,3,0.52919659791363
african,2,1,6.145903755147194e-05,4.636928498562552e-05,3,-0.28173361830269855
agency,3,0,8.194538340196259e-05,2.318464249281276e-05,3,-1.2625628713144248
fashionable,2,1,6.145903755147194e-05,4.636928498562552e-05,3,-0.28173361830269855
exploit,3,0,8.194538340196259e-05,2.318464249281276e-05,3,-1.2625628713144248
anna,3,0,8.194538340196259e-05,2.318464249281276e-05,3,-1.2625628713144248
ahh,2,1,6.145903755147194e-05,4.636928498562552e-05,3,-0.28173361830269855
thick,1,2,4.0972691700981296e-05,6.955392747843828e-05,3,0.52919659791363
thigh,2,1,6.145903755147194e-05,4.636928498562552e-05,3,-0.28173361830269855
alex,3,0,8.194538340196259e-05,2.318464249281276e-05,3,-1.2625628713144248
thin,3,0,8.194538340196259e-05,2.318464249281276e-05,3,-1.2625628713144248
darkness,3,0,8.194538340196259e-05,2.318464249281276e-05,3,-1.2625628713144248
application,3,0,8.194538340196259e-05,2.318464249281276e-05,3,-1.2625628713144248
extends,1,2,4.0972691700981296e-05,6.955392747843828e-05,3,0.52919659791363
alright,3,0,8.194538340196259e-05,2.318464249281276e-05,3,-1.2625628713144248
dating,2,1,6.145903755147194e-05,4.636928498562552e-05,3,-0.28173361830269855
although,2,1,6.145903755147194e-05,4.636928498562552e-05,3,-0.28173361830269855
amirite,2,1,6.145903755147194e-05,4.636928498562552e-05,3,-0.28173361830269855
db,2,1,6.145903755147194e-05,4.636928498562552e-05,3,-0.28173361830269855
artistsunited,3,0,8.194538340196259e-05,2.318464249281276e-05,3,-1.2625628713144248
