ngrama,freq_no_desastre,freq_desastre,P(w|no_desastre),P(w|desastre),freq_total,log_odds
suicide bomber detonated,0,30,1.4690112085555213e-05,0.00048090347801805713,30,3.4884919603529396
northern california wildfire,0,29,1.4690112085555213e-05,0.00046539046259811985,29,3.455702137529949
home razed northern,0,28,1.4690112085555213e-05,0.0004498774471781825,28,3.4218005858542675
latest home razed,0,28,1.4690112085555213e-05,0.0004498774471781825,28,3.4218005858542675
pkk suicide bomber,0,28,1.4690112085555213e-05,0.0004498774471781825,28,3.4218005858542675
bomber detonated bomb,0,28,1.4690112085555213e-05,0.0004498774471781825,28,3.4218005858542675
razed northern california,0,27,1.4690112085555213e-05,0.00043436443175824517,27,3.3867092660429976
old pkk suicide,0,27,1.4690112085555213e-05,0.00043436443175824517,27,3.3867092660429976
yr old pkk,0,27,1.4690112085555213e-05,0.00043436443175824517,27,3.3867092660429976
family affected fatal,0,26,1.4690112085555213e-05,0.00041885141633830783,26,3.3503416218721225
family sue legionnaire,0,26,1.4690112085555213e-05,0.00041885141633830783,26,3.3503416218721225
affected fatal outbreak,0,26,1.4690112085555213e-05,0.00041885141633830783,26,3.3503416218721225
disaster typhoondevastated saipan,0,25,1.4690112085555213e-05,0.0004033384009183705,25,3.3126012938892755
declares disaster typhoondevastated,0,25,1.4690112085555213e-05,0.0004033384009183705,25,3.3126012938892755
obama declares disaster,0,25,1.4690112085555213e-05,0.0004033384009183705,25,3.3126012938892755
legionnaire family affected,0,25,1.4690112085555213e-05,0.0004033384009183705,25,3.3126012938892755
sue legionnaire family,0,25,1.4690112085555213e-05,0.0004033384009183705,25,3.3126012938892755
wreckage conclusively confirmed,0,25,1.4690112085555213e-05,0.0004033384009183705,25,3.3126012938892755
get swallowed sandstorm,0,24,1.4690112085555213e-05,0.0003878253854984332,24,3.2733805807359944
fedex no longer,11,13,0.00017628134502666254,0.00021718221587912258,24,0.208655435695052
conclusively confirmed mh,0,24,1.4690112085555213e-05,0.0003878253854984332,24,3.2733805807359944
swallowed sandstorm minute,0,24,1.4690112085555213e-05,0.0003878253854984332,24,3.2733805807359944
watch airport get,0,24,1.4690112085555213e-05,0.0003878253854984332,24,3.2733805807359944
cross body bag,23,1,0.0003525626900533251,3.102603083987466e-05,24,-2.4304018939202066
severe thunderstorm warning,0,24,1.4690112085555213e-05,0.0003878253854984332,24,3.2733805807359944
reddit quarantine offensive,21,3,0.0003231824658822147,6.205206167974932e-05,24,-1.6502433363706315
mh malaysia pm,0,24,1.4690112085555213e-05,0.0003878253854984332,24,3.2733805807359944
confirmed mh malaysia,0,24,1.4690112085555213e-05,0.0003878253854984332,24,3.2733805807359944
airport get swallowed,0,24,1.4690112085555213e-05,0.0003878253854984332,24,3.2733805807359944
china stock market,16,7,0.00024973190545443864,0.00012410412335949863,23,-0.6992670465085865
fatal outbreak legionnaire,0,23,1.4690112085555213e-05,0.00037231237007849587,23,3.232558586215739
stock market crash,16,7,0.00024973190545443864,0.00012410412335949863,23,-0.6992670465085865
quarantine offensive content,20,3,0.00030849235379665945,6.205206167974932e-05,23,-1.6037233207357386
detonated bomb turkey,0,22,1.4690112085555213e-05,0.0003567993546585585,22,3.189998971796943
refugio oil spill,0,22,1.4690112085555213e-05,0.0003567993546585585,22,3.189998971796943
spill may costlier,0,22,1.4690112085555213e-05,0.0003567993546585585,22,3.189998971796943
oil spill may,0,22,1.4690112085555213e-05,0.0003567993546585585,22,3.189998971796943
bomb turkey army,0,22,1.4690112085555213e-05,0.0003567993546585585,22,3.189998971796943
costlier bigger projected,0,22,1.4690112085555213e-05,0.0003567993546585585,22,3.189998971796943
boy charged manslaughter,0,22,1.4690112085555213e-05,0.0003567993546585585,22,3.189998971796943
may costlier bigger,0,22,1.4690112085555213e-05,0.0003567993546585585,22,3.189998971796943
turkey army trench,0,22,1.4690112085555213e-05,0.0003567993546585585,22,3.189998971796943
hollywood movie trapped,15,6,0.0002350417933688834,0.00010859110793956129,21,-0.7721738173166743
officer wounded suspect,0,21,1.4690112085555213e-05,0.0003412863392386212,21,3.1455472092261094
movie trapped miner,15,6,0.0002350417933688834,0.00010859110793956129,21,-0.7721738173166743
yearold boy charged,0,20,1.4690112085555213e-05,0.0003257733238186839,20,3.099027193591217
rescuer searching hundred,0,20,1.4690112085555213e-05,0.0003257733238186839,20,3.099027193591217
saipan obama sign,0,20,1.4690112085555213e-05,0.0003257733238186839,20,3.099027193591217
army trench released,0,20,1.4690112085555213e-05,0.0003257733238186839,20,3.099027193591217
ignition knock detonation,15,5,0.0002350417933688834,9.307809251962397e-05,20,-0.9263244971439326
malaysia pm investigator,0,20,1.4690112085555213e-05,0.0003257733238186839,20,3.099027193591217
no longer transport,8,12,0.0001322110087699969,0.00020166920045918524,20,0.4222295359931109
pm investigator family,0,20,1.4690112085555213e-05,0.0003257733238186839,20,3.099027193591217
typhoondevastated saipan obama,0,20,1.4690112085555213e-05,0.0003257733238186839,20,3.099027193591217
obama sign disaster,0,20,1.4690112085555213e-05,0.0003257733238186839,20,3.099027193591217
outbreak legionnaire disea,0,19,1.4690112085555213e-05,0.00031026030839874656,19,3.0502370294217847
sign disaster declaration,0,19,1.4690112085555213e-05,0.00031026030839874656,19,3.0502370294217847
pick fan army,17,1,0.0002644220175399938,3.102603083987466e-05,18,-2.1427198214684258
reddits new content,16,2,0.00024973190545443864,4.653904625981198e-05,18,-1.6800962995203128
video picking body,0,18,1.4690112085555213e-05,0.0002947472929788092,18,2.998943735034234
disaster declaration northern,0,18,1.4690112085555213e-05,0.0002947472929788092,18,2.998943735034234
picking body water,0,18,1.4690112085555213e-05,0.0002947472929788092,18,2.998943735034234
searching hundred migrant,0,18,1.4690112085555213e-05,0.0002947472929788092,18,2.998943735034234
longer transport bioterror,7,11,0.0001175208966844417,0.00018615618503924793,18,0.459969863975958
new content policy,16,2,0.00024973190545443864,4.653904625981198e-05,18,-1.6800962995203128
wave black hat,12,5,0.00019097145711221777,9.307809251962397e-05,17,-0.7186851323656882
wake anthrax lab,5,12,8.814067251333127e-05,0.00020166920045918524,17,0.8276946441012752
sound wave black,12,5,0.00019097145711221777,9.307809251962397e-05,17,-0.7186851323656882
body water rescuer,0,17,1.4690112085555213e-05,0.0002792342775588719,17,2.9448765137639583
policy go effect,15,2,0.0002350417933688834,4.653904625981198e-05,17,-1.619471677703878
police officer wounded,0,17,1.4690112085555213e-05,0.0002792342775588719,17,2.9448765137639583
data sound wave,12,5,0.00019097145711221777,9.307809251962397e-05,17,-0.7186851323656882
content policy go,15,2,0.0002350417933688834,4.653904625981198e-05,17,-1.619471677703878
effect many horrible,15,2,0.0002350417933688834,4.653904625981198e-05,17,-1.619471677703878
water rescuer searching,0,17,1.4690112085555213e-05,0.0002792342775588719,17,2.9448765137639583
go effect many,15,2,0.0002350417933688834,4.653904625981198e-05,17,-1.619471677703878
hat prebreak best,12,5,0.00019097145711221777,9.307809251962397e-05,17,-0.7186851323656882
heard loud bang,13,4,0.00020566156919777298,7.756507709968664e-05,17,-0.9751146613133646
hot funtenna hijacking,12,5,0.00019097145711221777,9.307809251962397e-05,17,-0.7186851323656882
computer send data,12,5,0.00019097145711221777,9.307809251962397e-05,17,-0.7186851323656882
funtenna hijacking computer,12,5,0.00019097145711221777,9.307809251962397e-05,17,-0.7186851323656882
horrible subreddits banned,15,2,0.0002350417933688834,4.653904625981198e-05,17,-1.619471677703878
subreddits banned quarantined,15,2,0.0002350417933688834,4.653904625981198e-05,17,-1.619471677703878
anthrax lab mishap,5,12,8.814067251333127e-05,0.00020166920045918524,17,0.8276946441012752
suicide bomber kill,0,17,1.4690112085555213e-05,0.0002792342775588719,17,2.9448765137639583
hijacking computer send,12,5,0.00019097145711221777,9.307809251962397e-05,17,-0.7186851323656882
many horrible subreddits,15,2,0.0002350417933688834,4.653904625981198e-05,17,-1.619471677703878
send data sound,12,5,0.00019097145711221777,9.307809251962397e-05,17,-0.7186851323656882
black hat prebreak,12,5,0.00019097145711221777,9.307809251962397e-05,17,-0.7186851323656882
wind neighbour as,13,3,0.00020566156919777298,6.205206167974932e-05,16,-1.1982582126275743
market crash gem,10,6,0.00016159123294110734,0.00010859110793956129,16,-0.3974803678752636
transport bioterror germ,5,11,8.814067251333127e-05,0.00018615618503924793,16,0.747651936427739
loud bang nearby,13,3,0.00020566156919777298,6.205206167974932e-05,16,-1.1982582126275743
unconfirmed heard loud,13,3,0.00020566156919777298,6.205206167974932e-05,16,-1.1982582126275743
full read ebay,15,1,0.0002350417933688834,3.102603083987466e-05,16,-2.0249367858120424
breaking news unconfirmed,13,3,0.00020566156919777298,6.205206167974932e-05,16,-1.1982582126275743
school bus hijacker,4,12,7.345056042777607e-05,0.00020166920045918524,16,1.0100162008952298
news unconfirmed heard,13,3,0.00020566156919777298,6.205206167974932e-05,16,-1.1982582126275743
bang nearby appears,13,3,0.00020566156919777298,6.205206167974932e-05,16,-1.1982582126275743
blast wind neighbour,13,3,0.00020566156919777298,6.205206167974932e-05,16,-1.1982582126275743
appears blast wind,13,3,0.00020566156919777298,6.205206167974932e-05,16,-1.1982582126275743
crash gem rubble,10,6,0.00016159123294110734,0.00010859110793956129,16,-0.3974803678752636
pic yr old,0,16,1.4690112085555213e-05,0.00026372126213893455,16,2.8877180999240095
trapped miner released,12,4,0.00019097145711221777,7.756507709968664e-05,16,-0.9010066891596427
miner released chile,12,4,0.00019097145711221777,7.756507709968664e-05,16,-0.9010066891596427
nearby appears blast,13,3,0.00020566156919777298,6.205206167974932e-05,16,-1.1982582126275743
mount waving israeli,0,15,1.4690112085555213e-05,0.00024820824671899726,15,2.827093478107575
attacked muslim temple,0,15,1.4690112085555213e-05,0.00024820824671899726,15,2.827093478107575
air ambulance helicopter,0,15,1.4690112085555213e-05,0.00024820824671899726,15,2.827093478107575
bomber kill saudi,0,15,1.4690112085555213e-05,0.00024820824671899726,15,2.827093478107575
waving israeli flag,0,15,1.4690112085555213e-05,0.00024820824671899726,15,2.827093478107575
ambulance helicopter crash,0,15,1.4690112085555213e-05,0.00024820824671899726,15,2.827093478107575
flag pamela geller,0,15,1.4690112085555213e-05,0.00024820824671899726,15,2.827093478107575
found reunion island,0,15,1.4690112085555213e-05,0.00024820824671899726,15,2.827093478107575
christian attacked muslim,0,15,1.4690112085555213e-05,0.00024820824671899726,15,2.827093478107575
temple mount waving,0,15,1.4690112085555213e-05,0.00024820824671899726,15,2.827093478107575
israeli flag pamela,0,15,1.4690112085555213e-05,0.00024820824671899726,15,2.827093478107575
muslim temple mount,0,15,1.4690112085555213e-05,0.00024820824671899726,15,2.827093478107575
declaration northern marians,0,14,1.4690112085555213e-05,0.00023269523129905992,14,2.762554956970004
crisis famine memory,0,14,1.4690112085555213e-05,0.00023269523129905992,14,2.762554956970004
bioterror germ wake,3,11,5.876044834222085e-05,0.00018615618503924793,14,1.1531170445359034
wildfire abc news,0,14,1.4690112085555213e-05,0.00023269523129905992,14,2.762554956970004
twelve feared killed,0,14,1.4690112085555213e-05,0.00023269523129905992,14,2.762554956970004
germ wake anthrax,3,11,5.876044834222085e-05,0.00018615618503924793,14,1.1531170445359034
amid crisis famine,0,14,1.4690112085555213e-05,0.00023269523129905992,14,2.762554956970004
feared killed pakistani,0,14,1.4690112085555213e-05,0.00023269523129905992,14,2.762554956970004
led work light,12,2,0.00019097145711221777,4.653904625981198e-05,14,-1.4118323129256334
tragedy mp live,0,14,1.4690112085555213e-05,0.00023269523129905992,14,2.762554956970004
california wildfire abc,0,14,1.4690112085555213e-05,0.00023269523129905992,14,2.762554956970004
killed pakistani air,0,14,1.4690112085555213e-05,0.00023269523129905992,14,2.762554956970004
outrage amid crisis,0,14,1.4690112085555213e-05,0.00023269523129905992,14,2.762554956970004
mp live recount,0,14,1.4690112085555213e-05,0.00023269523129905992,14,2.762554956970004
pakistani air ambulance,0,14,1.4690112085555213e-05,0.00023269523129905992,14,2.762554956970004
live recount horror,0,14,1.4690112085555213e-05,0.00023269523129905992,14,2.762554956970004
rly tragedy mp,0,14,1.4690112085555213e-05,0.00023269523129905992,14,2.762554956970004
crematorium provoke outrage,0,13,1.4690112085555213e-05,0.00021718221587912258,13,2.693562085483052
cree led work,11,2,0.00017628134502666254,4.653904625981198e-05,13,-1.331789605252097
aba woman delivers,9,4,0.00014690112085555214,7.756507709968664e-05,13,-0.6386424246921517
kill saudi security,0,13,1.4690112085555213e-05,0.00021718221587912258,13,2.693562085483052
anniversary devastation wrought,0,13,1.4690112085555213e-05,0.00021718221587912258,13,2.693562085483052
food crematorium provoke,0,13,1.4690112085555213e-05,0.00021718221587912258,13,2.693562085483052
provoke outrage amid,0,13,1.4690112085555213e-05,0.00021718221587912258,13,2.693562085483052
saudi security site,0,13,1.4690112085555213e-05,0.00021718221587912258,13,2.693562085483052
security site mosque,0,13,1.4690112085555213e-05,0.00021718221587912258,13,2.693562085483052
debris found reunion,0,13,1.4690112085555213e-05,0.00021718221587912258,13,2.693562085483052
added video playlist,11,2,0.00017628134502666254,4.653904625981198e-05,13,-1.331789605252097
aircraft debris found,0,12,1.4690112085555213e-05,0.00020166920045918524,12,2.61945411332933
baby without face,8,4,0.0001322110087699969,7.756507709968664e-05,12,-0.5332819090343253
saved many life,0,12,1.4690112085555213e-05,0.00020166920045918524,12,2.61945411332933
mark th anniversary,0,12,1.4690112085555213e-05,0.00020166920045918524,12,2.61945411332933
recount horror saw,0,12,1.4690112085555213e-05,0.00020166920045918524,12,2.61945411332933
year atomic bomb,0,12,1.4690112085555213e-05,0.00020166920045918524,12,2.61945411332933
derailment village youth,0,12,1.4690112085555213e-05,0.00020166920045918524,12,2.61945411332933
delivers baby without,8,4,0.0001322110087699969,7.756507709968664e-05,12,-0.5332819090343253
woman delivers baby,8,4,0.0001322110087699969,7.756507709968664e-05,12,-0.5332819090343253
saw coach train,0,12,1.4690112085555213e-05,0.00020166920045918524,12,2.61945411332933
missing malaysia airline,0,12,1.4690112085555213e-05,0.00020166920045918524,12,2.61945411332933
village youth saved,0,12,1.4690112085555213e-05,0.00020166920045918524,12,2.61945411332933
bomb japan still,0,12,1.4690112085555213e-05,0.00020166920045918524,12,2.61945411332933
pandemonium aba woman,8,4,0.0001322110087699969,7.756507709968664e-05,12,-0.5332819090343253
past anniversary devastation,0,12,1.4690112085555213e-05,0.00020166920045918524,12,2.61945411332933
atomic bomb japan,0,12,1.4690112085555213e-05,0.00020166920045918524,12,2.61945411332933
youth saved many,0,12,1.4690112085555213e-05,0.00020166920045918524,12,2.61945411332933
coach train plunging,0,12,1.4690112085555213e-05,0.00020166920045918524,12,2.61945411332933
horror saw coach,0,12,1.4690112085555213e-05,0.00020166920045918524,12,2.61945411332933
lady shoulder tote,11,1,0.00017628134502666254,3.102603083987466e-05,12,-1.7372547133602612
japan still struggle,0,12,1.4690112085555213e-05,0.00020166920045918524,12,2.61945411332933
train derailment village,0,12,1.4690112085555213e-05,0.00020166920045918524,12,2.61945411332933
knock detonation sensorsenso,8,4,0.0001322110087699969,7.756507709968664e-05,12,-0.5332819090343253
without face photo,7,4,0.0001175208966844417,7.756507709968664e-05,11,-0.41549887337794195
wounded suspect dead,0,11,1.4690112085555213e-05,0.00018615618503924793,11,2.539411405655794
war past anniversary,0,11,1.4690112085555213e-05,0.00018615618503924793,11,2.539411405655794
wreck wreck wreck,11,0,0.00017628134502666254,1.551301541993733e-05,11,-2.4304018939202066
suspect dead exchanging,0,11,1.4690112085555213e-05,0.00018615618503924793,11,2.539411405655794
specially modified land,1,10,2.9380224171110426e-05,0.0001706431696193106,11,1.7592528481062186
still struggle war,0,11,1.4690112085555213e-05,0.00018615618503924793,11,2.539411405655794
new lady shoulder,10,1,0.00016159123294110734,3.102603083987466e-05,11,-1.6502433363706315
struggle war past,0,11,1.4690112085555213e-05,0.00018615618503924793,11,2.539411405655794
modified land stadium,1,10,2.9380224171110426e-05,0.0001706431696193106,11,1.7592528481062186
hiroshima atomic bombing,0,11,1.4690112085555213e-05,0.00018615618503924793,11,2.539411405655794
shoulder tote handbag,10,1,0.00016159123294110734,3.102603083987466e-05,11,-1.6502433363706315
train plunging water,0,11,1.4690112085555213e-05,0.00018615618503924793,11,2.539411405655794
pradesh train derailment,0,11,1.4690112085555213e-05,0.00018615618503924793,11,2.539411405655794
madhya pradesh train,0,11,1.4690112085555213e-05,0.00018615618503924793,11,2.539411405655794
two giant crane,0,11,1.4690112085555213e-05,0.00018615618503924793,11,2.539411405655794
low selfimage take,9,2,0.00014690112085555214,4.653904625981198e-05,11,-1.1494680484581425
land stadium rescue,1,10,2.9380224171110426e-05,0.0001706431696193106,11,1.7592528481062186
stadium rescue hostage,1,10,2.9380224171110426e-05,0.0001706431696193106,11,1.7592528481062186
dead exchanging shot,0,11,1.4690112085555213e-05,0.00018615618503924793,11,2.539411405655794
russian food crematorium,0,11,1.4690112085555213e-05,0.00018615618503924793,11,2.539411405655794
selfimage take quiz,9,2,0.00014690112085555214,4.653904625981198e-05,11,-1.1494680484581425
rescue hostage iran,1,10,2.9380224171110426e-05,0.0001706431696193106,11,1.7592528481062186
caused structural failure,0,11,1.4690112085555213e-05,0.00018615618503924793,11,2.539411405655794
toddler report yearold,0,10,1.4690112085555213e-05,0.0001706431696193106,10,2.452400028666164
th anniversary hiroshima,0,10,1.4690112085555213e-05,0.0001706431696193106,10,2.452400028666164
plan hijack apc,3,7,5.876044834222085e-05,0.00012410412335949863,10,0.747651936427739
bridge collapse nearby,0,10,1.4690112085555213e-05,0.0001706431696193106,10,2.452400028666164
collapse nearby home,0,10,1.4690112085555213e-05,0.0001706431696193106,10,2.452400028666164
galactic spaceship crash,0,10,1.4690112085555213e-05,0.0001706431696193106,10,2.452400028666164
report yearold boy,0,10,1.4690112085555213e-05,0.0001706431696193106,10,2.452400028666164
wounded suspect killed,0,10,1.4690112085555213e-05,0.0001706431696193106,10,2.452400028666164
debris found la,0,10,1.4690112085555213e-05,0.0001706431696193106,10,2.452400028666164
bayelsa patience jonathan,3,7,5.876044834222085e-05,0.00012410412335949863,10,0.747651936427739
refugee repatriated cameroon,1,9,2.9380224171110426e-05,0.00015513015419937328,10,1.663942668301894
hijack apc pdp,3,7,5.876044834222085e-05,0.00012410412335949863,10,0.747651936427739
anniversary hiroshima atomic,0,10,1.4690112085555213e-05,0.0001706431696193106,10,2.452400028666164
charged manslaughter toddler,0,10,1.4690112085555213e-05,0.0001706431696193106,10,2.452400028666164
km volcano hawaii,0,10,1.4690112085555213e-05,0.0001706431696193106,10,2.452400028666164
reunion missing malaysia,0,10,1.4690112085555213e-05,0.0001706431696193106,10,2.452400028666164
manslaughter toddler report,0,10,1.4690112085555213e-05,0.0001706431696193106,10,2.452400028666164
manslaughter fatal sh,0,10,1.4690112085555213e-05,0.0001706431696193106,10,2.452400028666164
holding bridge collapse,0,10,1.4690112085555213e-05,0.0001706431696193106,10,2.452400028666164
possible ebola case,0,10,1.4690112085555213e-05,0.0001706431696193106,10,2.452400028666164
charged manslaughter fatal,0,10,1.4690112085555213e-05,0.0001706431696193106,10,2.452400028666164
la reunion missing,0,10,1.4690112085555213e-05,0.0001706431696193106,10,2.452400028666164
plunging water called,0,10,1.4690112085555213e-05,0.0001706431696193106,10,2.452400028666164
virgin galactic spaceship,0,10,1.4690112085555213e-05,0.0001706431696193106,10,2.452400028666164
governor allows parole,1,9,2.9380224171110426e-05,0.00015513015419937328,10,1.663942668301894
patience jonathan plan,3,7,5.876044834222085e-05,0.00012410412335949863,10,0.747651936427739
fukushima nuclear disaster,0,10,1.4690112085555213e-05,0.0001706431696193106,10,2.452400028666164
giant crane holding,0,10,1.4690112085555213e-05,0.0001706431696193106,10,2.452400028666164
nigerian refugee repatriated,1,9,2.9380224171110426e-05,0.00015513015419937328,10,1.663942668301894
found la reunion,0,10,1.4690112085555213e-05,0.0001706431696193106,10,2.452400028666164
jonathan plan hijack,3,7,5.876044834222085e-05,0.00012410412335949863,10,0.747651936427739
crane holding bridge,0,10,1.4690112085555213e-05,0.0001706431696193106,10,2.452400028666164
change windstorm insurer,6,3,0.00010283078459888649,6.205206167974932e-05,9,-0.5051110320676289
star involving fleet,8,1,0.0001322110087699969,3.102603083987466e-05,9,-1.4495726409084804
tension bayelsa patience,3,6,5.876044834222085e-05,0.00010859110793956129,9,0.6141205438032163
involving fleet totaling,8,1,0.0001322110087699969,3.102603083987466e-05,9,-1.4495726409084804
spot flood combo,8,1,0.0001322110087699969,3.102603083987466e-05,9,-1.4495726409084804
work light bar,8,1,0.0001322110087699969,3.102603083987466e-05,9,-1.4495726409084804
issued august pm,0,9,1.4690112085555213e-05,0.00015513015419937328,9,2.3570898488618393
battle occurred star,8,1,0.0001322110087699969,3.102603083987466e-05,9,-1.4495726409084804
salt river wild,5,4,8.814067251333127e-05,7.756507709968664e-05,9,-0.12781680092616096
seek comment rule,6,3,0.00010283078459888649,6.205206167974932e-05,9,-0.5051110320676289
rise top pay,8,1,0.0001322110087699969,3.102603083987466e-05,9,-1.4495726409084804
alabama home quarantined,0,9,1.4690112085555213e-05,0.00015513015419937328,9,2.3570898488618393
river wild horse,5,4,8.814067251333127e-05,7.756507709968664e-05,9,-0.12781680092616096
totaling ship destroyed,8,1,0.0001322110087699969,3.102603083987466e-05,9,-1.4495726409084804
quarantined possible ebola,0,9,1.4690112085555213e-05,0.00015513015419937328,9,2.3570898488618393
view download video,9,0,0.00014690112085555214,1.551301541993733e-05,9,-2.248080337126252
mh aircraft debris,0,9,1.4690112085555213e-05,0.00015513015419937328,9,2.3570898488618393
space battle occurred,8,1,0.0001322110087699969,3.102603083987466e-05,9,-1.4495726409084804
rule change windstorm,6,3,0.00010283078459888649,6.205206167974932e-05,9,-0.5051110320676289
fleet totaling ship,8,1,0.0001322110087699969,3.102603083987466e-05,9,-1.4495726409084804
home quarantined possible,0,9,1.4690112085555213e-05,0.00015513015419937328,9,2.3570898488618393
top pay pile,9,0,0.00014690112085555214,1.551301541993733e-05,9,-2.248080337126252
attack police post,0,9,1.4690112085555213e-05,0.00015513015419937328,9,2.3570898488618393
hazardous weather outlook,2,7,4.4070336256665636e-05,0.00012410412335949863,9,1.03533400887952
handbag faux leather,8,1,0.0001322110087699969,3.102603083987466e-05,9,-1.4495726409084804
occurred star involving,8,1,0.0001322110087699969,3.102603083987466e-05,9,-1.4495726409084804
municipal emergency plan,0,9,1.4690112085555213e-05,0.00015513015419937328,9,2.3570898488618393
california school bus,3,6,5.876044834222085e-05,0.00010859110793956129,9,0.6141205438032163
black eye space,8,1,0.0001322110087699969,3.102603083987466e-05,9,-1.4495726409084804
eye space battle,8,1,0.0001322110087699969,3.102603083987466e-05,9,-1.4495726409084804
annihilation salt river,5,4,8.814067251333127e-05,7.756507709968664e-05,9,-0.12781680092616096
apollo brown detonate,7,2,0.0001175208966844417,4.653904625981198e-05,9,-0.9263244971439326
japan mark th,0,9,1.4690112085555213e-05,0.00015513015419937328,9,2.3570898488618393
august pm cdt,0,9,1.4690112085555213e-05,0.00015513015419937328,9,2.3570898488618393
detonation sensorsenso standard,7,2,0.0001175208966844417,4.653904625981198e-05,9,-0.9263244971439326
texas seek comment,6,3,0.00010283078459888649,6.205206167974932e-05,9,-0.5051110320676289
stop annihilation salt,5,4,8.814067251333127e-05,7.756507709968664e-05,9,-0.12781680092616096
comment rule change,6,3,0.00010283078459888649,6.205206167974932e-05,9,-0.5051110320676289
airplane debris found,0,8,1.4690112085555213e-05,0.00013961713877943594,8,2.251729333204013
island french air,0,8,1.4690112085555213e-05,0.00013961713877943594,8,2.251729333204013
car engulfed flame,0,8,1.4690112085555213e-05,0.00013961713877943594,8,2.251729333204013
iran prebreak best,1,7,2.9380224171110426e-05,0.00012410412335949863,8,1.4407991169876841
issue hazardous weather,1,7,2.9380224171110426e-05,0.00012410412335949863,8,1.4407991169876841
likely rise top,7,1,0.0001175208966844417,3.102603083987466e-05,8,-1.331789605252097
fan army beyhive,8,0,0.0001322110087699969,1.551301541993733e-05,8,-2.1427198214684258
fan army directioners,7,1,0.0001175208966844417,3.102603083987466e-05,8,-1.331789605252097
faux leather hobo,7,1,0.0001175208966844417,3.102603083987466e-05,8,-1.331789605252097
purse cross body,7,1,0.0001175208966844417,3.102603083987466e-05,8,-1.331789605252097
expert france begin,0,8,1.4690112085555213e-05,0.00013961713877943594,8,2.251729333204013
tote handbag faux,7,1,0.0001175208966844417,3.102603083987466e-05,8,-1.331789605252097
hobo purse cross,7,1,0.0001175208966844417,3.102603083987466e-05,8,-1.331789605252097
leather hobo purse,7,1,0.0001175208966844417,3.102603083987466e-05,8,-1.331789605252097
examining airplane debris,0,8,1.4690112085555213e-05,0.00013961713877943594,8,2.251729333204013
look like mudslide,5,3,8.814067251333127e-05,6.205206167974932e-05,8,-0.35096035224037064
hot specially modified,1,7,2.9380224171110426e-05,0.00012410412335949863,8,1.4407991169876841
hostage iran prebreak,1,7,2.9380224171110426e-05,0.00012410412335949863,8,1.4407991169876841
beyonce pick fan,8,0,0.0001322110087699969,1.551301541993733e-05,8,-2.1427198214684258
begin examining airplane,0,8,1.4690112085555213e-05,0.00013961713877943594,8,2.251729333204013
service tonto national,5,3,8.814067251333127e-05,6.205206167974932e-05,8,-0.35096035224037064
reunion island french,0,8,1.4690112085555213e-05,0.00013961713877943594,8,2.251729333204013
hundred migrant mediterran,0,8,1.4690112085555213e-05,0.00013961713877943594,8,2.251729333204013
one direction pick,7,1,0.0001175208966844417,3.102603083987466e-05,8,-1.331789605252097
parole california school,3,5,5.876044834222085e-05,9.307809251962397e-05,8,0.459969863975958
park service tonto,5,3,8.814067251333127e-05,6.205206167974932e-05,8,-0.35096035224037064
french air accident,0,8,1.4690112085555213e-05,0.00013961713877943594,8,2.251729333204013
body bag womens,7,1,0.0001175208966844417,3.102603083987466e-05,8,-1.331789605252097
tonto national forest,5,3,8.814067251333127e-05,6.205206167974932e-05,8,-0.35096035224037064
national park service,5,3,8.814067251333127e-05,6.205206167974932e-05,8,-0.35096035224037064
national forest stop,5,3,8.814067251333127e-05,6.205206167974932e-05,8,-0.35096035224037064
collapse trent bridge,3,5,5.876044834222085e-05,9.307809251962397e-05,8,0.459969863975958
forest stop annihilation,5,3,8.814067251333127e-05,6.205206167974932e-05,8,-0.35096035224037064
france begin examining,0,8,1.4690112085555213e-05,0.00013961713877943594,8,2.251729333204013
body bagging meek,7,1,0.0001175208966844417,3.102603083987466e-05,8,-1.331789605252097
direction pick fan,7,1,0.0001175208966844417,3.102603083987466e-05,8,-1.331789605252097
weather outlook hwo,1,7,2.9380224171110426e-05,0.00012410412335949863,8,1.4407991169876841
crash caused structural,0,7,1.4690112085555213e-05,0.00012410412335949863,7,2.1339462975476295
crashed avoiding microlight,0,7,1.4690112085555213e-05,0.00012410412335949863,7,2.1339462975476295
curved cree led,6,1,0.00010283078459888649,3.102603083987466e-05,7,-1.1982582126275743
crew investigating cause,0,7,1.4690112085555213e-05,0.00012410412335949863,7,2.1339462975476295
denver collision broadway,0,7,1.4690112085555213e-05,0.00012410412335949863,7,2.1339462975476295
fog lamp full,6,1,0.00010283078459888649,3.102603083987466e-05,7,-1.1982582126275743
suspect linked fire,0,7,1.4690112085555213e-05,0.00012410412335949863,7,2.1339462975476295
wrecked disney stock,7,0,0.0001175208966844417,1.551301541993733e-05,7,-2.0249367858120424
bar offroad fog,6,1,0.00010283078459888649,3.102603083987466e-05,7,-1.1982582126275743
news bbc cnn,3,4,5.876044834222085e-05,7.756507709968664e-05,7,0.2776483071820034
order obliteration ancient,7,0,0.0001175208966844417,1.551301541993733e-05,7,-2.0249367858120424
site mosque reuters,0,7,1.4690112085555213e-05,0.00012410412335949863,7,2.1339462975476295
sinking feeling home,4,3,7.345056042777607e-05,6.205206167974932e-05,7,-0.1686387954464161
feeling home phone,4,3,7.345056042777607e-05,6.205206167974932e-05,7,-0.1686387954464161
arson suspect linked,0,7,1.4690112085555213e-05,0.00012410412335949863,7,2.1339462975476295
combo inch curved,6,1,0.00010283078459888649,3.102603083987466e-05,7,-1.1982582126275743
cnn islam truth,3,4,5.876044834222085e-05,7.756507709968664e-05,7,0.2776483071820034
still felt today,0,7,1.4690112085555213e-05,0.00012410412335949863,7,2.1339462975476295
bombing still felt,0,7,1.4690112085555213e-05,0.00012410412335949863,7,2.1339462975476295
obliteration ancient canaanite,7,0,0.0001175208966844417,1.551301541993733e-05,7,-2.0249367858120424
hobbit desolation smaug,7,0,0.0001175208966844417,1.551301541993733e-05,7,-2.0249367858120424
god order obliteration,7,0,0.0001175208966844417,1.551301541993733e-05,7,-2.0249367858120424
god isi terrorism,3,4,5.876044834222085e-05,7.756507709968664e-05,7,0.2776483071820034
motorcyclist bicyclist injured,0,7,1.4690112085555213e-05,0.00012410412335949863,7,2.1339462975476295
militant attack police,0,7,1.4690112085555213e-05,0.00012410412335949863,7,2.1339462975476295
flood combo inch,6,1,0.00010283078459888649,3.102603083987466e-05,7,-1.1982582126275743
truth news bbc,3,4,5.876044834222085e-05,7.756507709968664e-05,7,0.2776483071820034
fire caught northern,0,7,1.4690112085555213e-05,0.00012410412335949863,7,2.1339462975476295
flame parley canyon,0,7,1.4690112085555213e-05,0.00012410412335949863,7,2.1339462975476295
ancient mayan tablet,6,1,0.00010283078459888649,3.102603083987466e-05,7,-1.1982582126275743
plane crashed avoiding,0,7,1.4690112085555213e-05,0.00012410412335949863,7,2.1339462975476295
truth god isi,3,4,5.876044834222085e-05,7.756507709968664e-05,7,0.2776483071820034
parley canyon crew,0,7,1.4690112085555213e-05,0.00012410412335949863,7,2.1339462975476295
atomic bombing still,0,7,1.4690112085555213e-05,0.00012410412335949863,7,2.1339462975476295
offroad fog lamp,6,1,0.00010283078459888649,3.102603083987466e-05,7,-1.1982582126275743
men escape car,0,7,1.4690112085555213e-05,0.00012410412335949863,7,2.1339462975476295
nagasaki atomic bombing,0,7,1.4690112085555213e-05,0.00012410412335949863,7,2.1339462975476295
aftershock dubstep trapmusic,7,0,0.0001175208966844417,1.551301541993733e-05,7,-2.0249367858120424
icemoon aftershock dubstep,7,0,0.0001175208966844417,1.551301541993733e-05,7,-2.0249367858120424
laden family plane,0,7,1.4690112085555213e-05,0.00012410412335949863,7,2.1339462975476295
richmond police officer,0,7,1.4690112085555213e-05,0.00012410412335949863,7,2.1339462975476295
engulfed flame parley,0,7,1.4690112085555213e-05,0.00012410412335949863,7,2.1339462975476295
canyon crew investigating,0,7,1.4690112085555213e-05,0.00012410412335949863,7,2.1339462975476295
remove linkury browser,5,2,8.814067251333127e-05,4.653904625981198e-05,7,-0.6386424246921517
hundred migrant mediterranean,0,7,1.4690112085555213e-05,0.00012410412335949863,7,2.1339462975476295
islam truth god,3,4,5.876044834222085e-05,7.756507709968664e-05,7,0.2776483071820034
word wrecked disney,7,0,0.0001175208966844417,1.551301541993733e-05,7,-2.0249367858120424
air accident expert,0,7,1.4690112085555213e-05,0.00012410412335949863,7,2.1339462975476295
catastrophic effect hiroshima,0,7,1.4690112085555213e-05,0.00012410412335949863,7,2.1339462975476295
inch curved cree,6,1,0.00010283078459888649,3.102603083987466e-05,7,-1.1982582126275743
injured denver collision,0,7,1.4690112085555213e-05,0.00012410412335949863,7,2.1339462975476295
ir icemoon aftershock,7,0,0.0001175208966844417,1.551301541993733e-05,7,-2.0249367858120424
isi terrorism quran,3,4,5.876044834222085e-05,7.756507709968664e-05,7,0.2776483071820034
bicyclist injured denver,0,7,1.4690112085555213e-05,0.00012410412335949863,7,2.1339462975476295
effect hiroshima nagasaki,0,7,1.4690112085555213e-05,0.00012410412335949863,7,2.1339462975476295
realise whole time,4,3,7.345056042777607e-05,6.205206167974932e-05,7,-0.1686387954464161
california time utc,2,5,4.4070336256665636e-05,9.307809251962397e-05,7,0.747651936427739
police post spos,0,7,1.4690112085555213e-05,0.00012410412335949863,7,2.1339462975476295
dnb edm dance,7,0,0.0001175208966844417,1.551301541993733e-05,7,-2.0249367858120424
dubstep trapmusic dnb,7,0,0.0001175208966844417,1.551301541993733e-05,7,-2.0249367858120424
edm dance ice,7,0,0.0001175208966844417,1.551301541993733e-05,7,-2.0249367858120424
home phone realise,4,3,7.345056042777607e-05,6.205206167974932e-05,7,-0.1686387954464161
family plane crashed,0,7,1.4690112085555213e-05,0.00012410412335949863,7,2.1339462975476295
post spos injured,0,7,1.4690112085555213e-05,0.00012410412335949863,7,2.1339462975476295
potential bioterror pathogen,2,5,4.4070336256665636e-05,9.307809251962397e-05,7,0.747651936427739
light bar offroad,6,1,0.00010283078459888649,3.102603083987466e-05,7,-1.1982582126275743
phone realise whole,4,3,7.345056042777607e-05,6.205206167974932e-05,7,-0.1686387954464161
like war zone,4,3,7.345056042777607e-05,6.205206167974932e-05,7,-0.1686387954464161
linked fire caught,0,7,1.4690112085555213e-05,0.00012410412335949863,7,2.1339462975476295
terrorism quran lie,3,4,5.876044834222085e-05,7.756507709968664e-05,7,0.2776483071820034
trapmusic dnb edm,7,0,0.0001175208966844417,1.551301541993733e-05,7,-2.0249367858120424
hiroshima nagasaki atomic,0,7,1.4690112085555213e-05,0.00012410412335949863,7,2.1339462975476295
bbc cnn islam,3,4,5.876044834222085e-05,7.756507709968664e-05,7,0.2776483071820034
knock detonation sensor,6,1,0.00010283078459888649,3.102603083987466e-05,7,-1.1982582126275743
horrible sinking feeling,4,3,7.345056042777607e-05,6.205206167974932e-05,7,-0.1686387954464161
escape car engulfed,0,7,1.4690112085555213e-05,0.00012410412335949863,7,2.1339462975476295
deluged invoice make,6,1,0.00010283078459888649,3.102603083987466e-05,7,-1.1982582126275743
linkury browser hijacker,5,2,8.814067251333127e-05,4.653904625981198e-05,7,-0.6386424246921517
bin laden family,0,7,1.4690112085555213e-05,0.00012410412335949863,7,2.1339462975476295
train derailment freakiest,0,7,1.4690112085555213e-05,0.00012410412335949863,7,2.1339462975476295
flood life wheavenly,5,1,8.814067251333127e-05,3.102603083987466e-05,6,-1.044107532800316
accident man died,0,6,1.4690112085555213e-05,0.00010859110793956129,6,2.000414904923107
save hellfire even,4,2,7.345056042777607e-05,4.653904625981198e-05,6,-0.45632086789819715
owner chicagoarea gay,5,1,8.814067251333127e-05,3.102603083987466e-05,6,-1.044107532800316
allows parole california,2,4,4.4070336256665636e-05,7.756507709968664e-05,6,0.5653303796337844
died wing airplane,0,6,1.4690112085555213e-05,0.00010859110793956129,6,2.000414904923107
former executive prosecuted,0,6,1.4690112085555213e-05,0.00010859110793956129,6,2.000414904923107
feminist world riot,5,1,8.814067251333127e-05,3.102603083987466e-05,6,-1.044107532800316
freakiest freak accident,0,6,1.4690112085555213e-05,0.00010859110793956129,6,2.000414904923107
colour shape likely,5,1,8.814067251333127e-05,3.102603083987466e-05,6,-1.044107532800316
bomb bestnaijamade bestnaijamade,0,6,1.4690112085555213e-05,0.00010859110793956129,6,2.000414904923107
state action year,3,3,5.876044834222085e-05,6.205206167974932e-05,6,0.05450475586779363
outbreak legionnaire disease,0,6,1.4690112085555213e-05,0.00010859110793956129,6,2.000414904923107
bar admits arson,5,1,8.814067251333127e-05,3.102603083987466e-05,6,-1.044107532800316
upon said save,4,2,7.345056042777607e-05,4.653904625981198e-05,6,-0.45632086789819715
derailment freakiest freak,0,6,1.4690112085555213e-05,0.00010859110793956129,6,2.000414904923107
derail destiny blocked,5,1,8.814067251333127e-05,3.102603083987466e-05,6,-1.044107532800316
attack enemy derail,5,1,8.814067251333127e-05,3.102603083987466e-05,6,-1.044107532800316
tribal war turned,4,2,7.345056042777607e-05,4.653904625981198e-05,6,-0.45632086789819715
missing migrant med,0,6,1.4690112085555213e-05,0.00010859110793956129,6,2.000414904923107
hellfire even giving,4,2,7.345056042777607e-05,4.653904625981198e-05,6,-0.45632086789819715
executive prosecuted fukushima,0,6,1.4690112085555213e-05,0.00010859110793956129,6,2.000414904923107
prophet peace upon,4,2,7.345056042777607e-05,4.653904625981198e-05,6,-0.45632086789819715
prosecuted fukushima nuclear,0,6,1.4690112085555213e-05,0.00010859110793956129,6,2.000414904923107
blocked lord flood,5,1,8.814067251333127e-05,3.102603083987466e-05,6,-1.044107532800316
turned land peace,4,2,7.345056042777607e-05,4.653904625981198e-05,6,-0.45632086789819715
udhampur terror attack,0,6,1.4690112085555213e-05,0.00010859110793956129,6,2.000414904923107
another standuser detonate,6,0,0.00010283078459888649,1.551301541993733e-05,6,-1.8914053931875194
riot grill arrived,5,1,8.814067251333127e-05,3.102603083987466e-05,6,-1.044107532800316
evacuation order lifted,0,6,1.4690112085555213e-05,0.00010859110793956129,6,2.000414904923107
even giving half,4,2,7.345056042777607e-05,4.653904625981198e-05,6,-0.45632086789819715
man died wing,0,6,1.4690112085555213e-05,0.00010859110793956129,6,2.000414904923107
market crash summer,5,1,8.814067251333127e-05,3.102603083987466e-05,6,-1.044107532800316
life wheavenly blessing,5,1,8.814067251333127e-05,3.102603083987466e-05,6,-1.044107532800316
fear missing migrant,0,6,1.4690112085555213e-05,0.00010859110793956129,6,2.000414904923107
boat capsizes libya,0,6,1.4690112085555213e-05,0.00010859110793956129,6,2.000414904923107
madinah prophetmuhammad islam,4,2,7.345056042777607e-05,4.653904625981198e-05,6,-0.45632086789819715
top link reddits,6,0,0.00010283078459888649,1.551301541993733e-05,6,-1.8914053931875194
peace ie madinah,4,2,7.345056042777607e-05,4.653904625981198e-05,6,-0.45632086789819715
peace upon said,4,2,7.345056042777607e-05,4.653904625981198e-05,6,-0.45632086789819715
structural failure copilot,0,6,1.4690112085555213e-05,0.00010859110793956129,6,2.000414904923107
spaceship crash caused,0,6,1.4690112085555213e-05,0.00010859110793956129,6,2.000414904923107
gay bar admits,5,1,8.814067251333127e-05,3.102603083987466e-05,6,-1.044107532800316
meatloving feminist world,5,1,8.814067251333127e-05,3.102603083987466e-05,6,-1.044107532800316
navy sideline newest,4,2,7.345056042777607e-05,4.653904625981198e-05,6,-0.45632086789819715
giving half date,4,2,7.345056042777607e-05,4.653904625981198e-05,6,-0.45632086789819715
gm pray attack,5,1,8.814067251333127e-05,3.102603083987466e-05,6,-1.044107532800316
migrant boat capsizes,0,6,1.4690112085555213e-05,0.00010859110793956129,6,2.000414904923107
half date charity,4,2,7.345056042777607e-05,4.653904625981198e-05,6,-0.45632086789819715
migrant mediterranean boat,0,6,1.4690112085555213e-05,0.00010859110793956129,6,2.000414904923107
lord flood life,5,1,8.814067251333127e-05,3.102603083987466e-05,6,-1.044107532800316
look state action,3,3,5.876044834222085e-05,6.205206167974932e-05,6,0.05450475586779363
legacy catastrophic eruption,0,6,1.4690112085555213e-05,0.00010859110793956129,6,2.000414904923107
engulfed tribal war,4,2,7.345056042777607e-05,4.653904625981198e-05,6,-0.45632086789819715
destiny blocked lord,5,1,8.814067251333127e-05,3.102603083987466e-05,6,-1.044107532800316
detonate killer queen,6,0,0.00010283078459888649,1.551301541993733e-05,6,-1.8914053931875194
detonated bomb bestnaijamade,0,6,1.4690112085555213e-05,0.00010859110793956129,6,2.000414904923107
horrible accident man,0,6,1.4690112085555213e-05,0.00010859110793956129,6,2.000414904923107
run burning building,3,3,5.876044834222085e-05,6.205206167974932e-05,6,0.05450475586779363
bestnaijamade bestnaijamade bestnaijamade,0,6,1.4690112085555213e-05,0.00010859110793956129,6,2.000414904923107
chicagoarea gay bar,5,1,8.814067251333127e-05,3.102603083987466e-05,6,-1.044107532800316
bestnaijamade yr old,0,6,1.4690112085555213e-05,0.00010859110793956129,6,2.000414904923107
link reddits new,6,0,0.00010283078459888649,1.551301541993733e-05,6,-1.8914053931875194
shape likely rise,5,1,8.814067251333127e-05,3.102603083987466e-05,6,-1.044107532800316
learning legacy catastrophic,0,6,1.4690112085555213e-05,0.00010859110793956129,6,2.000414904923107
standuser detonate killer,6,0,0.00010283078459888649,1.551301541993733e-05,6,-1.8914053931875194
stand colour shape,5,1,8.814067251333127e-05,3.102603083987466e-05,6,-1.044107532800316
pray attack enemy,5,1,8.814067251333127e-05,3.102603083987466e-05,6,-1.044107532800316
record hurricane drought,0,6,1.4690112085555213e-05,0.00010859110793956129,6,2.000414904923107
land engulfed tribal,4,2,7.345056042777607e-05,4.653904625981198e-05,6,-0.45632086789819715
land peace ie,4,2,7.345056042777607e-05,4.653904625981198e-05,6,-0.45632086789819715
search survivor boat,0,6,1.4690112085555213e-05,0.00010859110793956129,6,2.000414904923107
said save hellfire,4,2,7.345056042777607e-05,4.653904625981198e-05,6,-0.45632086789819715
came land engulfed,4,2,7.345056042777607e-05,4.653904625981198e-05,6,-0.45632086789819715
enemy derail destiny,5,1,8.814067251333127e-05,3.102603083987466e-05,6,-1.044107532800316
rescuer search survivor,0,6,1.4690112085555213e-05,0.00010859110793956129,6,2.000414904923107
avoiding microlight landing,0,6,1.4690112085555213e-05,0.00010859110793956129,6,2.000414904923107
islamic state group,0,6,1.4690112085555213e-05,0.00010859110793956129,6,2.000414904923107
caught northern california,0,6,1.4690112085555213e-05,0.00010859110793956129,6,2.000414904923107
invoice make stand,5,1,8.814067251333127e-05,3.102603083987466e-05,6,-1.044107532800316
igers word wrecked,6,0,0.00010283078459888649,1.551301541993733e-05,6,-1.8914053931875194
ie madinah prophetmuhammad,4,2,7.345056042777607e-05,4.653904625981198e-05,6,-0.45632086789819715
war turned land,4,2,7.345056042777607e-05,4.653904625981198e-05,6,-0.45632086789819715
world riot grill,5,1,8.814067251333127e-05,3.102603083987466e-05,6,-1.044107532800316
admits arson scheme,5,1,8.814067251333127e-05,3.102603083987466e-05,6,-1.044107532800316
debris confirmed mh,0,5,1.4690112085555213e-05,9.307809251962397e-05,5,1.8462642250958485
simulate chemical explosion,1,4,2.9380224171110426e-05,7.756507709968664e-05,5,0.9707954877419487
sittwe point no,0,5,1.4690112085555213e-05,9.307809251962397e-05,5,1.8462642250958485
displaced people horror,1,4,2.9380224171110426e-05,7.756507709968664e-05,5,0.9707954877419487
displaced rohingya sittwe,0,5,1.4690112085555213e-05,9.307809251962397e-05,5,1.8462642250958485
accident indian express,0,5,1.4690112085555213e-05,9.307809251962397e-05,5,1.8462642250958485
year ago today,0,5,1.4690112085555213e-05,9.307809251962397e-05,5,1.8462642250958485
abandoned aircraft mma,1,4,2.9380224171110426e-05,7.756507709968664e-05,5,0.9707954877419487
access secret top,5,0,8.814067251333127e-05,1.551301541993733e-05,5,-1.7372547133602612
damaged plug christmas,0,5,1.4690112085555213e-05,9.307809251962397e-05,5,1.8462642250958485
idp internally displaced,1,4,2.9380224171110426e-05,7.756507709968664e-05,5,0.9707954877419487
caused damaged plug,0,5,1.4690112085555213e-05,9.307809251962397e-05,5,1.8462642250958485
illegal structure international,4,1,7.345056042777607e-05,3.102603083987466e-05,5,-0.8617859760063614
injuryi inner loop,1,4,2.9380224171110426e-05,7.756507709968664e-05,5,0.9707954877419487
inner loop exit,1,4,2.9380224171110426e-05,7.756507709968664e-05,5,0.9707954877419487
honor lowly king,5,0,8.814067251333127e-05,1.551301541993733e-05,5,-1.7372547133602612
centre film fan,1,4,2.9380224171110426e-05,7.756507709968664e-05,5,0.9707954877419487
ceo steve huffman,5,0,8.814067251333127e-05,1.551301541993733e-05,5,-1.7372547133602612
international conference centre,4,1,7.345056042777607e-05,3.102603083987466e-05,5,-0.8617859760063614
investigator said virgin,0,5,1.4690112085555213e-05,9.307809251962397e-05,5,1.8462642250958485
capture violent landing,0,5,1.4690112085555213e-05,9.307809251962397e-05,5,1.8462642250958485
careful let desire,4,1,7.345056042777607e-05,3.102603083987466e-05,5,-0.8617859760063614
let desire control,4,1,7.345056042777607e-05,3.102603083987466e-05,5,-0.8617859760063614
killed caused damaged,0,5,1.4690112085555213e-05,9.307809251962397e-05,5,1.8462642250958485
killed exchange gunfire,0,5,1.4690112085555213e-05,9.307809251962397e-05,5,1.8462642250958485
internally displaced people,1,4,2.9380224171110426e-05,7.756507709968664e-05,5,0.9707954877419487
hot reddits new,4,1,7.345056042777607e-05,3.102603083987466e-05,5,-0.8617859760063614
human experiment unit,0,5,1.4690112085555213e-05,9.307809251962397e-05,5,1.8462642250958485
hundred feared drowned,0,5,1.4690112085555213e-05,9.307809251962397e-05,5,1.8462642250958485
chemical explosion nu,1,4,2.9380224171110426e-05,7.756507709968664e-05,5,0.9707954877419487
trapped miner starring,3,2,5.876044834222085e-05,4.653904625981198e-05,5,-0.2331773165839873
tempered glass screen,5,0,8.814067251333127e-05,1.551301541993733e-05,5,-1.7372547133602612
tent collapse story,3,2,5.876044834222085e-05,4.653904625981198e-05,5,-0.2331773165839873
terror attack militant,0,5,1.4690112085555213e-05,9.307809251962397e-05,5,1.8462642250958485
anti collision rear,5,0,8.814067251333127e-05,1.551301541993733e-05,5,-1.7372547133602612
learn gained access,5,0,8.814067251333127e-05,1.551301541993733e-05,5,-1.7372547133602612
business deluged invoice,4,1,7.345056042777607e-05,3.102603083987466e-05,5,-0.8617859760063614
look like war,3,2,5.876044834222085e-05,4.653904625981198e-05,5,-0.2331773165839873
loop exit md,1,4,2.9380224171110426e-05,7.756507709968664e-05,5,0.9707954877419487
landing far runway,0,5,1.4690112085555213e-05,9.307809251962397e-05,5,1.8462642250958485
california spring oil,0,5,1.4690112085555213e-05,9.307809251962397e-05,5,1.8462642250958485
chile hollywood movie,3,2,5.876044834222085e-05,4.653904625981198e-05,5,-0.2331773165839873
trafford centre film,1,4,2.9380224171110426e-05,7.756507709968664e-05,5,0.9707954877419487
angry odeon cinema,1,4,2.9380224171110426e-05,7.756507709968664e-05,5,0.9707954877419487
home business please,5,0,8.814067251333127e-05,1.551301541993733e-05,5,-1.7372547133602612
make stand colour,4,1,7.345056042777607e-05,3.102603083987466e-05,5,-0.8617859760063614
mansion fire killed,0,5,1.4690112085555213e-05,9.307809251962397e-05,5,1.8462642250958485
maryland mansion fire,0,5,1.4690112085555213e-05,9.307809251962397e-05,5,1.8462642250958485
mayan tablet hieroglyphic,5,0,8.814067251333127e-05,1.551301541993733e-05,5,-1.7372547133602612
top earner used,5,0,8.814067251333127e-05,1.551301541993733e-05,5,-1.7372547133602612
suicide bombing saudi,0,5,1.4690112085555213e-05,9.307809251962397e-05,5,1.8462642250958485
surrounded desire careful,4,1,7.345056042777607e-05,3.102603083987466e-05,5,-0.8617859760063614
government demolish illegal,4,1,7.345056042777607e-05,3.102603083987466e-05,5,-0.8617859760063614
christmas tree report,0,5,1.4690112085555213e-05,9.307809251962397e-05,5,1.8462642250958485
cinema evacuated following,1,4,2.9380224171110426e-05,7.756507709968664e-05,5,0.9707954877419487
hellfire surrounded desire,4,1,7.345056042777607e-05,3.102603083987466e-05,5,-0.8617859760063614
hieroglyphic honor lowly,5,0,8.814067251333127e-05,1.551301541993733e-05,5,-1.7372547133602612
gained access secret,5,0,8.814067251333127e-05,1.551301541993733e-05,5,-1.7372547133602612
murderous story america,0,5,1.4690112085555213e-05,9.307809251962397e-05,5,1.8462642250958485
myanmar displaced rohingya,0,5,1.4690112085555213e-05,9.307809251962397e-05,5,1.8462642250958485
new explosionproof tempered,5,0,8.814067251333127e-05,1.551301541993733e-05,5,-1.7372547133602612
md georgia ave,1,4,2.9380224171110426e-05,7.756507709968664e-05,5,0.9707954877419487
med rescuer search,0,5,1.4690112085555213e-05,9.307809251962397e-05,5,1.8462642250958485
microlight landing far,0,5,1.4690112085555213e-05,9.307809251962397e-05,5,1.8462642250958485
migrant med rescuer,0,5,1.4690112085555213e-05,9.307809251962397e-05,5,1.8462642250958485
claim suicide bombing,0,5,1.4690112085555213e-05,9.307809251962397e-05,5,1.8462642250958485
genocide refugee idp,1,4,2.9380224171110426e-05,7.756507709968664e-05,5,0.9707954877419487
georgia ave silver,1,4,2.9380224171110426e-05,7.756507709968664e-05,5,0.9707954877419487
glass screen protector,5,0,8.814067251333127e-05,1.551301541993733e-05,5,-1.7372547133602612
following false fire,1,4,2.9380224171110426e-05,7.756507709968664e-05,5,0.9707954877419487
cofounder ceo steve,5,0,8.814067251333127e-05,1.551301541993733e-05,5,-1.7372547133602612
take seismic shift,1,4,2.9380224171110426e-05,7.756507709968664e-05,5,0.9707954877419487
steve huffman unveiled,5,0,8.814067251333127e-05,1.551301541993733e-05,5,-1.7372547133602612
stir politics grief,1,4,2.9380224171110426e-05,7.756507709968664e-05,5,0.9707954877419487
arson scheme lgbt,4,1,7.345056042777607e-05,3.102603083987466e-05,5,-0.8617859760063614
arson victim stir,1,4,2.9380224171110426e-05,7.756507709968664e-05,5,0.9707954877419487
ash australia collapse,2,3,4.4070336256665636e-05,6.205206167974932e-05,5,0.34218682831957464
odeon cinema evacuated,1,4,2.9380224171110426e-05,7.756507709968664e-05,5,0.9707954877419487
offensive content reddit,5,0,8.814067251333127e-05,1.551301541993733e-05,5,-1.7372547133602612
mourning notice stabbing,1,4,2.9380224171110426e-05,7.756507709968664e-05,5,0.9707954877419487
order evacuation abandoned,1,4,2.9380224171110426e-05,7.756507709968664e-05,5,0.9707954877419487
new york time,0,5,1.4690112085555213e-05,9.307809251962397e-05,5,1.8462642250958485
notice stabbing arson,1,4,2.9380224171110426e-05,7.756507709968664e-05,5,0.9707954877419487
survivor boat carrying,0,5,1.4690112085555213e-05,9.307809251962397e-05,5,1.8462642250958485
suspect killed exchange,0,5,1.4690112085555213e-05,9.307809251962397e-05,5,1.8462642250958485
tablet hieroglyphic honor,5,0,8.814067251333127e-05,1.551301541993733e-05,5,-1.7372547133602612
freak accident indian,0,5,1.4690112085555213e-05,9.307809251962397e-05,5,1.8462642250958485
feel like sinking,4,1,7.345056042777607e-05,3.102603083987466e-05,5,-0.8617859760063614
film blackberry full,5,0,8.814067251333127e-05,1.551301541993733e-05,5,-1.7372547133602612
film fan angry,1,4,2.9380224171110426e-05,7.756507709968664e-05,5,0.9707954877419487
victim stir politics,1,4,2.9380224171110426e-05,7.756507709968664e-05,5,0.9707954877419487
panicking cable tv,5,0,8.814067251333127e-05,1.551301541993733e-05,5,-1.7372547133602612
parole school bus,0,5,1.4690112085555213e-05,9.307809251962397e-05,5,1.8462642250958485
official alabama home,0,5,1.4690112085555213e-05,9.307809251962397e-05,5,1.8462642250958485
oil spill estimate,0,5,1.4690112085555213e-05,9.307809251962397e-05,5,1.8462642250958485
structure international conference,4,1,7.345056042777607e-05,3.102603083987466e-05,5,-0.8617859760063614
spill estimate grows,0,5,1.4690112085555213e-05,9.307809251962397e-05,5,1.8462642250958485
attack militant attack,0,5,1.4690112085555213e-05,9.307809251962397e-05,5,1.8462642250958485
plain american pipeline,0,5,1.4690112085555213e-05,9.307809251962397e-05,5,1.8462642250958485
plug christmas tree,0,5,1.4690112085555213e-05,9.307809251962397e-05,5,1.8462642250958485
virgin galactic crash,0,5,1.4690112085555213e-05,9.307809251962397e-05,5,1.8462642250958485
tree report say,0,5,1.4690112085555213e-05,9.307809251962397e-05,5,1.8462642250958485
trfc collisionno inj,2,3,4.4070336256665636e-05,6.205206167974932e-05,5,0.34218682831957464
america first hijacking,0,5,1.4690112085555213e-05,9.307809251962397e-05,5,1.8462642250958485
finally panicking cable,5,0,8.814067251333127e-05,1.551301541993733e-05,5,-1.7372547133602612
fire killed caused,0,5,1.4690112085555213e-05,9.307809251962397e-05,5,1.8462642250958485
potus strategicpatience strategy,1,4,2.9380224171110426e-05,7.756507709968664e-05,5,0.9707954877419487
power red pantherattack,3,2,5.876044834222085e-05,4.653904625981198e-05,5,-0.2331773165839873
people died human,0,5,1.4690112085555213e-05,9.307809251962397e-05,5,1.8462642250958485
people finally panicking,5,0,8.814067251333127e-05,1.551301541993733e-05,5,-1.7372547133602612
people horror etc,1,4,2.9380224171110426e-05,7.756507709968664e-05,5,0.9707954877419487
boat carrying many,0,5,1.4690112085555213e-05,9.307809251962397e-05,5,1.8462642250958485
story america first,0,5,1.4690112085555213e-05,9.307809251962397e-05,5,1.8462642250958485
strategicpatience strategy genocide,1,4,2.9380224171110426e-05,7.756507709968664e-05,5,0.9707954877419487
strategy genocide refugee,1,4,2.9380224171110426e-05,7.756507709968664e-05,5,0.9707954877419487
faan order evacuation,1,4,2.9380224171110426e-05,7.756507709968664e-05,5,0.9707954877419487
false fire alarm,1,4,2.9380224171110426e-05,7.756507709968664e-05,5,0.9707954877419487
fan angry odeon,1,4,2.9380224171110426e-05,7.756507709968664e-05,5,0.9707954877419487
evacuation abandoned aircraft,1,4,2.9380224171110426e-05,7.756507709968664e-05,5,0.9707954877419487
exchanging shot richmond,0,5,1.4690112085555213e-05,9.307809251962397e-05,5,1.8462642250958485
blackberry full read,5,0,8.814067251333127e-05,1.551301541993733e-05,5,-1.7372547133602612
promise quarantine extremely,4,1,7.345056042777607e-05,3.102603083987466e-05,5,-0.8617859760063614
protector film blackberry,5,0,8.814067251333127e-05,1.551301541993733e-05,5,-1.7372547133602612
providence health service,4,1,7.345056042777607e-05,3.102603083987466e-05,5,-0.8617859760063614
quarantine extremely offensive,4,1,7.345056042777607e-05,3.102603083987466e-05,5,-0.8617859760063614
pm cdt nw,0,5,1.4690112085555213e-05,9.307809251962397e-05,5,1.8462642250958485
point no return,0,5,1.4690112085555213e-05,9.307809251962397e-05,5,1.8462642250958485
policy promise quarantine,4,1,7.345056042777607e-05,3.102603083987466e-05,5,-0.8617859760063614
politics grief israel,1,4,2.9380224171110426e-05,7.756507709968664e-05,5,0.9707954877419487
exit md georgia,1,4,2.9380224171110426e-05,7.756507709968664e-05,5,0.9707954877419487
content policy promise,4,1,7.345056042777607e-05,3.102603083987466e-05,5,-0.8617859760063614
content reddit cofounder,5,0,8.814067251333127e-05,1.551301541993733e-05,5,-1.7372547133602612
experiment unit japanese,0,5,1.4690112085555213e-05,9.307809251962397e-05,5,1.8462642250958485
explode home business,5,0,8.814067251333127e-05,1.551301541993733e-05,5,-1.7372547133602612
exploration take seismic,1,4,2.9380224171110426e-05,7.756507709968664e-05,5,0.9707954877419487
explosionproof tempered glass,5,0,8.814067251333127e-05,1.551301541993733e-05,5,-1.7372547133602612
extremely offensive community,4,1,7.345056042777607e-05,3.102603083987466e-05,5,-0.8617859760063614
earner used explode,5,0,8.814067251333127e-05,1.551301541993733e-05,5,-1.7372547133602612
correction tent collapse,3,2,5.876044834222085e-05,4.653904625981198e-05,5,-0.2331773165839873
emergency unit simulate,1,4,2.9380224171110426e-05,7.756507709968664e-05,5,0.9707954877419487
quarantined prebreak best,4,1,7.345056042777607e-05,3.102603083987466e-05,5,-0.8617859760063614
rainstorm destroys house,0,5,1.4690112085555213e-05,9.307809251962397e-05,5,1.8462642250958485
reddit cofounder ceo,5,0,8.814067251333127e-05,1.551301541993733e-05,5,-1.7372547133602612
reddit update content,4,1,7.345056042777607e-05,3.102603083987466e-05,5,-0.8617859760063614
refugee idp internally,1,4,2.9380224171110426e-05,7.756507709968664e-05,5,0.9707954877419487
shift gabon somalia,1,4,2.9380224171110426e-05,7.756507709968664e-05,5,0.9707954877419487
australia collapse trent,2,3,4.4070336256665636e-05,6.205206167974932e-05,5,0.34218682831957464
sideline newest sub,4,1,7.345056042777607e-05,3.102603083987466e-05,5,-0.8617859760063614
engulfed low selfimage,5,0,8.814067251333127e-05,1.551301541993733e-05,5,-1.7372547133602612
enugu government demolish,4,1,7.345056042777607e-05,3.102603083987466e-05,5,-0.8617859760063614
evacuated following false,1,4,2.9380224171110426e-05,7.756507709968664e-05,5,0.9707954877419487
desire control afterlife,4,1,7.345056042777607e-05,3.102603083987466e-05,5,-0.8617859760063614
destroys house yobe,0,5,1.4690112085555213e-05,9.307809251962397e-05,5,1.8462642250958485
detonate ft mop,3,2,5.876044834222085e-05,4.653904625981198e-05,5,-0.2331773165839873
cramer igers word,5,0,8.814067251333127e-05,1.551301541993733e-05,5,-1.7372547133602612
said virgin galactic,0,5,1.4690112085555213e-05,9.307809251962397e-05,5,1.8462642250958485
released chile hollywood,3,2,5.876044834222085e-05,4.653904625981198e-05,5,-0.2331773165839873
report say flame,0,5,1.4690112085555213e-05,9.307809251962397e-05,5,1.8462642250958485
spring oil spill,0,5,1.4690112085555213e-05,9.307809251962397e-05,5,1.8462642250958485
stabbing arson victim,1,4,2.9380224171110426e-05,7.756507709968664e-05,5,0.9707954877419487
screen protector film,5,0,8.814067251333127e-05,1.551301541993733e-05,5,-1.7372547133602612
ave silver spring,1,4,2.9380224171110426e-05,7.756507709968664e-05,5,0.9707954877419487
secret top earner,5,0,8.814067251333127e-05,1.551301541993733e-05,5,-1.7372547133602612
seismic shift gabon,1,4,2.9380224171110426e-05,7.756507709968664e-05,5,0.9707954877419487
rohingya sittwe point,0,5,1.4690112085555213e-05,9.307809251962397e-05,5,1.8462642250958485
banned quarantined prebreak,4,1,7.345056042777607e-05,3.102603083987466e-05,5,-0.8617859760063614
demolish illegal structure,4,1,7.345056042777607e-05,3.102603083987466e-05,5,-0.8617859760063614
desire careful let,4,1,7.345056042777607e-05,3.102603083987466e-05,5,-0.8617859760063614
unit japanese military,0,5,1.4690112085555213e-05,9.307809251962397e-05,5,1.8462642250958485
unit simulate chemical,1,4,2.9380224171110426e-05,7.756507709968664e-05,5,0.9707954877419487
update content policy,4,1,7.345056042777607e-05,3.102603083987466e-05,5,-0.8617859760063614
used explode home,5,0,8.814067251333127e-05,1.551301541993733e-05,5,-1.7372547133602612
allows parole school,0,5,1.4690112085555213e-05,9.307809251962397e-05,5,1.8462642250958485
died human experiment,0,5,1.4690112085555213e-05,9.307809251962397e-05,5,1.8462642250958485
abbswinston zionist terrorist,0,4,1.4690112085555213e-05,7.756507709968664e-05,4,1.663942668301894
youre totally obliterated,3,1,5.876044834222085e-05,3.102603083987466e-05,4,-0.6386424246921517
work light offroad,3,1,5.876044834222085e-05,3.102603083987466e-05,4,-0.6386424246921517
criminal hijack lorry,0,4,1.4690112085555213e-05,7.756507709968664e-05,4,1.663942668301894
year fergusons upheaval,2,2,4.4070336256665636e-05,4.653904625981198e-05,4,0.05450475586779363
woman military lulgzimbestpicts,4,0,7.345056042777607e-05,1.551301541993733e-05,4,-1.5549331565663067
wisenews china stock,2,2,4.4070336256665636e-05,4.653904625981198e-05,4,0.05450475586779363
wind mph hail,0,4,1.4690112085555213e-05,7.756507709968664e-05,4,1.663942668301894
white mass murderer,1,3,2.9380224171110426e-05,6.205206167974932e-05,4,0.747651936427739
weather statement issued,0,4,1.4690112085555213e-05,7.756507709968664e-05,4,1.663942668301894
wd flood beam,3,1,5.876044834222085e-05,3.102603083987466e-05,4,-0.6386424246921517
warning wind mph,0,4,1.4690112085555213e-05,7.756507709968664e-05,4,1.663942668301894
warfighting robot could,0,4,1.4690112085555213e-05,7.756507709968664e-05,4,1.663942668301894
want think mention,3,1,5.876044834222085e-05,3.102603083987466e-05,4,-0.6386424246921517
vuitton monogram sophie,4,0,7.345056042777607e-05,1.551301541993733e-05,4,-1.5549331565663067
volcano hawaii time,0,4,1.4690112085555213e-05,7.756507709968664e-05,4,1.663942668301894
video show plane,0,4,1.4690112085555213e-05,7.756507709968664e-05,4,1.663942668301894
video coming apocalyptic,2,2,4.4070336256665636e-05,4.653904625981198e-05,4,0.05450475586779363
victim fear copycat,0,4,1.4690112085555213e-05,7.756507709968664e-05,4,1.663942668301894
cruz fire back,4,0,7.345056042777607e-05,1.551301541993733e-05,4,-1.5549331565663067
vehicle choice lez,4,0,7.345056042777607e-05,1.551301541993733e-05,4,-1.5549331565663067
usgs eq km,0,4,1.4690112085555213e-05,7.756507709968664e-05,4,1.663942668301894
ultimate preparedness library,2,2,4.4070336256665636e-05,4.653904625981198e-05,4,0.05450475586779363
typhoon soudelor taking,0,4,1.4690112085555213e-05,7.756507709968664e-05,4,1.663942668301894
two people dead,0,4,1.4690112085555213e-05,7.756507709968664e-05,4,1.663942668301894
turkish troop killed,0,4,1.4690112085555213e-05,7.756507709968664e-05,4,1.663942668301894
ambulance sprinter automatic,4,0,7.345056042777607e-05,1.551301541993733e-05,4,-1.5549331565663067
truck used philippine,1,3,2.9380224171110426e-05,6.205206167974932e-05,4,0.747651936427739
truck boat mining,3,1,5.876044834222085e-05,3.102603083987466e-05,4,-0.6386424246921517
troop killed kurdish,0,4,1.4690112085555213e-05,7.756507709968664e-05,4,1.663942668301894
tripledigit heat since,0,4,1.4690112085555213e-05,7.756507709968664e-05,4,1.663942668301894
training train fall,0,4,1.4690112085555213e-05,7.756507709968664e-05,4,1.663942668301894
train fall elevated,0,4,1.4690112085555213e-05,7.756507709968664e-05,4,1.663942668301894
township fire truck,1,3,2.9380224171110426e-05,6.205206167974932e-05,4,0.747651936427739
time utc earthquake,0,4,1.4690112085555213e-05,7.756507709968664e-05,4,1.663942668301894
thunderstorm warning wind,0,4,1.4690112085555213e-05,7.756507709968664e-05,4,1.663942668301894
dead house destroyed,0,4,1.4690112085555213e-05,7.756507709968664e-05,4,1.663942668301894
dead dozen injured,0,4,1.4690112085555213e-05,7.756507709968664e-05,4,1.663942668301894
dead aim taiwan,0,4,1.4690112085555213e-05,7.756507709968664e-05,4,1.663942668301894
danger coming soon,3,1,5.876044834222085e-05,3.102603083987466e-05,4,-0.6386424246921517
thunderstorm warning oklahoma,0,4,1.4690112085555213e-05,7.756507709968664e-05,4,1.663942668301894
three people killed,0,4,1.4690112085555213e-05,7.756507709968664e-05,4,1.663942668301894
think mention let,3,1,5.876044834222085e-05,3.102603083987466e-05,4,-0.6386424246921517
theater shooting victim,0,4,1.4690112085555213e-05,7.756507709968664e-05,4,1.663942668301894
apocalyptic earthquake tsunami,2,2,4.4070336256665636e-05,4.653904625981198e-05,4,0.05450475586779363
ted cruz fire,4,0,7.345056042777607e-05,1.551301541993733e-05,4,-1.5549331565663067
taking dead aim,0,4,1.4690112085555213e-05,7.756507709968664e-05,4,1.663942668301894
taiwan expected make,0,4,1.4690112085555213e-05,7.756507709968664e-05,4,1.663942668301894
armageddon not kill,3,1,5.876044834222085e-05,3.102603083987466e-05,4,-0.6386424246921517
streak tripledigit heat,0,4,1.4690112085555213e-05,7.756507709968664e-05,4,1.663942668301894
storm combat magnum,4,0,7.345056042777607e-05,1.551301541993733e-05,4,-1.5549331565663067
crash last year,0,4,1.4690112085555213e-05,7.756507709968664e-05,4,1.663942668301894
crash course course,2,2,4.4070336256665636e-05,4.653904625981198e-05,4,0.05450475586779363
statement issued august,0,4,1.4690112085555213e-05,7.756507709968664e-05,4,1.663942668301894
sprinter automatic frontline,4,0,7.345056042777607e-05,1.551301541993733e-05,4,-1.5549331565663067
spos injured suspected,0,4,1.4690112085555213e-05,7.756507709968664e-05,4,1.663942668301894
spending half budget,0,4,1.4690112085555213e-05,7.756507709968664e-05,4,1.663942668301894
spaceship crash last,0,4,1.4690112085555213e-05,7.756507709968664e-05,4,1.663942668301894
soudelor taking dead,0,4,1.4690112085555213e-05,7.756507709968664e-05,4,1.663942668301894
sophie limited edition,4,0,7.345056042777607e-05,1.551301541993733e-05,4,-1.5549331565663067
slanglucci oppression greatest,3,1,5.876044834222085e-05,3.102603083987466e-05,4,-0.6386424246921517
sismo detectado jap,0,4,1.4690112085555213e-05,7.756507709968664e-05,4,1.663942668301894
sinkhole selfies wont,4,0,7.345056042777607e-05,1.551301541993733e-05,4,-1.5549331565663067
sinjar massacre yazidis,0,4,1.4690112085555213e-05,7.756507709968664e-05,4,1.663942668301894
signed numbered limited,4,0,7.345056042777607e-05,1.551301541993733e-05,4,-1.5549331565663067
august pm edt,0,4,1.4690112085555213e-05,7.756507709968664e-05,4,1.663942668301894
show plane landing,0,4,1.4690112085555213e-05,7.756507709968664e-05,4,1.663942668301894
show lovely dust,4,0,7.345056042777607e-05,1.551301541993733e-05,4,-1.5549331565663067
shoulder cross body,4,0,7.345056042777607e-05,1.551301541993733e-05,4,-1.5549331565663067
crash summer sparked,3,1,5.876044834222085e-05,3.102603083987466e-05,4,-0.6386424246921517
shooting victim fear,0,4,1.4690112085555213e-05,7.756507709968664e-05,4,1.663942668301894
shift focus cause,0,4,1.4690112085555213e-05,7.756507709968664e-05,4,1.663942668301894
shepherd rescue oc,4,0,7.345056042777607e-05,1.551301541993733e-05,4,-1.5549331565663067
service say spending,0,4,1.4690112085555213e-05,7.756507709968664e-05,4,1.663942668301894
bag full read,4,0,7.345056042777607e-05,1.551301541993733e-05,4,-1.5549331565663067
back jeb bush,4,0,7.345056042777607e-05,1.551301541993733e-05,4,-1.5549331565663067
automatic frontline vehicle,4,0,7.345056042777607e-05,1.551301541993733e-05,4,-1.5549331565663067
screenshots show lovely,4,0,7.345056042777607e-05,1.551301541993733e-05,4,-1.5549331565663067
say spending half,0,4,1.4690112085555213e-05,7.756507709968664e-05,4,1.663942668301894
say fatal virgin,0,4,1.4690112085555213e-05,7.756507709968664e-05,4,1.663942668301894
satellite capture image,0,4,1.4690112085555213e-05,7.756507709968664e-05,4,1.663942668301894
salem nuclear reactor,0,4,1.4690112085555213e-05,7.756507709968664e-05,4,1.663942668301894
rubble china stock,4,0,7.345056042777607e-05,1.551301541993733e-05,4,-1.5549331565663067
derail madhya pradesh,0,4,1.4690112085555213e-05,7.756507709968664e-05,4,1.663942668301894
dependency counselor intern,4,0,7.345056042777607e-05,1.551301541993733e-05,4,-1.5549331565663067
robot could reduce,0,4,1.4690112085555213e-05,7.756507709968664e-05,4,1.663942668301894
rescued med migrant,0,4,1.4690112085555213e-05,7.756507709968664e-05,4,1.663942668301894
beam full rea,3,1,5.876044834222085e-05,3.102603083987466e-05,4,-0.6386424246921517
bayelsa poll tension,3,1,5.876044834222085e-05,3.102603083987466e-05,4,-0.6386424246921517
rescue oc shared,4,0,7.345056042777607e-05,1.551301541993733e-05,4,-1.5549331565663067
republican like jeb,4,0,7.345056042777607e-05,1.551301541993733e-05,4,-1.5549331565663067
release issue ramag,4,0,7.345056042777607e-05,1.551301541993733e-05,4,-1.5549331565663067
relative hope discovery,0,4,1.4690112085555213e-05,7.756507709968664e-05,4,1.663942668301894
reduce civilian casualty,0,4,1.4690112085555213e-05,7.756507709968664e-05,4,1.663942668301894
reason love woman,4,0,7.345056042777607e-05,1.551301541993733e-05,4,-1.5549331565663067
reality training train,0,4,1.4690112085555213e-05,7.756507709968664e-05,4,1.663942668301894
ramag fashion model,4,0,7.345056042777607e-05,1.551301541993733e-05,4,-1.5549331565663067
press signed numbered,4,0,7.345056042777607e-05,1.551301541993733e-05,4,-1.5549331565663067
preparedness library prepare,2,2,4.4070336256665636e-05,4.653904625981198e-05,4,0.05450475586779363
precipitation measurement satellite,0,4,1.4690112085555213e-05,7.756507709968664e-05,4,1.663942668301894
detonate feat mop,3,1,5.876044834222085e-05,3.102603083987466e-05,4,-0.6386424246921517
block mod bob,4,0,7.345056042777607e-05,1.551301541993733e-05,4,-1.5549331565663067
blast near house,0,4,1.4690112085555213e-05,7.756507709968664e-05,4,1.663942668301894
blast lack action,0,4,1.4690112085555213e-05,7.756507709968664e-05,4,1.663942668301894
poll tension bayelsa,3,1,5.876044834222085e-05,3.102603083987466e-05,4,-0.6386424246921517
police kisii hunt,0,4,1.4690112085555213e-05,7.756507709968664e-05,4,1.663942668301894
police kill gunman,1,3,2.9380224171110426e-05,6.205206167974932e-05,4,0.747651936427739
pm edt nw,0,4,1.4690112085555213e-05,7.756507709968664e-05,4,1.663942668301894
pm cdt august,0,4,1.4690112085555213e-05,7.756507709968664e-05,4,1.663942668301894
plane landing violent,0,4,1.4690112085555213e-05,7.756507709968664e-05,4,1.663942668301894
plane debris missing,0,4,1.4690112085555213e-05,7.756507709968664e-05,4,1.663942668301894
plan former first,2,2,4.4070336256665636e-05,4.653904625981198e-05,4,0.05450475586779363
body bag full,4,0,7.345056042777607e-05,1.551301541993733e-05,4,-1.5549331565663067
bob apocalypse wither,4,0,7.345056042777607e-05,1.551301541993733e-05,4,-1.5549331565663067
boat mining wd,3,1,5.876044834222085e-05,3.102603083987466e-05,4,-0.6386424246921517
people killed severe,0,4,1.4690112085555213e-05,7.756507709968664e-05,4,1.663942668301894
people dead house,0,4,1.4690112085555213e-05,7.756507709968664e-05,4,1.663942668301894
pc cree led,3,1,5.876044834222085e-05,3.102603083987466e-05,4,-0.6386424246921517
parent colorado theater,0,4,1.4690112085555213e-05,7.756507709968664e-05,4,1.663942668301894
outlook hwo wx,0,4,1.4690112085555213e-05,7.756507709968664e-05,4,1.663942668301894
order lifted town,0,4,1.4690112085555213e-05,7.756507709968664e-05,4,1.663942668301894
oppression greatest danger,3,1,5.876044834222085e-05,3.102603083987466e-05,4,-0.6386424246921517
offroad lamp car,3,1,5.876044834222085e-05,3.102603083987466e-05,4,-0.6386424246921517
oc shared link,4,0,7.345056042777607e-05,1.551301541993733e-05,4,-1.5549331565663067
obliterate planned parenthood,3,1,5.876044834222085e-05,3.102603083987466e-05,4,-0.6386424246921517
numbered limited full,4,0,7.345056042777607e-05,1.551301541993733e-05,4,-1.5549331565663067
not kill flag,3,1,5.876044834222085e-05,3.102603083987466e-05,4,-0.6386424246921517
not anything lead,3,1,5.876044834222085e-05,3.102603083987466e-05,4,-0.6386424246921517
night lucky block,4,0,7.345056042777607e-05,1.551301541993733e-05,4,-1.5549331565663067
new video coming,2,2,4.4070336256665636e-05,4.653904625981198e-05,4,0.05450475586779363
new mad max,4,0,7.345056042777607e-05,1.551301541993733e-05,4,-1.5549331565663067
near house leveled,0,4,1.4690112085555213e-05,7.756507709968664e-05,4,1.663942668301894
brown detonate mop,4,0,7.345056042777607e-05,1.551301541993733e-05,4,-1.5549331565663067
brown detonate ft,2,2,4.4070336256665636e-05,4.653904625981198e-05,4,0.05450475586779363
broadway least two,0,4,1.4690112085555213e-05,7.756507709968664e-05,4,1.663942668301894
monogram sophie limited,4,0,7.345056042777607e-05,1.551301541993733e-05,4,-1.5549331565663067
mod bob apocalypse,4,0,7.345056042777607e-05,1.551301541993733e-05,4,-1.5549331565663067
mining wd flood,3,1,5.876044834222085e-05,3.102603083987466e-05,4,-0.6386424246921517
minecraft night lucky,4,0,7.345056042777607e-05,1.551301541993733e-05,4,-1.5549331565663067
militant suicide attack,0,4,1.4690112085555213e-05,7.756507709968664e-05,4,1.663942668301894
migrant arrive sicily,0,4,1.4690112085555213e-05,7.756507709968664e-05,4,1.663942668301894
mh relative hope,0,4,1.4690112085555213e-05,7.756507709968664e-05,4,1.663942668301894
mention let not,3,1,5.876044834222085e-05,3.102603083987466e-05,4,-0.6386424246921517
memory drawn survivor,0,4,1.4690112085555213e-05,7.756507709968664e-05,4,1.663942668301894
mediterranean boat carryi,0,4,1.4690112085555213e-05,7.756507709968664e-05,4,1.663942668301894
med migrant arrive,0,4,1.4690112085555213e-05,7.756507709968664e-05,4,1.663942668301894
measurement satellite capture,0,4,1.4690112085555213e-05,7.756507709968664e-05,4,1.663942668301894
dk eyewitness travel,4,0,7.345056042777607e-05,1.551301541993733e-05,4,-1.5549331565663067
meal cook youre,3,1,5.876044834222085e-05,3.102603083987466e-05,4,-0.6386424246921517
max screenshots show,4,0,7.345056042777607e-05,1.551301541993733e-05,4,-1.5549331565663067
massacre yazidis blast,0,4,1.4690112085555213e-05,7.756507709968664e-05,4,1.663942668301894
malaysia airline abc,0,4,1.4690112085555213e-05,7.756507709968664e-05,4,1.663942668301894
mad max screenshots,4,0,7.345056042777607e-05,1.551301541993733e-05,4,-1.5549331565663067
lucky block mod,4,0,7.345056042777607e-05,1.551301541993733e-05,4,-1.5549331565663067
lovely dust storm,4,0,7.345056042777607e-05,1.551301541993733e-05,4,-1.5549331565663067
love woman military,4,0,7.345056042777607e-05,1.551301541993733e-05,4,-1.5549331565663067
louis vuitton monogram,4,0,7.345056042777607e-05,1.551301541993733e-05,4,-1.5549331565663067
lose republican like,4,0,7.345056042777607e-05,1.551301541993733e-05,4,-1.5549331565663067
lorry bus arrested,0,4,1.4690112085555213e-05,7.756507709968664e-05,4,1.663942668301894
longest streak tripledigit,0,4,1.4690112085555213e-05,7.756507709968664e-05,4,1.663942668301894
caitlin kiernan centipede,4,0,7.345056042777607e-05,1.551301541993733e-05,4,-1.5549331565663067
bush lose republican,4,0,7.345056042777607e-05,1.551301541993733e-05,4,-1.5549331565663067
bus arrested enugu,0,4,1.4690112085555213e-05,7.756507709968664e-05,4,1.663942668301894
downtown emergency service,4,0,7.345056042777607e-05,1.551301541993733e-05,4,-1.5549331565663067
limited edition clutch,4,0,7.345056042777607e-05,1.551301541993733e-05,4,-1.5549331565663067
liked video minecraft,4,0,7.345056042777607e-05,1.551301541993733e-05,4,-1.5549331565663067
liked video battlefield,4,0,7.345056042777607e-05,1.551301541993733e-05,4,-1.5549331565663067
like jeb mitt,4,0,7.345056042777607e-05,1.551301541993733e-05,4,-1.5549331565663067
light offroad lamp,3,1,5.876044834222085e-05,3.102603083987466e-05,4,-0.6386424246921517
lifted town roosevelt,0,4,1.4690112085555213e-05,7.756507709968664e-05,4,1.663942668301894
library prepare catastrophe,2,2,4.4070336256665636e-05,4.653904625981198e-05,4,0.05450475586779363
lez compliant ebay,4,0,7.345056042777607e-05,1.551301541993733e-05,4,-1.5549331565663067
leveled summer war,0,4,1.4690112085555213e-05,7.756507709968664e-05,4,1.663942668301894
let not anything,3,1,5.876044834222085e-05,3.102603083987466e-05,4,-0.6386424246921517
least two people,0,4,1.4690112085555213e-05,7.756507709968664e-05,4,1.663942668301894
least people killed,0,4,1.4690112085555213e-05,7.756507709968664e-05,4,1.663942668301894
last year caused,0,4,1.4690112085555213e-05,7.756507709968664e-05,4,1.663942668301894
landslide italian alp,0,4,1.4690112085555213e-05,7.756507709968664e-05,4,1.663942668301894
landing violent storm,0,4,1.4690112085555213e-05,7.756507709968664e-05,4,1.663942668301894
lamp car truck,3,1,5.876044834222085e-05,3.102603083987466e-05,4,-0.6386424246921517
lack action hostage,0,4,1.4690112085555213e-05,7.756507709968664e-05,4,1.663942668301894
drowning girl caitlin,4,0,7.345056042777607e-05,1.551301541993733e-05,4,-1.5549331565663067
drowned migrant boat,0,4,1.4690112085555213e-05,7.756507709968664e-05,4,1.663942668301894
dramatic video show,0,4,1.4690112085555213e-05,7.756507709968664e-05,4,1.663942668301894
drake body bagging,4,0,7.345056042777607e-05,1.551301541993733e-05,4,-1.5549331565663067
dozen injured gaza,0,4,1.4690112085555213e-05,7.756507709968664e-05,4,1.663942668301894
kurdish militant suicide,0,4,1.4690112085555213e-05,7.756507709968664e-05,4,1.663942668301894
kisii hunt student,0,4,1.4690112085555213e-05,7.756507709968664e-05,4,1.663942668301894
killed severe rainstorm,0,4,1.4690112085555213e-05,7.756507709968664e-05,4,1.663942668301894
killed kurdish militant,0,4,1.4690112085555213e-05,7.756507709968664e-05,4,1.663942668301894
kill flag fast,3,1,5.876044834222085e-05,3.102603083987466e-05,4,-0.6386424246921517
kiernan centipede press,4,0,7.345056042777607e-05,1.551301541993733e-05,4,-1.5549331565663067
kca votejkt id,1,3,2.9380224171110426e-05,6.205206167974932e-05,4,0.747651936427739
jeb mitt video,4,0,7.345056042777607e-05,1.551301541993733e-05,4,-1.5549331565663067
jeb bush lose,4,0,7.345056042777607e-05,1.551301541993733e-05,4,-1.5549331565663067
dust storm combat,4,0,7.345056042777607e-05,1.551301541993733e-05,4,-1.5549331565663067
drunk meal cook,3,1,5.876044834222085e-05,3.102603083987466e-05,4,-0.6386424246921517
issue severe thunderstorm,0,4,1.4690112085555213e-05,7.756507709968664e-05,4,1.663942668301894
issue ramag fashion,4,0,7.345056042777607e-05,1.551301541993733e-05,4,-1.5549331565663067
car truck boat,3,1,5.876044834222085e-05,3.102603083987466e-05,4,-0.6386424246921517
capture image typhoon,0,4,1.4690112085555213e-05,7.756507709968664e-05,4,1.663942668301894
investigator shift focus,0,4,1.4690112085555213e-05,7.756507709968664e-05,4,1.663942668301894
investigator say fatal,0,4,1.4690112085555213e-05,7.756507709968664e-05,4,1.663942668301894
injured suspected militant,0,4,1.4690112085555213e-05,7.756507709968664e-05,4,1.663942668301894
injured gaza blast,0,4,1.4690112085555213e-05,7.756507709968664e-05,4,1.663942668301894
image typhoon soudelor,0,4,1.4690112085555213e-05,7.756507709968664e-05,4,1.663942668301894
cause fatal waimate,0,4,1.4690112085555213e-05,7.756507709968664e-05,4,1.663942668301894
huffman unveiled specif,4,0,7.345056042777607e-05,1.551301541993733e-05,4,-1.5549331565663067
house yobe state,0,4,1.4690112085555213e-05,7.756507709968664e-05,4,1.663942668301894
house leveled summer,0,4,1.4690112085555213e-05,7.756507709968664e-05,4,1.663942668301894
house destroyed kaduna,0,4,1.4690112085555213e-05,7.756507709968664e-05,4,1.663942668301894
editor chief release,4,0,7.345056042777607e-05,1.551301541993733e-05,4,-1.5549331565663067
edition clutch cross,4,0,7.345056042777607e-05,1.551301541993733e-05,4,-1.5549331565663067
hope fall cliff,3,1,5.876044834222085e-05,3.102603083987466e-05,4,-0.6386424246921517
hope discovery crash,0,4,1.4690112085555213e-05,7.756507709968664e-05,4,1.663942668301894
centipede press signed,4,0,7.345056042777607e-05,1.551301541993733e-05,4,-1.5549331565663067
cdt august pm,0,4,1.4690112085555213e-05,7.756507709968664e-05,4,1.663942668301894
choice lez compliant,4,0,7.345056042777607e-05,1.551301541993733e-05,4,-1.5549331565663067
chief release issue,4,0,7.345056042777607e-05,1.551301541993733e-05,4,-1.5549331565663067
chemical dependency counselor,4,0,7.345056042777607e-05,1.551301541993733e-05,4,-1.5549331565663067
hijack lorry bus,0,4,1.4690112085555213e-05,7.756507709968664e-05,4,1.663942668301894
hellfire even want,3,1,5.876044834222085e-05,3.102603083987466e-05,4,-0.6386424246921517
hawaii time utc,0,4,1.4690112085555213e-05,7.756507709968664e-05,4,1.663942668301894
haunting memory drawn,0,4,1.4690112085555213e-05,7.756507709968664e-05,4,1.663942668301894
civilian casualty calling,0,4,1.4690112085555213e-05,7.756507709968664e-05,4,1.663942668301894
handbag cross body,4,0,7.345056042777607e-05,1.551301541993733e-05,4,-1.5549331565663067
half budget fire,0,4,1.4690112085555213e-05,7.756507709968664e-05,4,1.663942668301894
elevated track windstorm,0,4,1.4690112085555213e-05,7.756507709968664e-05,4,1.663942668301894
greatest danger coming,3,1,5.876044834222085e-05,3.102603083987466e-05,4,-0.6386424246921517
gold coast tram,0,4,1.4690112085555213e-05,7.756507709968664e-05,4,1.663942668301894
global precipitation measurement,0,4,1.4690112085555213e-05,7.756507709968664e-05,4,1.663942668301894
girl caitlin kiernan,4,0,7.345056042777607e-05,1.551301541993733e-05,4,-1.5549331565663067
german shepherd rescue,4,0,7.345056042777607e-05,1.551301541993733e-05,4,-1.5549331565663067
clutch cross body,4,0,7.345056042777607e-05,1.551301541993733e-05,4,-1.5549331565663067
gem rubble china,4,0,7.345056042777607e-05,1.551301541993733e-05,4,-1.5549331565663067
gaza blast near,0,4,1.4690112085555213e-05,7.756507709968664e-05,4,1.663942668301894
frontline vehicle choice,4,0,7.345056042777607e-05,1.551301541993733e-05,4,-1.5549331565663067
former township fire,1,3,2.9380224171110426e-05,6.205206167974932e-05,4,0.747651936427739
former first lady,2,2,4.4070336256665636e-05,4.653904625981198e-05,4,0.05450475586779363
forest service say,0,4,1.4690112085555213e-05,7.756507709968664e-05,4,1.663942668301894
coastal german shepherd,4,0,7.345056042777607e-05,1.551301541993733e-05,4,-1.5549331565663067
focus cause fatal,0,4,1.4690112085555213e-05,7.756507709968664e-05,4,1.663942668301894
flood two people,0,4,1.4690112085555213e-05,7.756507709968664e-05,4,1.663942668301894
copycat massacre antioch,0,4,1.4690112085555213e-05,7.756507709968664e-05,4,1.663942668301894
cook youre totally,3,1,5.876044834222085e-05,3.102603083987466e-05,4,-0.6386424246921517
emergency service center,4,0,7.345056042777607e-05,1.551301541993733e-05,4,-1.5549331565663067
flood beam full,3,1,5.876044834222085e-05,3.102603083987466e-05,4,-0.6386424246921517
flag fast xp,3,1,5.876044834222085e-05,3.102603083987466e-05,4,-0.6386424246921517
fire truck used,1,3,2.9380224171110426e-05,6.205206167974932e-05,4,0.747651936427739
fire back jeb,4,0,7.345056042777607e-05,1.551301541993733e-05,4,-1.5549331565663067
combat magnum opus,4,0,7.345056042777607e-05,1.551301541993733e-05,4,-1.5549331565663067
colorado theater shooting,0,4,1.4690112085555213e-05,7.756507709968664e-05,4,1.663942668301894
collision broadway least,0,4,1.4690112085555213e-05,7.756507709968664e-05,4,1.663942668301894
fight bioterrorism sir,2,2,4.4070336256665636e-05,4.653904625981198e-05,4,0.05450475586779363
fettilootch slanglucci oppression,3,1,5.876044834222085e-05,3.102603083987466e-05,4,-0.6386424246921517
feared drowned migrant,0,4,1.4690112085555213e-05,7.756507709968664e-05,4,1.663942668301894
fear copycat massacre,0,4,1.4690112085555213e-05,7.756507709968664e-05,4,1.663942668301894
fatal waimate fire,0,4,1.4690112085555213e-05,7.756507709968664e-05,4,1.663942668301894
fatal virgin galactic,0,4,1.4690112085555213e-05,7.756507709968664e-05,4,1.663942668301894
fast xp reason,3,1,5.876044834222085e-05,3.102603083987466e-05,4,-0.6386424246921517
fashion model mayhem,4,0,7.345056042777607e-05,1.551301541993733e-05,4,-1.5549331565663067
could reduce civilian,0,4,1.4690112085555213e-05,7.756507709968664e-05,4,1.663942668301894
coming soon album,3,1,5.876044834222085e-05,3.102603083987466e-05,4,-0.6386424246921517
coming apocalyptic earthquake,2,2,4.4070336256665636e-05,4.653904625981198e-05,4,0.05450475586779363
fall elevated track,0,4,1.4690112085555213e-05,7.756507709968664e-05,4,1.663942668301894
eyewitness travel guide,4,0,7.345056042777607e-05,1.551301541993733e-05,4,-1.5549331565663067
expected make landfall,0,4,1.4690112085555213e-05,7.756507709968664e-05,4,1.663942668301894
confirmed mh relative,0,4,1.4690112085555213e-05,7.756507709968664e-05,4,1.663942668301894
even want think,3,1,5.876044834222085e-05,3.102603083987466e-05,4,-0.6386424246921517
action year fergusons,2,2,4.4070336256665636e-05,4.653904625981198e-05,4,0.05450475586779363
year caused structural,0,4,1.4690112085555213e-05,7.756507709968664e-05,4,1.663942668301894
yazidis blast lack,0,4,1.4690112085555213e-05,7.756507709968664e-05,4,1.663942668301894
wreckage flight mh,0,4,1.4690112085555213e-05,7.756507709968664e-05,4,1.663942668301894
zone coming soon,3,0,5.876044834222085e-05,1.551301541993733e-05,3,-1.331789605252097
act mass murder,0,3,1.4690112085555213e-05,6.205206167974932e-05,3,1.4407991169876841
abcnews obama declares,0,3,1.4690112085555213e-05,6.205206167974932e-05,3,1.4407991169876841
world war zone,3,0,5.876044834222085e-05,1.551301541993733e-05,3,-1.331789605252097
world war ii,1,2,2.9380224171110426e-05,4.653904625981198e-05,3,0.459969863975958
world pres recognize,1,2,2.9380224171110426e-05,4.653904625981198e-05,3,0.459969863975958
world extreme diving,3,0,5.876044834222085e-05,1.551301541993733e-05,3,-1.331789605252097
word guided pilot,0,3,1.4690112085555213e-05,6.205206167974932e-05,3,1.4407991169876841
wont believe whats,3,0,5.876044834222085e-05,1.551301541993733e-05,3,-1.331789605252097
eruption new yorker,0,3,1.4690112085555213e-05,6.205206167974932e-05,3,1.4407991169876841
accuses nema stealing,2,1,4.4070336256665636e-05,3.102603083987466e-05,3,-0.35096035224037064
wrapup cable tv,3,0,5.876044834222085e-05,1.551301541993733e-05,3,-1.331789605252097
wounded west bank,0,3,1.4690112085555213e-05,6.205206167974932e-05,3,1.4407991169876841
womens buckle casual,3,0,5.876044834222085e-05,1.551301541993733e-05,3,-1.331789605252097
woman openly accuses,2,1,4.4070336256665636e-05,3.102603083987466e-05,3,-0.35096035224037064
woman cross body,3,0,5.876044834222085e-05,1.551301541993733e-05,3,-1.331789605252097
woman child casualty,0,3,1.4690112085555213e-05,6.205206167974932e-05,3,1.4407991169876841
woman bb sp,2,1,4.4070336256665636e-05,3.102603083987466e-05,3,-0.35096035224037064
wither mod showcase,3,0,5.876044834222085e-05,1.551301541993733e-05,3,-1.331789605252097
wireless stereo headphone,3,0,5.876044834222085e-05,1.551301541993733e-05,3,-1.331789605252097
wired reddit quarantine,3,0,5.876044834222085e-05,1.551301541993733e-05,3,-1.331789605252097
wind gust mph,0,3,1.4690112085555213e-05,6.205206167974932e-05,3,1.4407991169876841
confirmed union island,0,3,1.4690112085555213e-05,6.205206167974932e-05,3,1.4407991169876841
exchange gunfire richmond,0,3,1.4690112085555213e-05,6.205206167974932e-05,3,1.4407991169876841
estimate grows document,0,3,1.4690112085555213e-05,6.205206167974932e-05,3,1.4407991169876841
wildfire nearly double,0,3,1.4690112085555213e-05,6.205206167974932e-05,3,1.4407991169876841
wildfire destroys home,0,3,1.4690112085555213e-05,6.205206167974932e-05,3,1.4407991169876841
wild fire california,0,3,1.4690112085555213e-05,6.205206167974932e-05,3,1.4407991169876841
wife charged death,2,1,4.4070336256665636e-05,3.102603083987466e-05,3,-0.35096035224037064
whts colluded take,0,3,1.4690112085555213e-05,6.205206167974932e-05,3,1.4407991169876841
wht auth hostage,0,3,1.4690112085555213e-05,6.205206167974932e-05,3,1.4407991169876841
whipped horse collapsed,2,1,4.4070336256665636e-05,3.102603083987466e-05,3,-0.35096035224037064
whats done stop,0,3,1.4690112085555213e-05,6.205206167974932e-05,3,1.4407991169876841
whats brooklyn sinkhole,3,0,5.876044834222085e-05,1.551301541993733e-05,3,-1.331789605252097
whao nigerian refugee,0,3,1.4690112085555213e-05,6.205206167974932e-05,3,1.4407991169876841
west bank terrorist,0,3,1.4690112085555213e-05,6.205206167974932e-05,3,1.4407991169876841
exp inst apch,3,0,5.876044834222085e-05,1.551301541993733e-05,3,-1.331789605252097
consequence socialism everywhere,2,1,4.4070336256665636e-05,3.102603083987466e-05,3,-0.35096035224037064
wedding day feeding,3,0,5.876044834222085e-05,1.551301541993733e-05,3,-1.331789605252097
weapon new map,3,0,5.876044834222085e-05,1.551301541993733e-05,3,-1.331789605252097
weapon combined lead,3,0,5.876044834222085e-05,1.551301541993733e-05,3,-1.331789605252097
wealth thinking would,2,1,4.4070336256665636e-05,3.102603083987466e-05,3,-0.35096035224037064
wbioterrorismuse lglorg idis,0,3,1.4690112085555213e-05,6.205206167974932e-05,3,1.4407991169876841
waterresistant couple leisure,2,1,4.4070336256665636e-05,3.102603083987466e-05,3,-0.35096035224037064
africa ap nri,0,3,1.4690112085555213e-05,6.205206167974932e-05,3,1.4407991169876841
watch waterresistant couple,2,1,4.4070336256665636e-05,3.102603083987466e-05,3,-0.35096035224037064
watch war mido,3,0,5.876044834222085e-05,1.551301541993733e-05,3,-1.331789605252097
watch sarah palin,2,1,4.4070336256665636e-05,3.102603083987466e-05,3,-0.35096035224037064
watch moment cliff,0,3,1.4690112085555213e-05,6.205206167974932e-05,3,1.4407991169876841
warship point weapon,0,3,1.4690112085555213e-05,6.205206167974932e-05,3,1.4407991169876841
warning oklahoma county,0,3,1.4690112085555213e-05,6.205206167974932e-05,3,1.4407991169876841
warning issued august,0,3,1.4690112085555213e-05,6.205206167974932e-05,3,1.4407991169876841
failure copilot unlocked,0,3,1.4690112085555213e-05,6.205206167974932e-05,3,1.4407991169876841
faced secret sanction,1,2,2.9380224171110426e-05,4.653904625981198e-05,3,0.459969863975958
eyewitness account hiroshima,0,3,1.4690112085555213e-05,6.205206167974932e-05,3,1.4407991169876841
extreme diving story,3,0,5.876044834222085e-05,1.551301541993733e-05,3,-1.331789605252097
war mido ww,3,0,5.876044834222085e-05,1.551301541993733e-05,3,-1.331789605252097
volcano hawaii utc,0,3,1.4690112085555213e-05,6.205206167974932e-05,3,1.4407991169876841
virgil van dijk,1,2,2.9380224171110426e-05,4.653904625981198e-05,3,0.459969863975958
violent storm larger,3,0,5.876044834222085e-05,1.551301541993733e-05,3,-1.331789605252097
violent landing amsterdam,0,3,1.4690112085555213e-05,6.205206167974932e-05,3,1.4407991169876841
villager saved passenger,0,3,1.4690112085555213e-05,6.205206167974932e-05,3,1.4407991169876841
video playlist panic,3,0,5.876044834222085e-05,1.551301541993733e-05,3,-1.331789605252097
video capture violent,0,3,1.4690112085555213e-05,6.205206167974932e-05,3,1.4407991169876841
video battlefield hardline,3,0,5.876044834222085e-05,1.551301541993733e-05,3,-1.331789605252097
alp kill three,0,3,1.4690112085555213e-05,6.205206167974932e-05,3,1.4407991169876841
curfew oper taxiway,3,0,5.876044834222085e-05,1.551301541993733e-05,3,-1.331789605252097
cryptic word guided,0,3,1.4690112085555213e-05,6.205206167974932e-05,3,1.4407991169876841
crushed disney disappoints,3,0,5.876044834222085e-05,1.551301541993733e-05,3,-1.331789605252097
family band together,2,1,4.4070336256665636e-05,3.102603083987466e-05,3,-0.35096035224037064
company share crushed,3,0,5.876044834222085e-05,1.551301541993733e-05,3,-1.331789605252097
coming soon artistsunited,3,0,5.876044834222085e-05,1.551301541993733e-05,3,-1.331789605252097
come active exploit,3,0,5.876044834222085e-05,1.551301541993733e-05,3,-1.331789605252097
allah describes piling,2,1,4.4070336256665636e-05,3.102603083987466e-05,3,-0.35096035224037064
vacant since saddlebrooke,3,0,5.876044834222085e-05,1.551301541993733e-05,3,-1.331789605252097
user download earthquake,0,3,1.4690112085555213e-05,6.205206167974932e-05,3,1.4407991169876841
update london engulfed,0,3,1.4690112085555213e-05,6.205206167974932e-05,3,1.4407991169876841
unsafe hazardous humanconsumption,1,2,2.9380224171110426e-05,4.653904625981198e-05,3,0.459969863975958
unlocking brake triggered,0,3,1.4690112085555213e-05,6.205206167974932e-05,3,1.4407991169876841
united state hasnt,0,3,1.4690112085555213e-05,6.205206167974932e-05,3,1.4407991169876841
union island possible,0,3,1.4690112085555213e-05,6.205206167974932e-05,3,1.4407991169876841
unhappiness take quiz,3,0,5.876044834222085e-05,1.551301541993733e-05,3,-1.331789605252097
unavoidable consequence socialism,2,1,4.4070336256665636e-05,3.102603083987466e-05,3,-0.35096035224037064
typhoon soudelors predicted,0,3,1.4690112085555213e-05,6.205206167974932e-05,3,1.4407991169876841
two people taken,0,3,1.4690112085555213e-05,6.205206167974932e-05,3,1.4407991169876841
two people reportedly,0,3,1.4690112085555213e-05,6.205206167974932e-05,3,1.4407991169876841
two dangerous weapon,3,0,5.876044834222085e-05,1.551301541993733e-05,3,-1.331789605252097
enter world extreme,3,0,5.876044834222085e-05,1.551301541993733e-05,3,-1.331789605252097
emergency service full,3,0,5.876044834222085e-05,1.551301541993733e-05,3,-1.331789605252097
tv company share,3,0,5.876044834222085e-05,1.551301541993733e-05,3,-1.331789605252097
turbine hurricane bluetooth,3,0,5.876044834222085e-05,1.551301541993733e-05,3,-1.331789605252097
tube strike live,0,3,1.4690112085555213e-05,6.205206167974932e-05,3,1.4407991169876841
try raid phoenix,1,2,2.9380224171110426e-05,4.653904625981198e-05,3,0.459969863975958
amsterdam airport schiphol,0,3,1.4690112085555213e-05,6.205206167974932e-05,3,1.4407991169876841
america plaguing farrakhan,2,1,4.4070336256665636e-05,3.102603083987466e-05,3,-0.35096035224037064
trs tdp bjp,0,3,1.4690112085555213e-05,6.205206167974932e-05,3,1.4407991169876841
tropical cyclone warning,0,3,1.4690112085555213e-05,6.205206167974932e-05,3,1.4407991169876841
triggered structural failure,0,3,1.4690112085555213e-05,6.205206167974932e-05,3,1.4407991169876841
trfc collision enrt,0,3,1.4690112085555213e-05,6.205206167974932e-05,3,1.4407991169876841
trent bridge twitter,1,2,2.9380224171110426e-05,4.653904625981198e-05,3,0.459969863975958
travel update london,0,3,1.4690112085555213e-05,6.205206167974932e-05,3,1.4407991169876841
travel guide ebay,3,0,5.876044834222085e-05,1.551301541993733e-05,3,-1.331789605252097
travel guide denmark,3,0,5.876044834222085e-05,1.551301541993733e-05,3,-1.331789605252097
feed syrian refugee,3,0,5.876044834222085e-05,1.551301541993733e-05,3,-1.331789605252097
fedex stop shipping,0,3,1.4690112085555213e-05,6.205206167974932e-05,3,1.4407991169876841
faux leather fashion,3,0,5.876044834222085e-05,1.551301541993733e-05,3,-1.331789605252097
fatality captain falcon,3,0,5.876044834222085e-05,1.551301541993733e-05,3,-1.331789605252097
fashionable mountaineering electronic,2,1,4.4070336256665636e-05,3.102603083987466e-05,3,-0.35096035224037064
fashion purse full,3,0,5.876044834222085e-05,1.551301541993733e-05,3,-1.331789605252097
entire pond lowndes,0,3,1.4690112085555213e-05,6.205206167974932e-05,3,1.4407991169876841
transport research specimen,2,1,4.4070336256665636e-05,3.102603083987466e-05,3,-0.35096035224037064
transfer move southampton,1,2,2.9380224171110426e-05,4.653904625981198e-05,3,0.459969863975958
train derail madhya,0,3,1.4690112085555213e-05,6.205206167974932e-05,3,1.4407991169876841
train derail downtown,0,3,1.4690112085555213e-05,6.205206167974932e-05,3,1.4407991169876841
another white mass,0,3,1.4690112085555213e-05,6.205206167974932e-05,3,1.4407991169876841
animal rescue new,3,0,5.876044834222085e-05,1.551301541993733e-05,3,-1.331789605252097
angry woman openly,2,1,4.4070336256665636e-05,3.102603083987466e-05,3,-0.35096035224037064
angry internally displaced,2,1,4.4070336256665636e-05,3.102603083987466e-05,3,-0.35096035224037064
tracking looping wedaug,0,3,1.4690112085555213e-05,6.205206167974932e-05,3,1.4407991169876841
finally demolished spring,3,0,5.876044834222085e-05,1.551301541993733e-05,3,-1.331789605252097
fight wild fire,0,3,1.4690112085555213e-05,6.205206167974932e-05,3,1.4407991169876841
fight nuclear industry,0,3,1.4690112085555213e-05,6.205206167974932e-05,3,1.4407991169876841
fifth harmkid ink,2,1,4.4070336256665636e-05,3.102603083987466e-05,3,-0.35096035224037064
fennovoima nuclear reactor,2,1,4.4070336256665636e-05,3.102603083987466e-05,3,-0.35096035224037064
feel engulfed low,3,0,5.876044834222085e-05,1.551301541993733e-05,3,-1.331789605252097
feeding syrian refugee,3,0,5.876044834222085e-05,1.551301541993733e-05,3,-1.331789605252097
tote shoulder bag,3,0,5.876044834222085e-05,1.551301541993733e-05,3,-1.331789605252097
tote handbag woman,3,0,5.876044834222085e-05,1.551301541993733e-05,3,-1.331789605252097
tornado warning end,0,3,1.4690112085555213e-05,6.205206167974932e-05,3,1.4407991169876841
tornado flood bringing,2,1,4.4070336256665636e-05,3.102603083987466e-05,3,-0.35096035224037064
tool black baseball,3,0,5.876044834222085e-05,1.551301541993733e-05,3,-1.331789605252097
tongue two dangerous,3,0,5.876044834222085e-05,1.551301541993733e-05,3,-1.331789605252097
told keep animal,2,1,4.4070336256665636e-05,3.102603083987466e-05,3,-0.35096035224037064
together memorial planned,2,1,4.4070336256665636e-05,3.102603083987466e-05,3,-0.35096035224037064
toddler rare epilepsy,2,1,4.4070336256665636e-05,3.102603083987466e-05,3,-0.35096035224037064
finnish minister fennovoima,2,1,4.4070336256665636e-05,3.102603083987466e-05,3,-0.35096035224037064
combined lead person,3,0,5.876044834222085e-05,1.551301541993733e-05,3,-1.331789605252097
colluded take wht,0,3,1.4690112085555213e-05,6.205206167974932e-05,3,1.4407991169876841
collision rear technology,3,0,5.876044834222085e-05,1.551301541993733e-05,3,-1.331789605252097
collapsed told keep,2,1,4.4070336256665636e-05,3.102603083987466e-05,3,-0.35096035224037064
day feeding syrian,3,0,5.876044834222085e-05,1.551301541993733e-05,3,-1.331789605252097
day bug fully,3,0,5.876044834222085e-05,1.551301541993733e-05,3,-1.331789605252097
dangerous weapon combined,3,0,5.876044834222085e-05,1.551301541993733e-05,3,-1.331789605252097
danger zone coming,3,0,5.876044834222085e-05,1.551301541993733e-05,3,-1.331789605252097
thunderstorm warning issued,0,3,1.4690112085555213e-05,6.205206167974932e-05,3,1.4407991169876841
three rome reuters,0,3,1.4690112085555213e-05,6.205206167974932e-05,3,1.4407991169876841
three israeli soldier,0,3,1.4690112085555213e-05,6.205206167974932e-05,3,1.4407991169876841
threatens kill croat,0,3,1.4690112085555213e-05,6.205206167974932e-05,3,1.4407991169876841
thinking would last,2,1,4.4070336256665636e-05,3.102603083987466e-05,3,-0.35096035224037064
theater attack gun,0,3,1.4690112085555213e-05,6.205206167974932e-05,3,1.4407991169876841
fire rage forest,0,3,1.4690112085555213e-05,6.205206167974932e-05,3,1.4407991169876841
fire pisgah national,0,3,1.4690112085555213e-05,6.205206167974932e-05,3,1.4407991169876841
fire hazard associated,2,1,4.4070336256665636e-05,3.102603083987466e-05,3,-0.35096035224037064
apocalypse wither mod,3,0,5.876044834222085e-05,1.551301541993733e-05,3,-1.331789605252097
apc pdp plan,2,1,4.4070336256665636e-05,3.102603083987466e-05,3,-0.35096035224037064
ap nri news,0,3,1.4690112085555213e-05,6.205206167974932e-05,3,1.4407991169876841
aoms ibooklove bookboost,1,2,2.9380224171110426e-05,4.653904625981198e-05,3,0.459969863975958
terrorist suicide bombing,0,3,1.4690112085555213e-05,6.205206167974932e-05,3,1.4407991169876841
terrorism africa ap,0,3,1.4690112085555213e-05,6.205206167974932e-05,3,1.4407991169876841
temper loose tongue,3,0,5.876044834222085e-05,1.551301541993733e-05,3,-1.331789605252097
taxiway foxtrot foxtrot,3,0,5.876044834222085e-05,1.551301541993733e-05,3,-1.331789605252097
tax revenue collapse,0,3,1.4690112085555213e-05,6.205206167974932e-05,3,1.4407991169876841
targeting minority woman,2,1,4.4070336256665636e-05,3.102603083987466e-05,3,-0.35096035224037064
target virgil van,1,2,2.9380224171110426e-05,4.653904625981198e-05,3,0.459969863975958
take wht auth,0,3,1.4690112085555213e-05,6.205206167974932e-05,3,1.4407991169876841
take eight joe,3,0,5.876044834222085e-05,1.551301541993733e-05,3,-1.331789605252097
flight mh confirmed,0,3,1.4690112085555213e-05,6.205206167974932e-05,3,1.4407991169876841
first wife charged,2,1,4.4070336256665636e-05,3.102603083987466e-05,3,-0.35096035224037064
swansea plot hijack,1,2,2.9380224171110426e-05,4.653904625981198e-05,3,0.459969863975958
swallow entire pond,0,3,1.4690112085555213e-05,6.205206167974932e-05,3,1.4407991169876841
sw fatality captain,3,0,5.876044834222085e-05,1.551301541993733e-05,3,-1.331789605252097
suspected militant tonight,0,3,1.4690112085555213e-05,6.205206167974932e-05,3,1.4407991169876841
survivor fight nuclear,0,3,1.4690112085555213e-05,6.205206167974932e-05,3,1.4407991169876841
army navy military,3,0,5.876044834222085e-05,1.551301541993733e-05,3,-1.331789605252097
army helicopter crashed,0,3,1.4690112085555213e-05,6.205206167974932e-05,3,1.4407991169876841
area tornado warning,0,3,1.4690112085555213e-05,6.205206167974932e-05,3,1.4407991169876841
approach taiwan expected,0,3,1.4690112085555213e-05,6.205206167974932e-05,3,1.4407991169876841
surah humaza reflect,2,1,4.4070336256665636e-05,3.102603083987466e-05,3,-0.35096035224037064
superhero toddler rare,2,1,4.4070336256665636e-05,3.102603083987466e-05,3,-0.35096035224037064
summer sparked interest,2,1,4.4070336256665636e-05,3.102603083987466e-05,3,-0.35096035224037064
suicide bombing egged,0,3,1.4690112085555213e-05,6.205206167974932e-05,3,1.4407991169876841
stylish shoulder handbag,3,0,5.876044834222085e-05,1.551301541993733e-05,3,-1.331789605252097
flood bringing climate,2,1,4.4070336256665636e-05,3.102603083987466e-05,3,-0.35096035224037064
copilot unlocked braking,0,3,1.4690112085555213e-05,6.205206167974932e-05,3,1.4407991169876841
cop pull drunk,0,3,1.4690112085555213e-05,6.205206167974932e-05,3,1.4407991169876841
embroidered logo flame,3,0,5.876044834222085e-05,1.551301541993733e-05,3,-1.331789605252097
stuart broad take,3,0,5.876044834222085e-05,1.551301541993733e-05,3,-1.331789605252097
structural failure resulted,0,3,1.4690112085555213e-05,6.205206167974932e-05,3,1.4407991169876841
strong thunderstorm mile,0,3,1.4690112085555213e-05,6.205206167974932e-05,3,1.4407991169876841
strike live latest,0,3,1.4690112085555213e-05,6.205206167974932e-05,3,1.4407991169876841
stretcher min speaker,3,0,5.876044834222085e-05,1.551301541993733e-05,3,-1.331789605252097
stranded smoky mountain,1,2,2.9380224171110426e-05,4.653904625981198e-05,3,0.459969863975958
story volga river,3,0,5.876044834222085e-05,1.551301541993733e-05,3,-1.331789605252097
storm larger entire,3,0,5.876044834222085e-05,1.551301541993733e-05,3,-1.331789605252097
stop shipping potential,0,3,1.4690112085555213e-05,6.205206167974932e-05,3,1.4407991169876841
stop deadly outbreak,0,3,1.4690112085555213e-05,6.205206167974932e-05,3,1.4407991169876841
associated installation noncompliant,2,1,4.4070336256665636e-05,3.102603083987466e-05,3,-0.35096035224037064
collapse huge chunk,0,3,1.4690112085555213e-05,6.205206167974932e-05,3,1.4407991169876841
collapse debt crisis,0,3,1.4690112085555213e-05,6.205206167974932e-05,3,1.4407991169876841
coach devastated hear,0,3,1.4690112085555213e-05,6.205206167974932e-05,3,1.4407991169876841
fnet official alabama,0,3,1.4690112085555213e-05,6.205206167974932e-05,3,1.4407991169876841
floyds hand injury,3,0,5.876044834222085e-05,1.551301541993733e-05,3,-1.331789605252097
flooding kill displace,0,3,1.4690112085555213e-05,6.205206167974932e-05,3,1.4407991169876841
flood derail two,0,3,1.4690112085555213e-05,6.205206167974932e-05,3,1.4407991169876841
crash early unlocking,0,3,1.4690112085555213e-05,6.205206167974932e-05,3,1.4407991169876841
death second pregnant,2,1,4.4070336256665636e-05,3.102603083987466e-05,3,-0.35096035224037064
death second driver,0,3,1.4690112085555213e-05,6.205206167974932e-05,3,1.4407991169876841
dead suicide bomber,0,3,1.4690112085555213e-05,6.205206167974932e-05,3,1.4407991169876841
arrested enugu photo,0,3,1.4690112085555213e-05,6.205206167974932e-05,3,1.4407991169876841
still hasnt sunk,3,0,5.876044834222085e-05,1.551301541993733e-05,3,-1.331789605252097
stereo headphone headset,3,0,5.876044834222085e-05,1.551301541993733e-05,3,-1.331789605252097
stealing relief material,2,1,4.4070336256665636e-05,3.102603083987466e-05,3,-0.35096035224037064
state hasnt hit,0,3,1.4690112085555213e-05,6.205206167974932e-05,3,1.4407991169876841
forever description people,2,1,4.4070336256665636e-05,3.102603083987466e-05,3,-0.35096035224037064
forest service sound,0,3,1.4690112085555213e-05,6.205206167974932e-05,3,1.4407991169876841
forest grows acre,0,3,1.4690112085555213e-05,6.205206167974932e-05,3,1.4407991169876841
foot sinkhole open,0,3,1.4690112085555213e-05,6.205206167974932e-05,3,1.4407991169876841
foodscare offer go,1,2,2.9380224171110426e-05,4.653904625981198e-05,3,0.459969863975958
state group egypt,0,3,1.4690112085555213e-05,6.205206167974932e-05,3,1.4407991169876841
start forest fire,1,2,2.9380224171110426e-05,4.653904625981198e-05,3,0.459969863975958
stand voice gilbert,2,1,4.4070336256665636e-05,3.102603083987466e-05,3,-0.35096035224037064
spring property sat,3,0,5.876044834222085e-05,1.551301541993733e-05,3,-1.331789605252097
spot violent storm,3,0,5.876044834222085e-05,1.551301541993733e-05,3,-1.331789605252097
attack gun grabber,0,3,1.4690112085555213e-05,6.205206167974932e-05,3,1.4407991169876841
atomic bombing hiroshima,0,3,1.4690112085555213e-05,6.205206167974932e-05,3,1.4407991169876841
sparked interest bargain,2,1,4.4070336256665636e-05,3.102603083987466e-05,3,-0.35096035224037064
southampton target virgil,1,2,2.9380224171110426e-05,4.653904625981198e-05,3,0.459969863975958
soudelors predicted path,0,3,1.4690112085555213e-05,6.205206167974932e-05,3,1.4407991169876841
soldier wounded west,0,3,1.4690112085555213e-05,6.205206167974932e-05,3,1.4407991169876841
socialism everywhere tried,2,1,4.4070336256665636e-05,3.102603083987466e-05,3,-0.35096035224037064
snowstorm aoms ibooklove,1,2,2.9380224171110426e-05,4.653904625981198e-05,3,0.459969863975958
snap tool black,3,0,5.876044834222085e-05,1.551301541993733e-05,3,-1.331789605252097
smoky mountain snowstorm,1,2,2.9380224171110426e-05,4.653904625981198e-05,3,0.459969863975958
slip loss magginoodle,1,2,2.9380224171110426e-05,4.653904625981198e-05,3,0.459969863975958
skinny jean hazardous,0,3,1.4690112085555213e-05,6.205206167974932e-05,3,1.4407991169876841
fully patched come,3,0,5.876044834222085e-05,1.551301541993733e-05,3,-1.331789605252097
frontpage bioterror lab,1,2,2.9380224171110426e-05,4.653904625981198e-05,3,0.459969863975958
foxtrot foxtrot navbl,3,0,5.876044834222085e-05,1.551301541993733e-05,3,-1.331789605252097
sinking unhappiness take,3,0,5.876044834222085e-05,1.551301541993733e-05,3,-1.331789605252097
sinkhole swallow entire,0,3,1.4690112085555213e-05,6.205206167974932e-05,3,1.4407991169876841
sinkhole open lowndes,0,3,1.4690112085555213e-05,6.205206167974932e-05,3,1.4407991169876841
since forecast dallas,0,3,1.4690112085555213e-05,6.205206167974932e-05,3,1.4407991169876841
silvergray embroidered logo,3,0,5.876044834222085e-05,1.551301541993733e-05,3,-1.331789605252097
shut electrical circuit,0,3,1.4690112085555213e-05,6.205206167974932e-05,3,1.4407991169876841
galactic crash early,0,3,1.4690112085555213e-05,6.205206167974932e-05,3,1.4407991169876841
auction keep eye,3,0,5.876044834222085e-05,1.551301541993733e-05,3,-1.331789605252097
shouldnt devalue fantasy,3,0,5.876044834222085e-05,1.551301541993733e-05,3,-1.331789605252097
shoulder handbag pocket,3,0,5.876044834222085e-05,1.551301541993733e-05,3,-1.331789605252097
shot richmond police,0,3,1.4690112085555213e-05,6.205206167974932e-05,3,1.4407991169876841
debt crisis continues,0,3,1.4690112085555213e-05,6.205206167974932e-05,3,1.4407991169876841
debris missing mh,0,3,1.4690112085555213e-05,6.205206167974932e-05,3,1.4407991169876841
crashed near mansehra,0,3,1.4690112085555213e-05,6.205206167974932e-05,3,1.4407991169876841
crash train derail,0,3,1.4690112085555213e-05,6.205206167974932e-05,3,1.4407991169876841
shipping potential bioterror,0,3,1.4690112085555213e-05,6.205206167974932e-05,3,1.4407991169876841
ship potential bioterror,2,1,4.4070336256665636e-05,3.102603083987466e-05,3,-0.35096035224037064
sharp rise woman,0,3,1.4690112085555213e-05,6.205206167974932e-05,3,1.4407991169876841
shared link animalrescue,3,0,5.876044834222085e-05,1.551301541993733e-05,3,-1.331789605252097
share crushed disney,3,0,5.876044834222085e-05,1.551301541993733e-05,3,-1.331789605252097
severe weather statement,0,3,1.4690112085555213e-05,6.205206167974932e-05,3,1.4407991169876841
severe weather bulletin,0,3,1.4690112085555213e-05,6.205206167974932e-05,3,1.4407991169876841
service sound alarm,0,3,1.4690112085555213e-05,6.205206167974932e-05,3,1.4407991169876841
service full time,3,0,5.876044834222085e-05,1.551301541993733e-05,3,-1.331789605252097
service center hiring,3,0,5.876044834222085e-05,1.551301541993733e-05,3,-1.331789605252097
climate change god,2,1,4.4070336256665636e-05,3.102603083987466e-05,3,-0.35096035224037064
cliff collapse huge,0,3,1.4690112085555213e-05,6.205206167974932e-05,3,1.4407991169876841
clearedincident injuryi inner,1,2,2.9380224171110426e-05,4.653904625981198e-05,3,0.459969863975958
serial arsonist arrested,0,3,1.4690112085555213e-05,6.205206167974932e-05,3,1.4407991169876841
sensorsenso standard fit,3,0,5.876044834222085e-05,1.551301541993733e-05,3,-1.331789605252097
selfies wont believe,3,0,5.876044834222085e-05,1.551301541993733e-05,3,-1.331789605252097
seismic intensity jst,0,3,1.4690112085555213e-05,6.205206167974932e-05,3,1.4407991169876841
secret sanction rickperry,1,2,2.9380224171110426e-05,4.653904625981198e-05,3,0.459969863975958
second pregnant wife,2,1,4.4070336256665636e-05,3.102603083987466e-05,3,-0.35096035224037064
second driver mr,0,3,1.4690112085555213e-05,6.205206167974932e-05,3,1.4407991169876841
second car hit,0,3,1.4690112085555213e-05,6.205206167974932e-05,3,1.4407991169876841
bag faux leather,3,0,5.876044834222085e-05,1.551301541993733e-05,3,-1.331789605252097
averted police kill,1,2,2.9380224171110426e-05,4.653904625981198e-05,3,0.459969863975958
auth hostage make,0,3,1.4690112085555213e-05,6.205206167974932e-05,3,1.4407991169876841
god america plaguing,2,1,4.4070336256665636e-05,3.102603083987466e-05,3,-0.35096035224037064
go nestleindia slip,1,2,2.9380224171110426e-05,4.653904625981198e-05,3,0.459969863975958
girl country hunk,1,2,2.9380224171110426e-05,4.653904625981198e-05,3,0.459969863975958
science piece wreckage,0,3,1.4690112085555213e-05,6.205206167974932e-05,3,1.4407991169876841
say quarantine place,0,3,1.4690112085555213e-05,6.205206167974932e-05,3,1.4407991169876841
saved passenger life,0,3,1.4690112085555213e-05,6.205206167974932e-05,3,1.4407991169876841
saudi mosque saudi,0,3,1.4690112085555213e-05,6.205206167974932e-05,3,1.4407991169876841
saudi arabian mosque,0,3,1.4690112085555213e-05,6.205206167974932e-05,3,1.4407991169876841
sat vacant since,3,0,5.876044834222085e-05,1.551301541993733e-05,3,-1.331789605252097
sassy city girl,1,2,2.9380224171110426e-05,4.653904625981198e-05,3,0.459969863975958
sarah palin obliterate,2,1,4.4070336256665636e-05,3.102603083987466e-05,3,-0.35096035224037064
sanction rickperry doesnt,1,2,2.9380224171110426e-05,4.653904625981198e-05,3,0.459969863975958
safety second car,0,3,1.4690112085555213e-05,6.205206167974932e-05,3,1.4407991169876841
run riot aussie,3,0,5.876044834222085e-05,1.551301541993733e-05,3,-1.331789605252097
rule catastrophic structural,0,3,1.4690112085555213e-05,6.205206167974932e-05,3,1.4407991169876841
root run riot,3,0,5.876044834222085e-05,1.551301541993733e-05,3,-1.331789605252097
baseball hatcap silvergray,3,0,5.876044834222085e-05,1.551301541993733e-05,3,-1.331789605252097
group egypt threatens,0,3,1.4690112085555213e-05,6.205206167974932e-05,3,1.4407991169876841
greece tax revenue,0,3,1.4690112085555213e-05,6.205206167974932e-05,3,1.4407991169876841
grabber demand hatchet,0,3,1.4690112085555213e-05,6.205206167974932e-05,3,1.4407991169876841
bank terrorist attack,0,3,1.4690112085555213e-05,6.205206167974932e-05,3,1.4407991169876841
derail two train,0,3,1.4690112085555213e-05,6.205206167974932e-05,3,1.4407991169876841
derail downtown dc,0,3,1.4690112085555213e-05,6.205206167974932e-05,3,1.4407991169876841
depth km maximum,0,3,1.4690112085555213e-05,6.205206167974932e-05,3,1.4407991169876841
denmark travel guide,3,0,5.876044834222085e-05,1.551301541993733e-05,3,-1.331789605252097
demolished spring property,3,0,5.876044834222085e-05,1.551301541993733e-05,3,-1.331789605252097
demand hatchet control,0,3,1.4690112085555213e-05,6.205206167974932e-05,3,1.4407991169876841
deluged low selfimage,2,1,4.4070336256665636e-05,3.102603083987466e-05,3,-0.35096035224037064
band together memorial,2,1,4.4070336256665636e-05,3.102603083987466e-05,3,-0.35096035224037064
ban unsafe hazardous,1,2,2.9380224171110426e-05,4.653904625981198e-05,3,0.459969863975958
rome reuters three,0,3,1.4690112085555213e-05,6.205206167974932e-05,3,1.4407991169876841
rockin preview danger,3,0,5.876044834222085e-05,1.551301541993733e-05,3,-1.331789605252097
rock atomic level,1,2,2.9380224171110426e-05,4.653904625981198e-05,3,0.459969863975958
gunfire richmond police,0,3,1.4690112085555213e-05,6.205206167974932e-05,3,1.4407991169876841
gun grabber demand,0,3,1.4690112085555213e-05,6.205206167974932e-05,3,1.4407991169876841
guillermo live noaa,0,3,1.4690112085555213e-05,6.205206167974932e-05,3,1.4407991169876841
guided pilot hiroshima,0,3,1.4690112085555213e-05,6.205206167974932e-05,3,1.4407991169876841
guide ebay auction,3,0,5.876044834222085e-05,1.551301541993733e-05,3,-1.331789605252097
guide denmark travel,3,0,5.876044834222085e-05,1.551301541993733e-05,3,-1.331789605252097
grows document released,0,3,1.4690112085555213e-05,6.205206167974932e-05,3,1.4407991169876841
group villager saved,0,3,1.4690112085555213e-05,6.205206167974932e-05,3,1.4407991169876841
group suicide bomber,0,3,1.4690112085555213e-05,6.205206167974932e-05,3,1.4407991169876841
rising wildfire cost,0,3,1.4690112085555213e-05,6.205206167974932e-05,3,1.4407991169876841
rise woman child,0,3,1.4690112085555213e-05,6.205206167974932e-05,3,1.4407991169876841
rickperry doesnt make,1,2,2.9380224171110426e-05,4.653904625981198e-05,3,0.459969863975958
richmond coach devastated,0,3,1.4690112085555213e-05,6.205206167974932e-05,3,1.4407991169876841
revenue collapse debt,0,3,1.4690112085555213e-05,6.205206167974932e-05,3,1.4407991169876841
reuters three people,0,3,1.4690112085555213e-05,6.205206167974932e-05,3,1.4407991169876841
reunion island flight,0,3,1.4690112085555213e-05,6.205206167974932e-05,3,1.4407991169876841
return prison like,0,3,1.4690112085555213e-05,6.205206167974932e-05,3,1.4407991169876841
restricted multiplayer crackdown,3,0,5.876044834222085e-05,1.551301541993733e-05,3,-1.331789605252097
gunman hoax device,1,2,2.9380224171110426e-05,4.653904625981198e-05,3,0.459969863975958
electronic watch waterresistant,2,1,4.4070336256665636e-05,3.102603083987466e-05,3,-0.35096035224037064
electrical circuit failure,0,3,1.4690112085555213e-05,6.205206167974932e-05,3,1.4407991169876841
eight joe root,3,0,5.876044834222085e-05,1.551301541993733e-05,3,-1.331789605252097
egypt threatens kill,0,3,1.4690112085555213e-05,6.205206167974932e-05,3,1.4407991169876841
egged bus no,0,3,1.4690112085555213e-05,6.205206167974932e-05,3,1.4407991169876841
reshapes rock atomic,1,2,2.9380224171110426e-05,4.653904625981198e-05,3,0.459969863975958
bbc news india,0,3,1.4690112085555213e-05,6.205206167974932e-05,3,1.4407991169876841
battlefield hardline new,3,0,5.876044834222085e-05,1.551301541993733e-05,3,-1.331789605252097
rescue new post,3,0,5.876044834222085e-05,1.551301541993733e-05,3,-1.331789605252097
relief material meant,2,1,4.4070336256665636e-05,3.102603083987466e-05,3,-0.35096035224037064
red spot violent,3,0,5.876044834222085e-05,1.551301541993733e-05,3,-1.331789605252097
recognize hazardous waste,1,2,2.9380224171110426e-05,4.653904625981198e-05,3,0.459969863975958
handbag woman cross,3,0,5.876044834222085e-05,1.551301541993733e-05,3,-1.331789605252097
handbag pocket cross,3,0,5.876044834222085e-05,1.551301541993733e-05,3,-1.331789605252097
hand injury shouldnt,3,0,5.876044834222085e-05,1.551301541993733e-05,3,-1.331789605252097
hamas terrorist suicide,0,3,1.4690112085555213e-05,6.205206167974932e-05,3,1.4407991169876841
hail wind gust,0,3,1.4690112085555213e-05,6.205206167974932e-05,3,1.4407991169876841
hail mph wind,0,3,1.4690112085555213e-05,6.205206167974932e-05,3,1.4407991169876841
beware temper loose,3,0,5.876044834222085e-05,1.551301541993733e-05,3,-1.331789605252097
believe whats brooklyn,3,0,5.876044834222085e-05,1.551301541993733e-05,3,-1.331789605252097
rear technology cool,3,0,5.876044834222085e-05,1.551301541993733e-05,3,-1.331789605252097
read latest job,3,0,5.876044834222085e-05,1.551301541993733e-05,3,-1.331789605252097
reactor shut electrical,0,3,1.4690112085555213e-05,6.205206167974932e-05,3,1.4407991169876841
reactor go ahead,2,1,4.4070336256665636e-05,3.102603083987466e-05,3,-0.35096035224037064
rail crash train,0,3,1.4690112085555213e-05,6.205206167974932e-05,3,1.4407991169876841
raid phoenix police,1,2,2.9380224171110426e-05,4.653904625981198e-05,3,0.459969863975958
rage forest service,0,3,1.4690112085555213e-05,6.205206167974932e-05,3,1.4407991169876841
pull drunk driver,0,3,1.4690112085555213e-05,6.205206167974932e-05,3,1.4407991169876841
city girl country,1,2,2.9380224171110426e-05,4.653904625981198e-05,3,0.459969863975958
city calgary activates,0,3,1.4690112085555213e-05,6.205206167974932e-05,3,1.4407991169876841
circuit failure pump,0,3,1.4690112085555213e-05,6.205206167974932e-05,3,1.4407991169876841
chunk rock fall,0,3,1.4690112085555213e-05,6.205206167974932e-05,3,1.4407991169876841
harmkid ink listen,2,1,4.4070336256665636e-05,3.102603083987466e-05,3,-0.35096035224037064
hardline new weapon,3,0,5.876044834222085e-05,1.551301541993733e-05,3,-1.331789605252097
property sat vacant,3,0,5.876044834222085e-05,1.551301541993733e-05,3,-1.331789605252097
projected plain american,0,3,1.4690112085555213e-05,6.205206167974932e-05,3,1.4407991169876841
prison like condition,0,3,1.4690112085555213e-05,6.205206167974932e-05,3,1.4407991169876841
black baseball hatcap,3,0,5.876044834222085e-05,1.551301541993733e-05,3,-1.331789605252097
bioterror pathogen wake,2,1,4.4070336256665636e-05,3.102603083987466e-05,3,-0.35096035224037064
bioterror lab faced,1,2,2.9380224171110426e-05,4.653904625981198e-05,3,0.459969863975958
bigger projected plain,0,3,1.4690112085555213e-05,6.205206167974932e-05,3,1.4407991169876841
bigamist first wife,2,1,4.4070336256665636e-05,3.102603083987466e-05,3,-0.35096035224037064
preview danger zone,3,0,5.876044834222085e-05,1.551301541993733e-05,3,-1.331789605252097
pres recognize hazardous,1,2,2.9380224171110426e-05,4.653904625981198e-05,3,0.459969863975958
pregnant wife child,2,1,4.4070336256665636e-05,3.102603083987466e-05,3,-0.35096035224037064
predicted path approach,0,3,1.4690112085555213e-05,6.205206167974932e-05,3,1.4407991169876841
hazardous health socialnews,0,3,1.4690112085555213e-05,6.205206167974932e-05,3,1.4407991169876841
hazard associated installation,2,1,4.4070336256665636e-05,3.102603083987466e-05,3,-0.35096035224037064
hatcap silvergray embroidered,3,0,5.876044834222085e-05,1.551301541993733e-05,3,-1.331789605252097
hasnt hit major,0,3,1.4690112085555213e-05,6.205206167974932e-05,3,1.4407991169876841
detonation sensor connectorconnecto,3,0,5.876044834222085e-05,1.551301541993733e-05,3,-1.331789605252097
detonation fashionable mountaineering,2,1,4.4070336256665636e-05,3.102603083987466e-05,3,-0.35096035224037064
destruction restricted multiplayer,3,0,5.876044834222085e-05,1.551301541993733e-05,3,-1.331789605252097
destroys home crew,0,3,1.4690112085555213e-05,6.205206167974932e-05,3,1.4407991169876841
destroyed kaduna two,0,3,1.4690112085555213e-05,6.205206167974932e-05,3,1.4407991169876841
description people hellfire,2,1,4.4070336256665636e-05,3.102603083987466e-05,3,-0.35096035224037064
describes piling wealth,2,1,4.4070336256665636e-05,3.102603083987466e-05,3,-0.35096035224037064
derailment natural calamity,0,3,1.4690112085555213e-05,6.205206167974932e-05,3,1.4407991169876841
pradesh flash flood,0,3,1.4690112085555213e-05,6.205206167974932e-05,3,1.4407991169876841
pov video capture,0,3,1.4690112085555213e-05,6.205206167974932e-05,3,1.4407991169876841
bluetooth wireless stereo,3,0,5.876044834222085e-05,1.551301541993733e-05,3,-1.331789605252097
bluedio turbine hurricane,3,0,5.876044834222085e-05,1.551301541993733e-05,3,-1.331789605252097
blks whts colluded,0,3,1.4690112085555213e-05,6.205206167974932e-05,3,1.4407991169876841
blk wbioterrorismuse lglorg,0,3,1.4690112085555213e-05,6.205206167974932e-05,3,1.4407991169876841
heat since forecast,0,3,1.4690112085555213e-05,6.205206167974932e-05,3,1.4407991169876841
heartless owner whipped,2,1,4.4070336256665636e-05,3.102603083987466e-05,3,-0.35096035224037064
hear death second,0,3,1.4690112085555213e-05,6.205206167974932e-05,3,1.4407991169876841
headset blk full,3,0,5.876044834222085e-05,1.551301541993733e-05,3,-1.331789605252097
headphone headset blk,3,0,5.876044834222085e-05,1.551301541993733e-05,3,-1.331789605252097
blast power red,3,0,5.876044834222085e-05,1.551301541993733e-05,3,-1.331789605252097
pop quiz prefer,3,0,5.876044834222085e-05,1.551301541993733e-05,3,-1.331789605252097
pond lowndes county,0,3,1.4690112085555213e-05,6.205206167974932e-05,3,1.4407991169876841
police post udhampur,0,3,1.4690112085555213e-05,6.205206167974932e-05,3,1.4407991169876841
police chief home,1,2,2.9380224171110426e-05,4.653904625981198e-05,3,0.459969863975958
pocket cross body,3,0,5.876044834222085e-05,1.551301541993733e-05,3,-1.331789605252097
plot hijack transfer,1,2,2.9380224171110426e-05,4.653904625981198e-05,3,0.459969863975958
hijack transfer move,1,2,2.9380224171110426e-05,4.653904625981198e-05,3,0.459969863975958
hellfire surah humaza,2,1,4.4070336256665636e-05,3.102603083987466e-05,3,-0.35096035224037064
please favorite share,3,0,5.876044834222085e-05,1.551301541993733e-05,3,-1.331789605252097
playlist panic disco,3,0,5.876044834222085e-05,1.551301541993733e-05,3,-1.331789605252097
playing worth fifth,2,1,4.4070336256665636e-05,3.102603083987466e-05,3,-0.35096035224037064
planned parenthood targeting,2,1,4.4070336256665636e-05,3.102603083987466e-05,3,-0.35096035224037064
plaguing farrakhan quote,2,1,4.4070336256665636e-05,3.102603083987466e-05,3,-0.35096035224037064
body bag faux,3,0,5.876044834222085e-05,1.551301541993733e-05,3,-1.331789605252097
pisgah national forest,0,3,1.4690112085555213e-05,6.205206167974932e-05,3,1.4407991169876841
pilot hiroshima bombing,0,3,1.4690112085555213e-05,6.205206167974932e-05,3,1.4407991169876841
couple leisure tab,2,1,4.4070336256665636e-05,3.102603083987466e-05,3,-0.35096035224037064
county residential area,0,3,1.4690112085555213e-05,6.205206167974932e-05,3,1.4407991169876841
country hunk stranded,1,2,2.9380224171110426e-05,4.653904625981198e-05,3,0.459969863975958
devastated hear death,0,3,1.4690112085555213e-05,6.205206167974932e-05,3,1.4407991169876841
devalue fantasy stock,3,0,5.876044834222085e-05,1.551301541993733e-05,3,-1.331789605252097
piling wealth thinking,2,1,4.4070336256665636e-05,3.102603083987466e-05,3,-0.35096035224037064
piece wreckage flight,0,3,1.4690112085555213e-05,6.205206167974932e-05,3,1.4407991169876841
picked playing worth,2,1,4.4070336256665636e-05,3.102603083987466e-05,3,-0.35096035224037064
phoenix police chief,1,2,2.9380224171110426e-05,4.653904625981198e-05,3,0.459969863975958
hiroshima survivor fight,0,3,1.4690112085555213e-05,6.205206167974932e-05,3,1.4407991169876841
hiroshima bombing mission,0,3,1.4690112085555213e-05,6.205206167974932e-05,3,1.4407991169876841
hiring read latest,3,0,5.876044834222085e-05,1.551301541993733e-05,3,-1.331789605252097
hiring chemical dependency,3,0,5.876044834222085e-05,1.551301541993733e-05,3,-1.331789605252097
petition heartless owner,2,1,4.4070336256665636e-05,3.102603083987466e-05,3,-0.35096035224037064
person hellfire islam,3,0,5.876044834222085e-05,1.551301541993733e-05,3,-1.331789605252097
people taken local,0,3,1.4690112085555213e-05,6.205206167974932e-05,3,1.4407991169876841
people reportedly killed,0,3,1.4690112085555213e-05,6.205206167974932e-05,3,1.4407991169876841
people hellfire surah,2,1,4.4070336256665636e-05,3.102603083987466e-05,3,-0.35096035224037064
pdp plan former,2,1,4.4070336256665636e-05,3.102603083987466e-05,3,-0.35096035224037064
pathogen wake anthrax,2,1,4.4070336256665636e-05,3.102603083987466e-05,3,-0.35096035224037064
path approach taiwan,0,3,1.4690112085555213e-05,6.205206167974932e-05,3,1.4407991169876841
patched come active,3,0,5.876044834222085e-05,1.551301541993733e-05,3,-1.331789605252097
passenger life two,0,3,1.4690112085555213e-05,6.205206167974932e-05,3,1.4407991169876841
parker ridge wildfire,0,3,1.4690112085555213e-05,6.205206167974932e-05,3,1.4407991169876841
home crew advance,0,3,1.4690112085555213e-05,6.205206167974932e-05,3,1.4407991169876841
hoax device cinema,1,2,2.9380224171110426e-05,4.653904625981198e-05,3,0.459969863975958
check rockin preview,3,0,5.876044834222085e-05,1.551301541993733e-05,3,-1.331789605252097
hit major hurricane,0,3,1.4690112085555213e-05,6.205206167974932e-05,3,1.4407991169876841
parenthood targeting minority,2,1,4.4070336256665636e-05,3.102603083987466e-05,3,-0.35096035224037064
palin obliterate planned,2,1,4.4070336256665636e-05,3.102603083987466e-05,3,-0.35096035224037064
pakistan supreme court,1,2,2.9380224171110426e-05,4.653904625981198e-05,3,0.459969863975958
owner whipped horse,2,1,4.4070336256665636e-05,3.102603083987466e-05,3,-0.35096035224037064
oper taxiway foxtrot,3,0,5.876044834222085e-05,1.551301541993733e-05,3,-1.331789605252097
openly accuses nema,2,1,4.4070336256665636e-05,3.102603083987466e-05,3,-0.35096035224037064
brake triggered structural,0,3,1.4690112085555213e-05,6.205206167974932e-05,3,1.4407991169876841
bounty hunter try,1,2,2.9380224171110426e-05,4.653904625981198e-05,3,0.459969863975958
bombing egged bus,0,3,1.4690112085555213e-05,6.205206167974932e-05,3,1.4407991169876841
open lowndes county,0,3,1.4690112085555213e-05,6.205206167974932e-05,3,1.4407991169876841
oops bounty hunter,1,2,2.9380224171110426e-05,4.653904625981198e-05,3,0.459969863975958
one million pakistan,0,3,1.4690112085555213e-05,6.205206167974932e-05,3,1.4407991169876841
olap world pres,1,2,2.9380224171110426e-05,4.653904625981198e-05,3,0.459969863975958
hostage make look,0,3,1.4690112085555213e-05,6.205206167974932e-05,3,1.4407991169876841
hostage libya india,0,3,1.4690112085555213e-05,6.205206167974932e-05,3,1.4407991169876841
horse collapsed told,2,1,4.4070336256665636e-05,3.102603083987466e-05,3,-0.35096035224037064
charged death second,2,1,4.4070336256665636e-05,3.102603083987466e-05,3,-0.35096035224037064
change god america,2,1,4.4070336256665636e-05,3.102603083987466e-05,3,-0.35096035224037064
chance sitting jam,0,3,1.4690112085555213e-05,6.205206167974932e-05,3,1.4407991169876841
chance animal rescue,3,0,5.876044834222085e-05,1.551301541993733e-05,3,-1.331789605252097
center hiring chemical,3,0,5.876044834222085e-05,1.551301541993733e-05,3,-1.331789605252097
officially exploded internet,2,1,4.4070336256665636e-05,3.102603083987466e-05,3,-0.35096035224037064
official say quarantine,0,3,1.4690112085555213e-05,6.205206167974932e-05,3,1.4407991169876841
offer go nestleindia,1,2,2.9380224171110426e-05,4.653904625981198e-05,3,0.459969863975958
nw severe thunderstorm,0,3,1.4690112085555213e-05,6.205206167974932e-05,3,1.4407991169876841
nursing job job,3,0,5.876044834222085e-05,1.551301541993733e-05,3,-1.331789605252097
nuclear reactor shut,0,3,1.4690112085555213e-05,6.205206167974932e-05,3,1.4407991169876841
nuclear reactor go,2,1,4.4070336256665636e-05,3.102603083987466e-05,3,-0.35096035224037064
nuclear industry brazil,0,3,1.4690112085555213e-05,6.205206167974932e-05,3,1.4407991169876841
ebay auction keep,3,0,5.876044834222085e-05,1.551301541993733e-05,3,-1.331789605252097
earthquake sismo km,0,3,1.4690112085555213e-05,6.205206167974932e-05,3,1.4407991169876841
earthquake km volcano,0,3,1.4690112085555213e-05,6.205206167974932e-05,3,1.4407991169876841
earthquake app information,0,3,1.4690112085555213e-05,6.205206167974932e-05,3,1.4407991169876841
bringing tornado flood,2,1,4.4070336256665636e-05,3.102603083987466e-05,3,-0.35096035224037064
bringing climate change,2,1,4.4070336256665636e-05,3.102603083987466e-05,3,-0.35096035224037064
nri news trs,0,3,1.4690112085555213e-05,6.205206167974932e-05,3,1.4407991169876841
not burning building,3,0,5.876044834222085e-05,1.551301541993733e-05,3,-1.331789605252097
noncompliant external cladding,2,1,4.4070336256665636e-05,3.102603083987466e-05,3,-0.35096035224037064
noaa tracking looping,0,3,1.4690112085555213e-05,6.205206167974932e-05,3,1.4407991169876841
no return prison,0,3,1.4690112085555213e-05,6.205206167974932e-05,3,1.4407991169876841
no news hostage,0,3,1.4690112085555213e-05,6.205206167974932e-05,3,1.4407991169876841
hurricane guillermo live,0,3,1.4690112085555213e-05,6.205206167974932e-05,3,1.4407991169876841
hurricane drought united,0,3,1.4690112085555213e-05,6.205206167974932e-05,3,1.4407991169876841
hurricane bluetooth wireless,3,0,5.876044834222085e-05,1.551301541993733e-05,3,-1.331789605252097
hunter try raid,1,2,2.9380224171110426e-05,4.653904625981198e-05,3,0.459969863975958
hunk stranded smoky,1,2,2.9380224171110426e-05,4.653904625981198e-05,3,0.459969863975958
huge chunk rock,0,3,1.4690112085555213e-05,6.205206167974932e-05,3,1.4407991169876841
no longer ship,2,1,4.4070336256665636e-05,3.102603083987466e-05,3,-0.35096035224037064
news trs tdp,0,3,1.4690112085555213e-05,6.205206167974932e-05,3,1.4407991169876841
news india rail,0,3,1.4690112085555213e-05,6.205206167974932e-05,3,1.4407991169876841
news hostage libya,0,3,1.4690112085555213e-05,6.205206167974932e-05,3,1.4407991169876841
new weapon new,3,0,5.876044834222085e-05,1.551301541993733e-05,3,-1.331789605252097
new snap tool,3,0,5.876044834222085e-05,1.551301541993733e-05,3,-1.331789605252097
new post animalrescue,3,0,5.876044834222085e-05,1.551301541993733e-05,3,-1.331789605252097
new map throwingknifes,3,0,5.876044834222085e-05,1.551301541993733e-05,3,-1.331789605252097
nestleindia slip loss,1,2,2.9380224171110426e-05,4.653904625981198e-05,3,0.459969863975958
nema stealing relief,2,1,4.4070336256665636e-05,3.102603083987466e-05,3,-0.35096035224037064
caused metro train,0,3,1.4690112085555213e-05,6.205206167974932e-05,3,1.4407991169876841
catastrophic structural failure,0,3,1.4690112085555213e-05,6.205206167974932e-05,3,1.4407991169876841
catastrophic eruption new,0,3,1.4690112085555213e-05,6.205206167974932e-05,3,1.4407991169876841
casualty calling ban,0,3,1.4690112085555213e-05,6.205206167974932e-05,3,1.4407991169876841
casual stylish shoulder,3,0,5.876044834222085e-05,1.551301541993733e-05,3,-1.331789605252097
idp angry internally,2,1,4.4070336256665636e-05,3.102603083987466e-05,3,-0.35096035224037064
idis id still,0,3,1.4690112085555213e-05,6.205206167974932e-05,3,1.4407991169876841
discovery crash site,0,3,1.4690112085555213e-05,6.205206167974932e-05,3,1.4407991169876841
discovered listenbuy riot,3,0,5.876044834222085e-05,1.551301541993733e-05,3,-1.331789605252097
disaster averted police,1,2,2.9380224171110426e-05,4.653904625981198e-05,3,0.459969863975958
crackdown impressed earlier,3,0,5.876044834222085e-05,1.551301541993733e-05,3,-1.331789605252097
crackdown destruction restricted,3,0,5.876044834222085e-05,1.551301541993733e-05,3,-1.331789605252097
navy military japan,3,0,5.876044834222085e-05,1.551301541993733e-05,3,-1.331789605252097
natural unavoidable consequence,2,1,4.4070336256665636e-05,3.102603083987466e-05,3,-0.35096035224037064
broad take eight,3,0,5.876044834222085e-05,1.551301541993733e-05,3,-1.331789605252097
bro party massacre,3,0,5.876044834222085e-05,1.551301541993733e-05,3,-1.331789605252097
national forest grows,0,3,1.4690112085555213e-05,6.205206167974932e-05,3,1.4407991169876841
nashville theater attack,0,3,1.4690112085555213e-05,6.205206167974932e-05,3,1.4407991169876841
industry brazil video,0,3,1.4690112085555213e-05,6.205206167974932e-05,3,1.4407991169876841
india terrorism africa,0,3,1.4690112085555213e-05,6.205206167974932e-05,3,1.4407991169876841
india rail crash,0,3,1.4690112085555213e-05,6.205206167974932e-05,3,1.4407991169876841
impressed earlier week,3,0,5.876044834222085e-05,1.551301541993733e-05,3,-1.331789605252097
music video avalanche,3,0,5.876044834222085e-05,1.551301541993733e-05,3,-1.331789605252097
murdered hamas terrorist,0,3,1.4690112085555213e-05,6.205206167974932e-05,3,1.4407991169876841
multiplayer crackdown impressed,3,0,5.876044834222085e-05,1.551301541993733e-05,3,-1.331789605252097
mtvhottest one direction,2,1,4.4070336256665636e-05,3.102603083987466e-05,3,-0.35096035224037064
mr chance sitting,0,3,1.4690112085555213e-05,6.205206167974932e-05,3,1.4407991169876841
mp train derailment,0,3,1.4690112085555213e-05,6.205206167974932e-05,3,1.4407991169876841
move southampton target,1,2,2.9380224171110426e-05,4.653904625981198e-05,3,0.459969863975958
mountaineering electronic watch,2,1,4.4070336256665636e-05,3.102603083987466e-05,3,-0.35096035224037064
mountain snowstorm aoms,1,2,2.9380224171110426e-05,4.653904625981198e-05,3,0.459969863975958
mosque suicide bombing,0,3,1.4690112085555213e-05,6.205206167974932e-05,3,1.4407991169876841
mosque saudi arabia,0,3,1.4690112085555213e-05,6.205206167974932e-05,3,1.4407991169876841
mortal kombat fatality,3,0,5.876044834222085e-05,1.551301541993733e-05,3,-1.331789605252097
morgan silver dollar,3,0,5.876044834222085e-05,1.551301541993733e-05,3,-1.331789605252097
moment cliff collapse,0,3,1.4690112085555213e-05,6.205206167974932e-05,3,1.4407991169876841
installation noncompliant external,2,1,4.4070336256665636e-05,3.102603083987466e-05,3,-0.35096035224037064
inst apch rwy,3,0,5.876044834222085e-05,1.551301541993733e-05,3,-1.331789605252097
ink listen vote,2,1,4.4070336256665636e-05,3.102603083987466e-05,3,-0.35096035224037064
injury shouldnt devalue,3,0,5.876044834222085e-05,1.551301541993733e-05,3,-1.331789605252097
minority woman bb,2,1,4.4070336256665636e-05,3.102603083987466e-05,3,-0.35096035224037064
minister fennovoima nuclear,2,1,4.4070336256665636e-05,3.102603083987466e-05,3,-0.35096035224037064
min speaker deck,3,0,5.876044834222085e-05,1.551301541993733e-05,3,-1.331789605252097
military japan leather,3,0,5.876044834222085e-05,1.551301541993733e-05,3,-1.331789605252097
militant tonight attacked,0,3,1.4690112085555213e-05,6.205206167974932e-05,3,1.4407991169876841
bug fully patched,3,0,5.876044834222085e-05,1.551301541993733e-05,3,-1.331789605252097
buckle casual stylish,3,0,5.876044834222085e-05,1.551301541993733e-05,3,-1.331789605252097
mido ww full,3,0,5.876044834222085e-05,1.551301541993733e-05,3,-1.331789605252097
michael floyds hand,3,0,5.876044834222085e-05,1.551301541993733e-05,3,-1.331789605252097
miami atlanta casper,0,3,1.4690112085555213e-05,6.205206167974932e-05,3,1.4407991169876841
mhtw fnet official,0,3,1.4690112085555213e-05,6.205206167974932e-05,3,1.4407991169876841
mh confirmed union,0,3,1.4690112085555213e-05,6.205206167974932e-05,3,1.4407991169876841
iphone user download,0,3,1.4690112085555213e-05,6.205206167974932e-05,3,1.4407991169876841
investigator rule catastrophic,0,3,1.4690112085555213e-05,6.205206167974932e-05,3,1.4407991169876841
internally displaced wom,2,1,4.4070336256665636e-05,3.102603083987466e-05,3,-0.35096035224037064
metro train derail,0,3,1.4690112085555213e-05,6.205206167974932e-05,3,1.4407991169876841
meme officially exploded,2,1,4.4070336256665636e-05,3.102603083987466e-05,3,-0.35096035224037064
diving story volga,3,0,5.876044834222085e-05,1.551301541993733e-05,3,-1.331789605252097
disrupts trolley service,0,3,1.4690112085555213e-05,6.205206167974932e-05,3,1.4407991169876841
displace one million,0,3,1.4690112085555213e-05,6.205206167974932e-05,3,1.4407991169876841
disney stock cnbc,3,0,5.876044834222085e-05,1.551301541993733e-05,3,-1.331789605252097
disease whats done,0,3,1.4690112085555213e-05,6.205206167974932e-05,3,1.4407991169876841
meant idp angry,2,1,4.4070336256665636e-05,3.102603083987466e-05,3,-0.35096035224037064
maximum seismic intensity,0,3,1.4690112085555213e-05,6.205206167974932e-05,3,1.4407991169876841
material meant idp,2,1,4.4070336256665636e-05,3.102603083987466e-05,3,-0.35096035224037064
isi claim responsibility,0,3,1.4690112085555213e-05,6.205206167974932e-05,3,1.4407991169876841
iranian warship point,0,3,1.4690112085555213e-05,6.205206167974932e-05,3,1.4407991169876841
carrying many migrant,0,3,1.4690112085555213e-05,6.205206167974932e-05,3,1.4407991169876841
car hit train,0,3,1.4690112085555213e-05,6.205206167974932e-05,3,1.4407991169876841
mark year since,0,3,1.4690112085555213e-05,6.205206167974932e-05,3,1.4407991169876841
map typhoon soudelors,0,3,1.4690112085555213e-05,6.205206167974932e-05,3,1.4407991169876841
many life group,0,3,1.4690112085555213e-05,6.205206167974932e-05,3,1.4407991169876841
burning building looting,2,1,4.4070336256665636e-05,3.102603083987466e-05,3,-0.35096035224037064
malaysia confirms plane,0,3,1.4690112085555213e-05,6.205206167974932e-05,3,1.4407991169876841
malaysia airline flight,0,3,1.4690112085555213e-05,6.205206167974932e-05,3,1.4407991169876841
make look blk,0,3,1.4690112085555213e-05,6.205206167974932e-05,3,1.4407991169876841
make landfall southern,0,3,1.4690112085555213e-05,6.205206167974932e-05,3,1.4407991169876841
magginoodle ban unsafe,1,2,2.9380224171110426e-05,4.653904625981198e-05,3,0.459969863975958
madhya pradesh flash,0,3,1.4690112085555213e-05,6.205206167974932e-05,3,1.4407991169876841
lowndes county residential,0,3,1.4690112085555213e-05,6.205206167974932e-05,3,1.4407991169876841
lowndes county georgia,0,3,1.4690112085555213e-05,6.205206167974932e-05,3,1.4407991169876841
love picked playing,2,1,4.4070336256665636e-05,3.102603083987466e-05,3,-0.35096035224037064
japan leather watch,3,0,5.876044834222085e-05,1.551301541993733e-05,3,-1.331789605252097
jacksonville family band,2,1,4.4070336256665636e-05,3.102603083987466e-05,3,-0.35096035224037064
italian alp kill,0,3,1.4690112085555213e-05,6.205206167974932e-05,3,1.4407991169876841
israeli soldier wounded,0,3,1.4690112085555213e-05,6.205206167974932e-05,3,1.4407991169876841
island flight mh,0,3,1.4690112085555213e-05,6.205206167974932e-05,3,1.4407991169876841
loss magginoodle ban,1,2,2.9380224171110426e-05,4.653904625981198e-05,3,0.459969863975958
loose tongue two,3,0,5.876044834222085e-05,1.551301541993733e-05,3,-1.331789605252097
looping wedaug th,0,3,1.4690112085555213e-05,6.205206167974932e-05,3,1.4407991169876841
look blk wbioterrorismuse,0,3,1.4690112085555213e-05,6.205206167974932e-05,3,1.4407991169876841
longer ship potential,2,1,4.4070336256665636e-05,3.102603083987466e-05,3,-0.35096035224037064
calgary activates municipal,0,3,1.4690112085555213e-05,6.205206167974932e-05,3,1.4407991169876841
cable tv company,3,0,5.876044834222085e-05,1.551301541993733e-05,3,-1.331789605252097
london engulfed chaos,0,3,1.4690112085555213e-05,6.205206167974932e-05,3,1.4407991169876841
logo flame full,3,0,5.876044834222085e-05,1.551301541993733e-05,3,-1.331789605252097
japanese army navy,3,0,5.876044834222085e-05,1.551301541993733e-05,3,-1.331789605252097
early unlocking brake,0,3,1.4690112085555213e-05,6.205206167974932e-05,3,1.4407991169876841
earlier week demonstratio,3,0,5.876044834222085e-05,1.551301541993733e-05,3,-1.331789605252097
dude bro party,3,0,5.876044834222085e-05,1.551301541993733e-05,3,-1.331789605252097
drunk driver safety,0,3,1.4690112085555213e-05,6.205206167974932e-05,3,1.4407991169876841
download earthquake app,0,3,1.4690112085555213e-05,6.205206167974932e-05,3,1.4407991169876841
done stop deadly,0,3,1.4690112085555213e-05,6.205206167974932e-05,3,1.4407991169876841
doesnt make cut,1,2,2.9380224171110426e-05,4.653904625981198e-05,3,0.459969863975958
document released wednesday,0,3,1.4690112085555213e-05,6.205206167974932e-05,3,1.4407991169876841
live noaa tracking,0,3,1.4690112085555213e-05,6.205206167974932e-05,3,1.4407991169876841
live latest travel,0,3,1.4690112085555213e-05,6.205206167974932e-05,3,1.4407991169876841
listenbuy riot blowmandyup,3,0,5.876044834222085e-05,1.551301541993733e-05,3,-1.331789605252097
like sinking unhappiness,3,0,5.876044834222085e-05,1.551301541993733e-05,3,-1.331789605252097
like condition genocide,0,3,1.4690112085555213e-05,6.205206167974932e-05,3,1.4407991169876841
lightning reshapes rock,1,2,2.9380224171110426e-05,4.653904625981198e-05,3,0.459969863975958
life two train,0,3,1.4690112085555213e-05,6.205206167974932e-05,3,1.4407991169876841
life group villager,0,3,1.4690112085555213e-05,6.205206167974932e-05,3,1.4407991169876841
libya india terrorism,0,3,1.4690112085555213e-05,6.205206167974932e-05,3,1.4407991169876841
lglorg idis id,0,3,1.4690112085555213e-05,6.205206167974932e-05,3,1.4407991169876841
legionnaire disease whats,0,3,1.4690112085555213e-05,6.205206167974932e-05,3,1.4407991169876841
legionnaire disease edinburgh,0,3,1.4690112085555213e-05,6.205206167974932e-05,3,1.4407991169876841
kaduna two people,0,3,1.4690112085555213e-05,6.205206167974932e-05,3,1.4407991169876841
joe root run,3,0,5.876044834222085e-05,1.551301541993733e-05,3,-1.331789605252097
jean hazardous health,0,3,1.4690112085555213e-05,6.205206167974932e-05,3,1.4407991169876841
leather watch war,3,0,5.876044834222085e-05,1.551301541993733e-05,3,-1.331789605252097
leather fashion purse,3,0,5.876044834222085e-05,1.551301541993733e-05,3,-1.331789605252097
lead person hellfire,3,0,5.876044834222085e-05,1.551301541993733e-05,3,-1.331789605252097
lava blast power,3,0,5.876044834222085e-05,1.551301541993733e-05,3,-1.331789605252097
latest travel update,0,3,1.4690112085555213e-05,6.205206167974932e-05,3,1.4407991169876841
latest job opening,3,0,5.876044834222085e-05,1.551301541993733e-05,3,-1.331789605252097
california wildfire nearly,0,3,1.4690112085555213e-05,6.205206167974932e-05,3,1.4407991169876841
california wild fire,0,3,1.4690112085555213e-05,6.205206167974932e-05,3,1.4407991169876841
california fire rage,0,3,1.4690112085555213e-05,6.205206167974932e-05,3,1.4407991169876841
calgary area tornado,0,3,1.4690112085555213e-05,6.205206167974932e-05,3,1.4407991169876841
last forever description,2,1,4.4070336256665636e-05,3.102603083987466e-05,3,-0.35096035224037064
last chance animal,3,0,5.876044834222085e-05,1.551301541993733e-05,3,-1.331789605252097
larger entire earth,3,0,5.876044834222085e-05,1.551301541993733e-05,3,-1.331789605252097
large sinkhole swallow,0,3,1.4690112085555213e-05,6.205206167974932e-05,3,1.4407991169876841
kill three rome,0,3,1.4690112085555213e-05,6.205206167974932e-05,3,1.4407991169876841
kill gunman hoax,1,2,2.9380224171110426e-05,4.653904625981198e-05,3,0.459969863975958
kill displace one,0,3,1.4690112085555213e-05,6.205206167974932e-05,3,1.4407991169876841
kill croat hostage,0,3,1.4690112085555213e-05,6.205206167974932e-05,3,1.4407991169876841
keep animal act,2,1,4.4070336256665636e-05,3.102603083987466e-05,3,-0.35096035224037064
landing amsterdam airport,0,3,1.4690112085555213e-05,6.205206167974932e-05,3,1.4407991169876841
landfall southern china,0,3,1.4690112085555213e-05,6.205206167974932e-05,3,1.4407991169876841
lab faced secret,1,2,2.9380224171110426e-05,4.653904625981198e-05,3,0.459969863975958
drought united state,0,3,1.4690112085555213e-05,6.205206167974932e-05,3,1.4407991169876841
driver safety second,0,3,1.4690112085555213e-05,6.205206167974932e-05,3,1.4407991169876841
driver mr chance,0,3,1.4690112085555213e-05,6.205206167974932e-05,3,1.4407991169876841
dress meme officially,2,1,4.4070336256665636e-05,3.102603083987466e-05,3,-0.35096035224037064
knoxville news sentinel,1,2,2.9380224171110426e-05,4.653904625981198e-05,3,0.459969863975958
km anchorage alaska,0,3,1.4690112085555213e-05,6.205206167974932e-05,3,1.4407991169876841
killed least people,0,3,1.4690112085555213e-05,6.205206167974932e-05,3,1.4407991169876841
km maximum seismic,0,3,1.4690112085555213e-05,6.205206167974932e-05,3,1.4407991169876841
wwi wwii japanese,3,0,5.876044834222085e-05,1.551301541993733e-05,3,-1.331789605252097
ww full read,3,0,5.876044834222085e-05,1.551301541993733e-05,3,-1.331789605252097
would last forever,2,1,4.4070336256665636e-05,3.102603083987466e-05,3,-0.35096035224037064
worth fifth harmkid,2,1,4.4070336256665636e-05,3.102603083987466e-05,3,-0.35096035224037064
activates municipal emergency,0,3,1.4690112085555213e-05,6.205206167974932e-05,3,1.4407991169876841
wwii japanese army,3,0,5.876044834222085e-05,1.551301541993733e-05,3,-1.331789605252097
accident property damage,0,3,1.4690112085555213e-05,6.205206167974932e-05,3,1.4407991169876841
accident expert wednesday,0,3,1.4690112085555213e-05,6.205206167974932e-05,3,1.4407991169876841
wwii memory plus,0,2,1.4690112085555213e-05,4.653904625981198e-05,2,1.1531170445359034
ablaze california alone,0,2,1.4690112085555213e-05,4.653904625981198e-05,2,1.1531170445359034
abomination maketh desolate,2,0,4.4070336256665636e-05,1.551301541993733e-05,2,-1.044107532800316
abuseddesolatelost lovely mum,1,1,2.9380224171110426e-05,3.102603083987466e-05,2,0.05450475586779363
abusing child policerun,0,2,1.4690112085555213e-05,4.653904625981198e-05,2,1.1531170445359034
accept globalwarming hello,1,1,2.9380224171110426e-05,3.102603083987466e-05,2,0.05450475586779363
accident expert wedn,0,2,1.4690112085555213e-05,4.653904625981198e-05,2,1.1531170445359034
accident least people,0,2,1.4690112085555213e-05,4.653904625981198e-05,2,1.1531170445359034
action year ferguson,1,1,2.9380224171110426e-05,3.102603083987466e-05,2,0.05450475586779363
activated municipal emergency,0,2,1.4690112085555213e-05,4.653904625981198e-05,2,1.1531170445359034
active exploit bypass,2,0,4.4070336256665636e-05,1.551301541993733e-05,2,-1.044107532800316
acute flood derail,0,2,1.4690112085555213e-05,4.653904625981198e-05,2,1.1531170445359034
world class tgirl,2,0,4.4070336256665636e-05,1.551301541993733e-05,2,-1.044107532800316
world annihilation self,1,1,2.9380224171110426e-05,3.102603083987466e-05,2,0.05450475586779363
working curb first,0,2,1.4690112085555213e-05,4.653904625981198e-05,2,1.1531170445359034
work young people,2,0,4.4070336256665636e-05,1.551301541993733e-05,2,-1.044107532800316
word skirt blue,2,0,4.4070336256665636e-05,1.551301541993733e-05,2,-1.044107532800316
estimate grows associated,0,2,1.4690112085555213e-05,4.653904625981198e-05,2,1.1531170445359034
equate around death,0,2,1.4690112085555213e-05,4.653904625981198e-05,2,1.1531170445359034
equal reward saving,1,1,2.9380224171110426e-05,3.102603083987466e-05,2,0.05450475586779363
epic kyle rayner,2,0,4.4070336256665636e-05,1.551301541993733e-05,2,-1.044107532800316
epic collapse trent,0,2,1.4690112085555213e-05,4.653904625981198e-05,2,1.1531170445359034
enugu state government,2,0,4.4070336256665636e-05,1.551301541993733e-05,2,-1.044107532800316
wrought first military,0,2,1.4690112085555213e-05,4.653904625981198e-05,2,1.1531170445359034
writer explores terrorism,2,0,4.4070336256665636e-05,1.551301541993733e-05,2,-1.044107532800316
account hiroshima day,0,2,1.4690112085555213e-05,4.653904625981198e-05,2,1.1531170445359034
wreck fish tank,2,0,4.4070336256665636e-05,1.551301541993733e-05,2,-1.044107532800316
wowo nigerian refugee,1,1,2.9380224171110426e-05,3.102603083987466e-05,2,0.05450475586779363
killed others injured,0,2,1.4690112085555213e-05,4.653904625981198e-05,2,1.1531170445359034
killed missing flood,0,2,1.4690112085555213e-05,4.653904625981198e-05,2,1.1531170445359034
killed injured madhya,0,2,1.4690112085555213e-05,4.653904625981198e-05,2,1.1531170445359034
killed house ut,0,2,1.4690112085555213e-05,4.653904625981198e-05,2,1.1531170445359034
killed four people,0,2,1.4690112085555213e-05,4.653904625981198e-05,2,1.1531170445359034
know mass murder,0,2,1.4690112085555213e-05,4.653904625981198e-05,2,1.1531170445359034
km twentynine palm,0,2,1.4690112085555213e-05,4.653904625981198e-05,2,1.1531170445359034
km ssw anza,0,2,1.4690112085555213e-05,4.653904625981198e-05,2,1.1531170445359034
km run pace,2,0,4.4070336256665636e-05,1.551301541993733e-05,2,-1.044107532800316
capture bride groom,2,0,4.4070336256665636e-05,1.551301541993733e-05,2,-1.044107532800316
cap choose mix,2,0,4.4070336256665636e-05,1.551301541993733e-05,2,-1.044107532800316
cant survive without,2,0,4.4070336256665636e-05,1.551301541993733e-05,2,-1.044107532800316
cant drown demon,1,1,2.9380224171110426e-05,3.102603083987466e-05,2,0.05450475586779363
cant accept globalwarming,1,1,2.9380224171110426e-05,3.102603083987466e-05,2,0.05450475586779363
cancer equate around,0,2,1.4690112085555213e-05,4.653904625981198e-05,2,1.1531170445359034
campaign warn public,2,0,4.4070336256665636e-05,1.551301541993733e-05,2,-1.044107532800316
dozen saudi mosque,0,2,1.4690112085555213e-05,4.653904625981198e-05,2,1.1531170445359034
downtown trolley service,0,2,1.4690112085555213e-05,4.653904625981198e-05,2,1.1531170445359034
kyle rayner story,2,0,4.4070336256665636e-05,1.551301541993733e-05,2,-1.044107532800316
kraft cheese single,1,1,2.9380224171110426e-05,3.102603083987466e-05,2,0.05450475586779363
kowing sign could,0,2,1.4690112085555213e-05,4.653904625981198e-05,2,1.1531170445359034
kosciusko police investigating,1,1,2.9380224171110426e-05,3.102603083987466e-05,2,0.05450475586779363
known image infamous,1,1,2.9380224171110426e-05,3.102603083987466e-05,2,0.05450475586779363
calorie burned loseit,2,0,4.4070336256665636e-05,1.551301541993733e-05,2,-1.044107532800316
calm anxious relative,0,2,1.4690112085555213e-05,4.653904625981198e-05,2,1.1531170445359034
calling ban premature,0,2,1.4690112085555213e-05,4.653904625981198e-05,2,1.1531170445359034
km interlaken california,1,1,2.9380224171110426e-05,3.102603083987466e-05,2,0.05450475586779363
kith red white,2,0,4.4070336256665636e-05,1.551301541993733e-05,2,-1.044107532800316
kit whistle fire,1,1,2.9380224171110426e-05,3.102603083987466e-05,2,0.05450475586779363
kisii police kisii,0,2,1.4690112085555213e-05,4.653904625981198e-05,2,1.1531170445359034
king diamond jeff,2,0,4.4070336256665636e-05,1.551301541993733e-05,2,-1.044107532800316
killed two simultaneous,0,2,1.4690112085555213e-05,4.653904625981198e-05,2,1.1531170445359034
lansdowne sts ptbo,0,2,1.4690112085555213e-05,4.653904625981198e-05,2,1.1531170445359034
landslide road china,0,2,1.4690112085555213e-05,4.653904625981198e-05,2,1.1531170445359034
landslide kill three,0,2,1.4690112085555213e-05,4.653904625981198e-05,2,1.1531170445359034
landslide could kill,0,2,1.4690112085555213e-05,4.653904625981198e-05,2,1.1531170445359034
lance dunbar injures,2,0,4.4070336256665636e-05,1.551301541993733e-05,2,-1.044107532800316
lake located karymsky,2,0,4.4070336256665636e-05,1.551301541993733e-05,2,-1.044107532800316
lake crater lake,2,0,4.4070336256665636e-05,1.551301541993733e-05,2,-1.044107532800316
lack australian govt,0,2,1.4690112085555213e-05,4.653904625981198e-05,2,1.1531170445359034
la vega top,1,1,2.9380224171110426e-05,3.102603083987466e-05,2,0.05450475586779363
la time refugio,0,2,1.4690112085555213e-05,4.653904625981198e-05,2,1.1531170445359034
la dont worry,0,2,1.4690112085555213e-05,4.653904625981198e-05,2,1.1531170445359034
drown demon know,1,1,2.9380224171110426e-05,3.102603083987466e-05,2,0.05450475586779363
drought fuel bush,0,2,1.4690112085555213e-05,4.653904625981198e-05,2,1.1531170445359034
droid hasbro full,1,1,2.9380224171110426e-05,3.102603083987466e-05,2,0.05450475586779363
drive bobcat calgary,0,2,1.4690112085555213e-05,4.653904625981198e-05,2,1.1531170445359034
drake really body,2,0,4.4070336256665636e-05,1.551301541993733e-05,2,-1.044107532800316
calgary news weather,2,0,4.4070336256665636e-05,1.551301541993733e-05,2,-1.044107532800316
last second outbid,2,0,4.4070336256665636e-05,1.551301541993733e-05,2,-1.044107532800316
large ship wreck,2,0,4.4070336256665636e-05,1.551301541993733e-05,2,-1.044107532800316
large hail wind,0,2,1.4690112085555213e-05,4.653904625981198e-05,2,1.1531170445359034
killed airplane accident,1,1,2.9380224171110426e-05,3.102603083987466e-05,2,0.05450475586779363
kill three near,0,2,1.4690112085555213e-05,4.653904625981198e-05,2,1.1531170445359034
kill saudi mosque,0,2,1.4690112085555213e-05,4.653904625981198e-05,2,1.1531170445359034
kill four el,0,2,1.4690112085555213e-05,4.653904625981198e-05,2,1.1531170445359034
kill dozen saudi,0,2,1.4690112085555213e-05,4.653904625981198e-05,2,1.1531170445359034
kidnapped palestinian overnight,0,2,1.4690112085555213e-05,4.653904625981198e-05,2,1.1531170445359034
kid sport usually,0,2,1.4690112085555213e-05,4.653904625981198e-05,2,1.1531170445359034
kid disappear dust,0,2,1.4690112085555213e-05,4.653904625981198e-05,2,1.1531170445359034
keratin treatment brazilian,2,0,4.4070336256665636e-05,1.551301541993733e-05,2,-1.044107532800316
karymsky volcano russia,2,0,4.4070336256665636e-05,1.551301541993733e-05,2,-1.044107532800316
karymsky lake crater,2,0,4.4070336256665636e-05,1.551301541993733e-05,2,-1.044107532800316
laois girl advertised,2,0,4.4070336256665636e-05,1.551301541993733e-05,2,-1.044107532800316
jax issue hazardous,1,1,2.9380224171110426e-05,3.102603083987466e-05,2,0.05450475586779363
japton moving se,0,2,1.4690112085555213e-05,4.653904625981198e-05,2,1.1531170445359034
leave car tree,0,2,1.4690112085555213e-05,4.653904625981198e-05,2,1.1531170445359034
learn build pc,2,0,4.4070336256665636e-05,1.551301541993733e-05,2,-1.044107532800316
leader extends sympathy,0,2,1.4690112085555213e-05,4.653904625981198e-05,2,1.1531170445359034
lava blast dan,0,2,1.4690112085555213e-05,4.653904625981198e-05,2,1.1531170445359034
latest train derailment,0,2,1.4690112085555213e-05,4.653904625981198e-05,2,1.1531170445359034
latest opening nursing,2,0,4.4070336256665636e-05,1.551301541993733e-05,2,-1.044107532800316
later tonight kotaweather,0,2,1.4690112085555213e-05,4.653904625981198e-05,2,1.1531170445359034
call mp derailment,0,2,1.4690112085555213e-05,4.653904625981198e-05,2,1.1531170445359034
california wildfire destroys,0,2,1.4690112085555213e-05,4.653904625981198e-05,2,1.1531170445359034
california swell acre,0,2,1.4690112085555213e-05,4.653904625981198e-05,2,1.1531170445359034
california fight wild,0,2,1.4690112085555213e-05,4.653904625981198e-05,2,1.1531170445359034
california even northern,0,2,1.4690112085555213e-05,4.653904625981198e-05,2,1.1531170445359034
california burning gov,0,2,1.4690112085555213e-05,4.653904625981198e-05,2,1.1531170445359034
california battling scariest,0,2,1.4690112085555213e-05,4.653904625981198e-05,2,1.1531170445359034
legionnaire outbreak south,0,2,1.4690112085555213e-05,4.653904625981198e-05,2,1.1531170445359034
legionnaire month cricket,0,2,1.4690112085555213e-05,4.653904625981198e-05,2,1.1531170445359034
legionnaire disease outbreak,0,2,1.4690112085555213e-05,4.653904625981198e-05,2,1.1531170445359034
legionnaire disease new,0,2,1.4690112085555213e-05,4.653904625981198e-05,2,1.1531170445359034
legacy still shadow,0,2,1.4690112085555213e-05,4.653904625981198e-05,2,1.1531170445359034
kalle mattson recreates,2,0,4.4070336256665636e-05,1.551301541993733e-05,2,-1.044107532800316
justmarried turkish couple,0,2,1.4690112085555213e-05,4.653904625981198e-05,2,1.1531170445359034
jupiter great red,2,0,4.4070336256665636e-05,1.551301541993733e-05,2,-1.044107532800316
jst aug jst,2,0,4.4070336256665636e-05,1.551301541993733e-05,2,-1.044107532800316
jonathan move hijack,1,1,2.9380224171110426e-05,3.102603083987466e-05,2,0.05450475586779363
johannesburg aug ani,0,2,1.4690112085555213e-05,4.653904625981198e-05,2,1.1531170445359034
joe autobiography general,1,1,2.9380224171110426e-05,3.102603083987466e-05,2,0.05450475586779363
job job hiring,2,0,4.4070336256665636e-05,1.551301541993733e-05,2,-1.044107532800316
jennifer aniston got,2,0,4.4070336256665636e-05,1.551301541993733e-05,2,-1.044107532800316
jeff hannemans passing,2,0,4.4070336256665636e-05,1.551301541993733e-05,2,-1.044107532800316
jedi collection battle,1,1,2.9380224171110426e-05,3.102603083987466e-05,2,0.05450475586779363
like michelebachman predict,1,1,2.9380224171110426e-05,3.102603083987466e-05,2,0.05450475586779363
like full rainstorm,1,1,2.9380224171110426e-05,3.102603083987466e-05,2,0.05450475586779363
like chewing rubber,1,1,2.9380224171110426e-05,3.102603083987466e-05,2,0.05450475586779363
like burning building,1,1,2.9380224171110426e-05,3.102603083987466e-05,2,0.05450475586779363
lightning strike reshape,1,1,2.9380224171110426e-05,3.102603083987466e-05,2,0.05450475586779363
lightning strike distance,0,2,1.4690112085555213e-05,4.653904625981198e-05,2,1.1531170445359034
lightning possible pinpoint,0,2,1.4690112085555213e-05,4.653904625981198e-05,2,1.1531170445359034
lightning moving northeast,0,2,1.4690112085555213e-05,4.653904625981198e-05,2,1.1531170445359034
lightning joe autobiography,1,1,2.9380224171110426e-05,3.102603083987466e-05,2,0.05450475586779363
lightning connector car,1,1,2.9380224171110426e-05,3.102603083987466e-05,2,0.05450475586779363
light bar alloy,2,0,4.4070336256665636e-05,1.551301541993733e-05,2,-1.044107532800316
life matter not,0,2,1.4690112085555213e-05,4.653904625981198e-05,2,1.1531170445359034
liability context airplane,0,2,1.4690112085555213e-05,4.653904625981198e-05,2,1.1531170445359034
level lightning strike,1,1,2.9380224171110426e-05,3.102603083987466e-05,2,0.05450475586779363
let david electrocute,2,0,4.4070336256665636e-05,1.551301541993733e-05,2,-1.044107532800316
lesson hiroshima still,0,2,1.4690112085555213e-05,4.653904625981198e-05,2,1.1531170445359034
document found pointing,0,2,1.4690112085555213e-05,4.653904625981198e-05,2,1.1531170445359034
lizard morning sun,1,1,2.9380224171110426e-05,3.102603083987466e-05,2,0.05450475586779363
little portugal ebike,0,2,1.4690112085555213e-05,4.653904625981198e-05,2,1.1531170445359034
little exited home,2,0,4.4070336256665636e-05,1.551301541993733e-05,2,-1.044107532800316
lith voodoo seduction,2,0,4.4070336256665636e-05,1.551301541993733e-05,2,-1.044107532800316
linerless bottle cap,2,0,4.4070336256665636e-05,1.551301541993733e-05,2,-1.044107532800316
liked video sn,2,0,4.4070336256665636e-05,1.551301541993733e-05,2,-1.044107532800316
liked video gun,1,1,2.9380224171110426e-05,3.102603083987466e-05,2,0.05450475586779363
liked video gta,2,0,4.4070336256665636e-05,1.551301541993733e-05,2,-1.044107532800316
liked video call,2,0,4.4070336256665636e-05,1.551301541993733e-05,2,-1.044107532800316
like tsunami tide,1,1,2.9380224171110426e-05,3.102603083987466e-05,2,0.05450475586779363
like stone carry,2,0,4.4070336256665636e-05,1.551301541993733e-05,2,-1.044107532800316
like sinking low,1,1,2.9380224171110426e-05,3.102603083987466e-05,2,0.05450475586779363
like natural disaster,1,1,2.9380224171110426e-05,3.102603083987466e-05,2,0.05450475586779363
like music video,1,1,2.9380224171110426e-05,3.102603083987466e-05,2,0.05450475586779363
like mudslide taste,2,0,4.4070336256665636e-05,1.551301541993733e-05,2,-1.044107532800316
dunbar injures ankle,2,0,4.4070336256665636e-05,1.551301541993733e-05,2,-1.044107532800316
duke hazard undercover,2,0,4.4070336256665636e-05,1.551301541993733e-05,2,-1.044107532800316
due truck fire,0,2,1.4690112085555213e-05,4.653904625981198e-05,2,1.1531170445359034
drowning superhero toddler,1,1,2.9380224171110426e-05,3.102603083987466e-05,2,0.05450475586779363
japan wwii atomic,0,2,1.4690112085555213e-05,4.653904625981198e-05,2,1.1531170445359034
llf talk world,0,2,1.4690112085555213e-05,4.653904625981198e-05,2,1.1531170445359034
downpour lightning moving,0,2,1.4690112085555213e-05,4.653904625981198e-05,2,1.1531170445359034
doublecups prod armageddon,2,0,4.4070336256665636e-05,1.551301541993733e-05,2,-1.044107532800316
double weekold blaze,0,2,1.4690112085555213e-05,4.653904625981198e-05,2,1.1531170445359034
double sided linerless,2,0,4.4070336256665636e-05,1.551301541993733e-05,2,-1.044107532800316
dont think ive,2,0,4.4070336256665636e-05,1.551301541993733e-05,2,-1.044107532800316
dont stop believing,2,0,4.4070336256665636e-05,1.551301541993733e-05,2,-1.044107532800316
dont let others,2,0,4.4070336256665636e-05,1.551301541993733e-05,2,-1.044107532800316
dont get wave,1,1,2.9380224171110426e-05,3.102603083987466e-05,2,0.05450475586779363
dont get burned,2,0,4.4070336256665636e-05,1.551301541993733e-05,2,-1.044107532800316
dollar gem bu,2,0,4.4070336256665636e-05,1.551301541993733e-05,2,-1.044107532800316
bypass password ar,2,0,4.4070336256665636e-05,1.551301541993733e-05,2,-1.044107532800316
business executing cop,0,2,1.4690112085555213e-05,4.653904625981198e-05,2,1.1531170445359034
business economy coping,2,0,4.4070336256665636e-05,1.551301541993733e-05,2,-1.044107532800316
bush fire jamaica,0,2,1.4690112085555213e-05,4.653904625981198e-05,2,1.1531170445359034
bus hijacker fresno,1,1,2.9380224171110426e-05,3.102603083987466e-05,2,0.05450475586779363
bus attack suspected,0,2,1.4690112085555213e-05,4.653904625981198e-05,2,1.1531170445359034
bus accident least,0,2,1.4690112085555213e-05,4.653904625981198e-05,2,1.1531170445359034
lock lansdowne sts,0,2,1.4690112085555213e-05,4.653904625981198e-05,2,1.1531170445359034
location named premonition,0,2,1.4690112085555213e-05,4.653904625981198e-05,2,1.1531170445359034
located karymsky volcano,2,0,4.4070336256665636e-05,1.551301541993733e-05,2,-1.044107532800316
earth thus universe,2,0,4.4070336256665636e-05,1.551301541993733e-05,2,-1.044107532800316
dying airplane accident,2,0,4.4070336256665636e-05,1.551301541993733e-05,2,-1.044107532800316
dvc bjp claim,0,2,1.4690112085555213e-05,4.653904625981198e-05,2,1.1531170445359034
dust storm atmospheric,0,2,1.4690112085555213e-05,4.653904625981198e-05,2,1.1531170445359034
dust mph gust,0,2,1.4690112085555213e-05,4.653904625981198e-05,2,1.1531170445359034
dundee landslide could,0,2,1.4690112085555213e-05,4.653904625981198e-05,2,1.1531170445359034
islamic state claim,0,2,1.4690112085555213e-05,4.653904625981198e-05,2,1.1531170445359034
islam saving person,1,1,2.9380224171110426e-05,3.102603083987466e-05,2,0.05450475586779363
islam opposite terrorism,1,1,2.9380224171110426e-05,3.102603083987466e-05,2,0.05450475586779363
love love love,2,0,4.4070336256665636e-05,1.551301541993733e-05,2,-1.044107532800316
lotz apocalypse armageddon,2,0,4.4070336256665636e-05,1.551301541993733e-05,2,-1.044107532800316
loss california wildfire,0,2,1.4690112085555213e-05,4.653904625981198e-05,2,1.1531170445359034
losdelsonido obama declares,0,2,1.4690112085555213e-05,4.653904625981198e-05,2,1.1531170445359034
los angeles time,0,2,1.4690112085555213e-05,4.653904625981198e-05,2,1.1531170445359034
lord redeemeth soul,2,0,4.4070336256665636e-05,1.551301541993733e-05,2,-1.044107532800316
loose rock dundee,0,2,1.4690112085555213e-05,4.653904625981198e-05,2,1.1531170445359034
loos shit dead,0,2,1.4690112085555213e-05,4.653904625981198e-05,2,1.1531170445359034
looking forward day,2,0,4.4070336256665636e-05,1.551301541993733e-05,2,-1.044107532800316
long thin body,2,0,4.4070336256665636e-05,1.551301541993733e-05,2,-1.044107532800316
cake look like,2,0,4.4070336256665636e-05,1.551301541993733e-05,2,-1.044107532800316
cadfyi accident property,0,2,1.4690112085555213e-05,4.653904625981198e-05,2,1.1531170445359034
ca view latest,2,0,4.4070336256665636e-05,1.551301541993733e-05,2,-1.044107532800316
mad river complex,0,2,1.4690112085555213e-05,4.653904625981198e-05,2,1.1531170445359034
luka die everything,2,0,4.4070336256665636e-05,1.551301541993733e-05,2,-1.044107532800316
luis obispo calif,0,2,1.4690112085555213e-05,4.653904625981198e-05,2,1.1531170445359034
lubbock area outflow,0,2,1.4690112085555213e-05,4.653904625981198e-05,2,1.1531170445359034
low mayhem festival,2,0,4.4070336256665636e-05,1.551301541993733e-05,2,-1.044107532800316
lovely mum diesis,1,1,2.9380224171110426e-05,3.102603083987466e-05,2,0.05450475586779363
lovedup bff inundated,2,0,4.4070336256665636e-05,1.551301541993733e-05,2,-1.044107532800316
love truelove romance,2,0,4.4070336256665636e-05,1.551301541993733e-05,2,-1.044107532800316
japan thursday mark,0,2,1.4690112085555213e-05,4.653904625981198e-05,2,1.1531170445359034
japan mark year,0,2,1.4690112085555213e-05,4.653904625981198e-05,2,1.1531170445359034
jap report okinawa,0,2,1.4690112085555213e-05,4.653904625981198e-05,2,1.1531170445359034
jamaicaplain boston hailstorm,0,2,1.4690112085555213e-05,4.653904625981198e-05,2,1.1531170445359034
jacque betz responds,2,0,4.4070336256665636e-05,1.551301541993733e-05,2,-1.044107532800316
issued severe thunderstorm,0,2,1.4690112085555213e-05,4.653904625981198e-05,2,1.1531170445359034
issue major warning,0,2,1.4690112085555213e-05,4.653904625981198e-05,2,1.1531170445359034
island region depth,0,2,1.4690112085555213e-05,4.653904625981198e-05,2,1.1531170445359034
burning building building,1,1,2.9380224171110426e-05,3.102603083987466e-05,2,0.05450475586779363
burning building blacklivesmatter,0,2,1.4690112085555213e-05,4.653904625981198e-05,2,1.1531170445359034
burning building black,0,2,1.4690112085555213e-05,4.653904625981198e-05,2,1.1531170445359034
burned thousand wildfire,0,2,1.4690112085555213e-05,4.653904625981198e-05,2,1.1531170445359034
burned calorie minute,1,1,2.9380224171110426e-05,3.102603083987466e-05,2,0.05450475586779363
malaysian prime minister,0,2,1.4690112085555213e-05,4.653904625981198e-05,2,1.1531170445359034
malaysian official say,0,2,1.4690112085555213e-05,4.653904625981198e-05,2,1.1531170445359034
make wanna put,2,0,4.4070336256665636e-05,1.551301541993733e-05,2,-1.044107532800316
make look new,2,0,4.4070336256665636e-05,1.551301541993733e-05,2,-1.044107532800316
make cut foxnew,0,2,1.4690112085555213e-05,4.653904625981198e-05,2,1.1531170445359034
major warning late,0,2,1.4690112085555213e-05,4.653904625981198e-05,2,1.1531170445359034
maj muzzamil pilot,0,2,1.4690112085555213e-05,4.653904625981198e-05,2,1.1531170445359034
main break disrupts,0,2,1.4690112085555213e-05,4.653904625981198e-05,2,1.1531170445359034
magner discusses trust,2,0,4.4070336256665636e-05,1.551301541993733e-05,2,-1.044107532800316
madhya pradesh twin,0,2,1.4690112085555213e-05,4.653904625981198e-05,2,1.1531170445359034
made lava lamp,2,0,4.4070336256665636e-05,1.551301541993733e-05,2,-1.044107532800316
marker south mooresville,0,2,1.4690112085555213e-05,4.653904625981198e-05,2,1.1531170445359034
many sick people,1,1,2.9380224171110426e-05,3.102603083987466e-05,2,0.05450475586779363
manslaughter shooting death,0,2,1.4690112085555213e-05,4.653904625981198e-05,2,1.1531170445359034
man fatally shot,0,2,1.4690112085555213e-05,4.653904625981198e-05,2,1.1531170445359034
mamata banerjee blame,0,2,1.4690112085555213e-05,4.653904625981198e-05,2,1.1531170445359034
mama still thuggin,2,0,4.4070336256665636e-05,1.551301541993733e-05,2,-1.044107532800316
burst water pipe,0,2,1.4690112085555213e-05,4.653904625981198e-05,2,1.1531170445359034
burning friend razing,0,2,1.4690112085555213e-05,4.653904625981198e-05,2,1.1531170445359034
burning firey inferno,1,1,2.9380224171110426e-05,3.102603083987466e-05,2,0.05450475586779363
burning burning building,1,1,2.9380224171110426e-05,3.102603083987466e-05,2,0.05450475586779363
burning building strikesstrikes,0,2,1.4690112085555213e-05,4.653904625981198e-05,2,1.1531170445359034
burning building stealing,0,2,1.4690112085555213e-05,4.653904625981198e-05,2,1.1531170445359034
burning building police,1,1,2.9380224171110426e-05,3.102603083987466e-05,2,0.05450475586779363
burning building medium,0,2,1.4690112085555213e-05,4.653904625981198e-05,2,1.1531170445359034
burning building epic,1,1,2.9380224171110426e-05,3.102603083987466e-05,2,0.05450475586779363
burning building business,0,2,1.4690112085555213e-05,4.653904625981198e-05,2,1.1531170445359034
career come end,2,0,4.4070336256665636e-05,1.551301541993733e-05,2,-1.044107532800316
care physician generally,2,0,4.4070336256665636e-05,1.551301541993733e-05,2,-1.044107532800316
care pcp say,2,0,4.4070336256665636e-05,1.551301541993733e-05,2,-1.044107532800316
car tree storm,0,2,1.4690112085555213e-05,4.653904625981198e-05,2,1.1531170445359034
car little portugal,0,2,1.4690112085555213e-05,4.653904625981198e-05,2,1.1531170445359034
match whats mentioned,2,0,4.4070336256665636e-05,1.551301541993733e-05,2,-1.044107532800316
match start forest,1,1,2.9380224171110426e-05,3.102603083987466e-05,2,0.05450475586779363
match bully ray,2,0,4.4070336256665636e-05,1.551301541993733e-05,2,-1.044107532800316
matako breaking news,2,0,4.4070336256665636e-05,1.551301541993733e-05,2,-1.044107532800316
mass murderer thank,0,2,1.4690112085555213e-05,4.653904625981198e-05,2,1.1531170445359034
mass murder world,0,2,1.4690112085555213e-05,4.653904625981198e-05,2,1.1531170445359034
mass murder take,0,2,1.4690112085555213e-05,4.653904625981198e-05,2,1.1531170445359034
mass murder many,1,1,2.9380224171110426e-05,3.102603083987466e-05,2,0.05450475586779363
mass murder come,1,1,2.9380224171110426e-05,3.102603083987466e-05,2,0.05450475586779363
marshall plan united,2,0,4.4070336256665636e-05,1.551301541993733e-05,2,-1.044107532800316
marquei como visto,2,0,4.4070336256665636e-05,1.551301541993733e-05,2,-1.044107532800316
mayhem festival attendance,2,0,4.4070336256665636e-05,1.551301541993733e-05,2,-1.044107532800316
mayan tablet found,1,1,2.9380224171110426e-05,3.102603083987466e-05,2,0.05450475586779363
may hazardous health,1,1,2.9380224171110426e-05,3.102603083987466e-05,2,0.05450475586779363
may harm patient,2,0,4.4070336256665636e-05,1.551301541993733e-05,2,-1.044107532800316
may gotten little,2,0,4.4070336256665636e-05,1.551301541993733e-05,2,-1.044107532800316
may create dust,0,2,1.4690112085555213e-05,4.653904625981198e-05,2,1.1531170445359034
may caused metro,0,2,1.4690112085555213e-05,4.653904625981198e-05,2,1.1531170445359034
mattson recreates classic,2,0,4.4070336256665636e-05,1.551301541993733e-05,2,-1.044107532800316
matter not fan,0,2,1.4690112085555213e-05,4.653904625981198e-05,2,1.1531170445359034
isi video threatens,0,2,1.4690112085555213e-05,4.653904625981198e-05,2,1.1531170445359034
irvine blvd due,0,2,1.4690112085555213e-05,4.653904625981198e-05,2,1.1531170445359034
iredell vehicle accident,0,2,1.4690112085555213e-05,4.653904625981198e-05,2,1.1531170445359034
iranian shouting death,1,1,2.9380224171110426e-05,3.102603083987466e-05,2,0.05450475586779363
iran nuclear deal,0,2,1.4690112085555213e-05,4.653904625981198e-05,2,1.1531170445359034
case reach triple,0,2,1.4690112085555213e-05,4.653904625981198e-05,2,1.1531170445359034
careless match start,1,1,2.9380224171110426e-05,3.102603083987466e-05,2,0.05450475586779363
medium need stop,1,1,2.9380224171110426e-05,3.102603083987466e-05,2,0.05450475586779363
medieval airplane hijacker,0,2,1.4690112085555213e-05,4.653904625981198e-05,2,1.1531170445359034
dmpl cameo rev,2,0,4.4070336256665636e-05,1.551301541993733e-05,2,-1.044107532800316
dlh issue hazardous,0,2,1.4690112085555213e-05,4.653904625981198e-05,2,1.1531170445359034
diving offroad wd,2,0,4.4070336256665636e-05,1.551301541993733e-05,2,-1.044107532800316
distance rpics pic,0,2,1.4690112085555213e-05,4.653904625981198e-05,2,1.1531170445359034
disrupts downtown trolley,0,2,1.4690112085555213e-05,4.653904625981198e-05,2,1.1531170445359034
displaced rocky fire,0,2,1.4690112085555213e-05,4.653904625981198e-05,2,1.1531170445359034
displaced person warns,0,2,1.4690112085555213e-05,4.653904625981198e-05,2,1.1531170445359034
displaced fired damaged,0,2,1.4690112085555213e-05,4.653904625981198e-05,2,1.1531170445359034
disease new york,0,2,1.4690112085555213e-05,4.653904625981198e-05,2,1.1531170445359034
discusses trust betrayed,2,0,4.4070336256665636e-05,1.551301541993733e-05,2,-1.044107532800316
measles complication yr,0,2,1.4690112085555213e-05,4.653904625981198e-05,2,1.1531170445359034
mchenry tunnel bore,0,2,1.4690112085555213e-05,4.653904625981198e-05,2,1.1531170445359034
mayhem world title,2,0,4.4070336256665636e-05,1.551301541993733e-05,2,-1.044107532800316
mayhem playthursdays everybody,2,0,4.4070336256665636e-05,1.551301541993733e-05,2,-1.044107532800316
insurer say rioting,0,2,1.4690112085555213e-05,4.653904625981198e-05,2,1.1531170445359034
insurer million police,0,2,1.4690112085555213e-05,4.653904625981198e-05,2,1.1531170445359034
insurer blast lack,0,2,1.4690112085555213e-05,4.653904625981198e-05,2,1.1531170445359034
metric penalty may,2,0,4.4070336256665636e-05,1.551301541993733e-05,2,-1.044107532800316
metal mayhem world,2,0,4.4070336256665636e-05,1.551301541993733e-05,2,-1.044107532800316
messenger bag clutch,2,0,4.4070336256665636e-05,1.551301541993733e-05,2,-1.044107532800316
message condolence vietnam,0,2,1.4690112085555213e-05,4.653904625981198e-05,2,1.1531170445359034
mercury cyclone gt,1,1,2.9380224171110426e-05,3.102603083987466e-05,2,0.05450475586779363
mentioned versethe heaven,2,0,4.4070336256665636e-05,1.551301541993733e-05,2,-1.044107532800316
mentally preparing bomb,2,0,4.4070336256665636e-05,1.551301541993733e-05,2,-1.044107532800316
men writer explores,2,0,4.4070336256665636e-05,1.551301541993733e-05,2,-1.044107532800316
memory plus lesson,0,2,1.4690112085555213e-05,4.653904625981198e-05,2,1.1531170445359034
memorial planned toddler,2,0,4.4070336256665636e-05,1.551301541993733e-05,2,-1.044107532800316
member killed four,0,2,1.4690112085555213e-05,4.653904625981198e-05,2,1.1531170445359034
meg issue hazardous,0,2,1.4690112085555213e-05,4.653904625981198e-05,2,1.1531170445359034
medium pakistan covered,1,1,2.9380224171110426e-05,3.102603083987466e-05,2,0.05450475586779363
mile full story,2,0,4.4070336256665636e-05,1.551301541993733e-05,2,-1.044107532800316
mike magner discusses,2,0,4.4070336256665636e-05,1.551301541993733e-05,2,-1.044107532800316
migrant africa news,0,2,1.4690112085555213e-05,4.653904625981198e-05,2,1.1531170445359034
michelebachman predict world,1,1,2.9380224171110426e-05,3.102603083987466e-05,2,0.05450475586779363
mi crashed near,0,2,1.4690112085555213e-05,4.653904625981198e-05,2,1.1531170445359034
mh malaysian pm,0,2,1.4690112085555213e-05,4.653904625981198e-05,2,1.1531170445359034
car charger apple,1,1,2.9380224171110426e-05,3.102603083987466e-05,2,0.05450475586779363
capture terrorist mohammed,1,1,2.9380224171110426e-05,3.102603083987466e-05,2,0.05450475586779363
involving kid sport,0,2,1.4690112085555213e-05,4.653904625981198e-05,2,1.1531170445359034
investigating pedestrian fatality,1,1,2.9380224171110426e-05,3.102603083987466e-05,2,0.05450475586779363
investigating ebike collided,0,2,1.4690112085555213e-05,4.653904625981198e-05,2,1.1531170445359034
internally displaced person,0,2,1.4690112085555213e-05,4.653904625981198e-05,2,1.1531170445359034
intern seattle apply,2,0,4.4070336256665636e-05,1.551301541993733e-05,2,-1.044107532800316
interlaken california time,1,1,2.9380224171110426e-05,3.102603083987466e-05,2,0.05450475586779363
interesting great run,2,0,4.4070336256665636e-05,1.551301541993733e-05,2,-1.044107532800316
interest bargain hunt,1,1,2.9380224171110426e-05,3.102603083987466e-05,2,0.05450475586779363
mile north japton,0,2,1.4690112085555213e-05,4.653904625981198e-05,2,1.1531170445359034
bully ray taken,2,0,4.4070336256665636e-05,1.551301541993733e-05,2,-1.044107532800316
bullseye typhoon soudelor,0,2,1.4690112085555213e-05,4.653904625981198e-05,2,1.1531170445359034
bulletin no typhoon,0,2,1.4690112085555213e-05,4.653904625981198e-05,2,1.1531170445359034
building structural integrity,1,1,2.9380224171110426e-05,3.102603083987466e-05,2,0.05450475586779363
building strikesstrikes western,0,2,1.4690112085555213e-05,4.653904625981198e-05,2,1.1531170445359034
building stealing neighbor,0,2,1.4690112085555213e-05,4.653904625981198e-05,2,1.1531170445359034
building police chase,1,1,2.9380224171110426e-05,3.102603083987466e-05,2,0.05450475586779363
building oooooohhhh oooh,1,1,2.9380224171110426e-05,3.102603083987466e-05,2,0.05450475586779363
building medium outrage,0,2,1.4690112085555213e-05,4.653904625981198e-05,2,1.1531170445359034
building looting store,2,0,4.4070336256665636e-05,1.551301541993733e-05,2,-1.044107532800316
building epic city,1,1,2.9380224171110426e-05,3.102603083987466e-05,2,0.05450475586779363
building business executing,0,2,1.4690112085555213e-05,4.653904625981198e-05,2,1.1531170445359034
building building oooooohhhh,1,1,2.9380224171110426e-05,3.102603083987466e-05,2,0.05450475586779363
budget fighting fire,0,2,1.4690112085555213e-05,4.653904625981198e-05,2,1.1531170445359034
mile marker south,0,2,1.4690112085555213e-05,4.653904625981198e-05,2,1.1531170445359034
injured missing bridge,0,2,1.4690112085555213e-05,4.653904625981198e-05,2,1.1531170445359034
injured madhya pradesh,0,2,1.4690112085555213e-05,4.653904625981198e-05,2,1.1531170445359034
mma faan noted,0,2,1.4690112085555213e-05,4.653904625981198e-05,2,1.1531170445359034
mix new flat,2,0,4.4070336256665636e-05,1.551301541993733e-05,2,-1.044107532800316
mix flattened full,2,0,4.4070336256665636e-05,1.551301541993733e-05,2,-1.044107532800316
missing flood philippine,0,2,1.4690112085555213e-05,4.653904625981198e-05,2,1.1531170445359034
missing bridge collapse,0,2,1.4690112085555213e-05,4.653904625981198e-05,2,1.1531170445359034
missing anymore theyre,1,1,2.9380224171110426e-05,3.102603083987466e-05,2,0.05450475586779363
minute walking mph,1,1,2.9380224171110426e-05,3.102603083987466e-05,2,0.05450475586779363
minister prabhu call,0,2,1.4690112085555213e-05,4.653904625981198e-05,2,1.1531170445359034
million police number,0,2,1.4690112085555213e-05,4.653904625981198e-05,2,1.1531170445359034
million pakistan daily,0,2,1.4690112085555213e-05,4.653904625981198e-05,2,1.1531170445359034
million japanese fatality,0,2,1.4690112085555213e-05,4.653904625981198e-05,2,1.1531170445359034
military veteran environment,2,0,4.4070336256665636e-05,1.551301541993733e-05,2,-1.044107532800316
military use atomic,0,2,1.4690112085555213e-05,4.653904625981198e-05,2,1.1531170445359034
militant attack udhampur,0,2,1.4690112085555213e-05,4.653904625981198e-05,2,1.1531170445359034
mop apollo brown,1,1,2.9380224171110426e-05,3.102603083987466e-05,2,0.05450475586779363
mooresville iredell vehicle,0,2,1.4690112085555213e-05,4.653904625981198e-05,2,1.1531170445359034
moment duke hazard,2,0,4.4070336256665636e-05,1.551301541993733e-05,2,-1.044107532800316
mom threw teen,1,1,2.9380224171110426e-05,3.102603083987466e-05,2,0.05450475586779363
mod showcase popularmmos,2,0,4.4070336256665636e-05,1.551301541993733e-05,2,-1.044107532800316
mmmmmm burning burning,1,1,2.9380224171110426e-05,3.102603083987466e-05,2,0.05450475586779363
insurance texas seek,1,1,2.9380224171110426e-05,3.102603083987466e-05,2,0.05450475586779363
insurance association twia,1,1,2.9380224171110426e-05,3.102603083987466e-05,2,0.05450475586779363
instead hosting banquet,1,1,2.9380224171110426e-05,3.102603083987466e-05,2,0.05450475586779363
inspired mode likely,2,0,4.4070336256665636e-05,1.551301541993733e-05,2,-1.044107532800316
injury report rb,2,0,4.4070336256665636e-05,1.551301541993733e-05,2,-1.044107532800316
injury rd ave,0,2,1.4690112085555213e-05,4.653904625981198e-05,2,1.1531170445359034
injury involving kid,0,2,1.4690112085555213e-05,4.653904625981198e-05,2,1.1531170445359034
injures ankle listed,2,0,4.4070336256665636e-05,1.551301541993733e-05,2,-1.044107532800316
injured two bus,0,2,1.4690112085555213e-05,4.653904625981198e-05,2,1.1531170445359034
injured responder renew,0,2,1.4690112085555213e-05,4.653904625981198e-05,2,1.1531170445359034
mph large hail,0,2,1.4690112085555213e-05,4.653904625981198e-05,2,1.1531170445359034
mph hail weston,0,2,1.4690112085555213e-05,4.653904625981198e-05,2,1.1531170445359034
mph brisk pace,1,1,2.9380224171110426e-05,3.102603083987466e-05,2,0.05450475586779363
mp tragedy accident,0,2,1.4690112085555213e-05,4.653904625981198e-05,2,1.1531170445359034
mp fort mchenry,0,2,1.4690112085555213e-05,4.653904625981198e-05,2,1.1531170445359034
mp derailment natural,0,2,1.4690112085555213e-05,4.653904625981198e-05,2,1.1531170445359034
moving se mph,0,2,1.4690112085555213e-05,4.653904625981198e-05,2,1.1531170445359034
moving northeast toward,0,2,1.4690112085555213e-05,4.653904625981198e-05,2,1.1531170445359034
move se towards,0,2,1.4690112085555213e-05,4.653904625981198e-05,2,1.1531170445359034
move like full,1,1,2.9380224171110426e-05,3.102603083987466e-05,2,0.05450475586779363
move hijack apc,1,1,2.9380224171110426e-05,3.102603083987466e-05,2,0.05450475586779363
move ahead financing,2,0,4.4070336256665636e-05,1.551301541993733e-05,2,-1.044107532800316
mourns drowning superhero,1,1,2.9380224171110426e-05,3.102603083987466e-05,2,0.05450475586779363
motor vehicle collision,0,2,1.4690112085555213e-05,4.653904625981198e-05,2,1.1531170445359034
mosque least dead,0,2,1.4690112085555213e-05,4.653904625981198e-05,2,1.1531170445359034
morning sun phoenix,1,1,2.9380224171110426e-05,3.102603083987466e-05,2,0.05450475586779363
impacted indian operation,2,0,4.4070336256665636e-05,1.551301541993733e-05,2,-1.044107532800316
image infamous hijacker,1,1,2.9380224171110426e-05,3.102603083987466e-05,2,0.05450475586779363
illinois tornado slipped,0,2,1.4690112085555213e-05,4.653904625981198e-05,2,1.1531170445359034
ii book lightning,1,1,2.9380224171110426e-05,3.102603083987466e-05,2,0.05450475586779363
music video want,1,1,2.9380224171110426e-05,3.102603083987466e-05,2,0.05450475586779363
murderer thank god,0,2,1.4690112085555213e-05,4.653904625981198e-05,2,1.1531170445359034
murder take place,0,2,1.4690112085555213e-05,4.653904625981198e-05,2,1.1531170445359034
murder many sick,1,1,2.9380224171110426e-05,3.102603083987466e-05,2,0.05450475586779363
mumbai ttes take,0,2,1.4690112085555213e-05,4.653904625981198e-05,2,1.1531170445359034
mum diesis murder,1,1,2.9380224171110426e-05,3.102603083987466e-05,2,0.05450475586779363
multiple building fire,0,2,1.4690112085555213e-05,4.653904625981198e-05,2,1.1531170445359034
mullah omars death,1,1,2.9380224171110426e-05,3.102603083987466e-05,2,0.05450475586779363
mudslide taste like,2,0,4.4070336256665636e-05,1.551301541993733e-05,2,-1.044107532800316
mudslide like chewing,1,1,2.9380224171110426e-05,3.102603083987466e-05,2,0.05450475586779363
mph wind not,0,2,1.4690112085555213e-05,4.653904625981198e-05,2,1.1531170445359034
mph poss arwx,0,2,1.4690112085555213e-05,4.653904625981198e-05,2,1.1531170445359034
briton rescued amid,0,2,1.4690112085555213e-05,4.653904625981198e-05,2,1.1531170445359034
british insurer say,0,2,1.4690112085555213e-05,4.653904625981198e-05,2,1.1531170445359034
national briefing west,0,2,1.4690112085555213e-05,4.653904625981198e-05,2,1.1531170445359034
muzzamil pilot offr,0,2,1.4690112085555213e-05,4.653904625981198e-05,2,1.1531170445359034
must protect internally,0,2,1.4690112085555213e-05,4.653904625981198e-05,2,1.1531170445359034
must overlooking burning,0,2,1.4690112085555213e-05,4.653904625981198e-05,2,1.1531170445359034
muslim terrorist weapon,0,2,1.4690112085555213e-05,4.653904625981198e-05,2,1.1531170445359034
musician kalle mattson,2,0,4.4070336256665636e-05,1.551301541993733e-05,2,-1.044107532800316
injured biker marin,0,2,1.4690112085555213e-05,4.653904625981198e-05,2,1.1531170445359034
information phone email,0,2,1.4690112085555213e-05,4.653904625981198e-05,2,1.1531170445359034
infoorder sm pin,1,1,2.9380224171110426e-05,3.102603083987466e-05,2,0.05450475586779363
inferno cant accept,1,1,2.9380224171110426e-05,3.102603083987466e-05,2,0.05450475586779363
infamous hijacker db,1,1,2.9380224171110426e-05,3.102603083987466e-05,2,0.05450475586779363
indian express indi,0,2,1.4690112085555213e-05,4.653904625981198e-05,2,1.1531170445359034
increased thyroid cancer,0,2,1.4690112085555213e-05,4.653904625981198e-05,2,1.1531170445359034
incident injuryi inner,0,2,1.4690112085555213e-05,4.653904625981198e-05,2,1.1531170445359034
near roosevelt wash,0,2,1.4690112085555213e-05,4.653904625981198e-05,2,1.1531170445359034
near mansehra today,0,2,1.4690112085555213e-05,4.653904625981198e-05,2,1.1531170445359034
near coast western,0,2,1.4690112085555213e-05,4.653904625981198e-05,2,1.1531170445359034
nd street manchester,0,2,1.4690112085555213e-05,4.653904625981198e-05,2,1.1531170445359034
natural gas line,0,2,1.4690112085555213e-05,4.653904625981198e-05,2,1.1531170445359034
natural disaster survival,1,1,2.9380224171110426e-05,3.102603083987466e-05,2,0.05450475586779363
natural disaster get,2,0,4.4070336256665636e-05,1.551301541993733e-05,2,-1.044107532800316
bu dmpl cameo,2,0,4.4070336256665636e-05,1.551301541993733e-05,2,-1.044107532800316
btwn fwy irvine,0,2,1.4690112085555213e-05,4.653904625981198e-05,2,1.1531170445359034
brutally abuseddesolatelost lovely,1,1,2.9380224171110426e-05,3.102603083987466e-05,2,0.05450475586779363
brown allows parole,2,0,4.4070336256665636e-05,1.551301541993733e-05,2,-1.044107532800316
brought beginning universe,2,0,4.4070336256665636e-05,1.551301541993733e-05,2,-1.044107532800316
brother play armory,2,0,4.4070336256665636e-05,1.551301541993733e-05,2,-1.044107532800316
brooklyn sixmeter crater,0,2,1.4690112085555213e-05,4.653904625981198e-05,2,1.1531170445359034
brooklyn sinkhole sinkhole,2,0,4.4070336256665636e-05,1.551301541993733e-05,2,-1.044107532800316
bronx total case,0,2,1.4690112085555213e-05,4.653904625981198e-05,2,1.1531170445359034
casualty first half,0,2,1.4690112085555213e-05,4.653904625981198e-05,2,1.1531170445359034
id news update,0,2,1.4690112085555213e-05,4.653904625981198e-05,2,1.1531170445359034
icymi ash australia,1,1,2.9380224171110426e-05,3.102603083987466e-05,2,0.05450475586779363
near venice heavy,0,2,1.4690112085555213e-05,4.653904625981198e-05,2,1.1531170445359034
disaster increased thyroid,0,2,1.4690112085555213e-05,4.653904625981198e-05,2,1.1531170445359034
disaster get angry,2,0,4.4070336256665636e-05,1.551301541993733e-05,2,-1.044107532800316
disaster collapse unfolded,0,2,1.4690112085555213e-05,4.653904625981198e-05,2,1.1531170445359034
disappear dust storm,0,2,1.4690112085555213e-05,4.653904625981198e-05,2,1.1531170445359034
dirt riot series,2,0,4.4070336256665636e-05,1.551301541993733e-05,2,-1.044107532800316
dieplease sign petitiontake,1,1,2.9380224171110426e-05,3.102603083987466e-05,2,0.05450475586779363
die everything annihilated,2,0,4.4070336256665636e-05,1.551301541993733e-05,2,-1.044107532800316
diaporama sixpenceee karymsky,2,0,4.4070336256665636e-05,1.551301541993733e-05,2,-1.044107532800316
coyote lizard morning,1,1,2.9380224171110426e-05,3.102603083987466e-05,2,0.05450475586779363
covered capture terrorist,1,1,2.9380224171110426e-05,3.102603083987466e-05,2,0.05450475586779363
cover clever music,2,0,4.4070336256665636e-05,1.551301541993733e-05,2,-1.044107532800316
near th osborn,0,2,1.4690112085555213e-05,4.653904625981198e-05,2,1.1531170445359034
new flat double,2,0,4.4070336256665636e-05,1.551301541993733e-05,2,-1.044107532800316
new evacuation ordered,0,2,1.4690112085555213e-05,4.653904625981198e-05,2,1.1531170445359034
new document found,0,2,1.4690112085555213e-05,4.653904625981198e-05,2,1.1531170445359034
new de jhaustin,2,0,4.4070336256665636e-05,1.551301541993733e-05,2,-1.044107532800316
never want back,2,0,4.4070336256665636e-05,1.551301541993733e-05,2,-1.044107532800316
never marked vulnerable,0,2,1.4690112085555213e-05,4.653904625981198e-05,2,1.1531170445359034
need stop publicizing,1,1,2.9380224171110426e-05,3.102603083987466e-05,2,0.05450475586779363
need nuclear weapon,0,2,1.4690112085555213e-05,4.653904625981198e-05,2,1.1531170445359034
need help horse,1,1,2.9380224171110426e-05,3.102603083987466e-05,2,0.05450475586779363
nearly double weekold,0,2,1.4690112085555213e-05,4.653904625981198e-05,2,1.1531170445359034
ihhen msf refugee,0,2,1.4690112085555213e-05,4.653904625981198e-05,2,1.1531170445359034
cave decor full,0,2,1.4690112085555213e-05,4.653904625981198e-05,2,1.1531170445359034
caution breathing may,1,1,2.9380224171110426e-05,3.102603083987466e-05,2,0.05450475586779363
causing di maria,2,0,4.4070336256665636e-05,1.551301541993733e-05,2,-1.044107532800316
caught unawares mp,0,2,1.4690112085555213e-05,4.653904625981198e-05,2,1.1531170445359034
catch fire reno,0,2,1.4690112085555213e-05,4.653904625981198e-05,2,1.1531170445359034
news home rescuer,0,2,1.4690112085555213e-05,4.653904625981198e-05,2,1.1531170445359034
news fedex no,0,2,1.4690112085555213e-05,4.653904625981198e-05,2,1.1531170445359034
news demolition house,2,0,4.4070336256665636e-05,1.551301541993733e-05,2,-1.044107532800316
news casualty far,0,2,1.4690112085555213e-05,4.653904625981198e-05,2,1.1531170445359034
news bin laden,0,2,1.4690112085555213e-05,4.653904625981198e-05,2,1.1531170445359034
newlywed feed thousand,1,1,2.9380224171110426e-05,3.102603083987466e-05,2,0.05450475586779363
newberg upheaval jacque,2,0,4.4070336256665636e-05,1.551301541993733e-05,2,-1.044107532800316
new york killed,0,2,1.4690112085555213e-05,4.653904625981198e-05,2,1.1531170445359034
new york city,0,2,1.4690112085555213e-05,4.653904625981198e-05,2,1.1531170445359034
new world work,2,0,4.4070336256665636e-05,1.551301541993733e-05,2,-1.044107532800316
new warning central,0,2,1.4690112085555213e-05,4.653904625981198e-05,2,1.1531170445359034
new summer long,2,0,4.4070336256665636e-05,1.551301541993733e-05,2,-1.044107532800316
new post people,2,0,4.4070336256665636e-05,1.551301541993733e-05,2,-1.044107532800316
new photo oak,1,1,2.9380224171110426e-05,3.102603083987466e-05,2,0.05450475586779363
new giant flame,1,1,2.9380224171110426e-05,3.102603083987466e-05,2,0.05450475586779363
new friend replace,2,0,4.4070336256665636e-05,1.551301541993733e-05,2,-1.044107532800316
human islam opposite,1,1,2.9380224171110426e-05,3.102603083987466e-05,2,0.05450475586779363
huge cliff landslide,0,2,1.4690112085555213e-05,4.653904625981198e-05,2,1.1531170445359034
housed near th,0,2,1.4690112085555213e-05,4.653904625981198e-05,2,1.1531170445359034
house waterway begin,2,0,4.4070336256665636e-05,1.551301541993733e-05,2,-1.044107532800316
no longer shipping,2,0,4.4070336256665636e-05,1.551301541993733e-05,2,-1.044107532800316
no injury rd,0,2,1.4690112085555213e-05,4.653904625981198e-05,2,1.1531170445359034
njenga hero saved,0,2,1.4690112085555213e-05,4.653904625981198e-05,2,1.1531170445359034
nike sportwatch gps,2,0,4.4070336256665636e-05,1.551301541993733e-05,2,-1.044107532800316
night emergency bay,2,0,4.4070336256665636e-05,1.551301541993733e-05,2,-1.044107532800316
next global financial,2,0,4.4070336256665636e-05,1.551301541993733e-05,2,-1.044107532800316
next financial crash,2,0,4.4070336256665636e-05,1.551301541993733e-05,2,-1.044107532800316
newswatch vehicle collided,0,2,1.4690112085555213e-05,4.653904625981198e-05,2,1.1531170445359034
news weather traffic,2,0,4.4070336256665636e-05,1.551301541993733e-05,2,-1.044107532800316
news update family,0,2,1.4690112085555213e-05,4.653904625981198e-05,2,1.1531170445359034
news refugio oil,0,2,1.4690112085555213e-05,4.653904625981198e-05,2,1.1531170445359034
news record hurricane,0,2,1.4690112085555213e-05,4.653904625981198e-05,2,1.1531170445359034
north mp fort,0,2,1.4690112085555213e-05,4.653904625981198e-05,2,1.1531170445359034
north japton moving,0,2,1.4690112085555213e-05,4.653904625981198e-05,2,1.1531170445359034
noonan heartbreak baltimore,1,1,2.9380224171110426e-05,3.102603083987466e-05,2,0.05450475586779363
nonlife threatening injury,0,2,1.4690112085555213e-05,4.653904625981198e-05,2,1.1531170445359034
none trust shall,2,0,4.4070336256665636e-05,1.551301541993733e-05,2,-1.044107532800316
non evacuation interesting,2,0,4.4070336256665636e-05,1.551301541993733e-05,2,-1.044107532800316
no typhoon hannaph,0,2,1.4690112085555213e-05,4.653904625981198e-05,2,1.1531170445359034
no serious injury,0,2,1.4690112085555213e-05,4.653904625981198e-05,2,1.1531170445359034
no one else,2,0,4.4070336256665636e-05,1.551301541993733e-05,2,-1.044107532800316
no news casualty,0,2,1.4690112085555213e-05,4.653904625981198e-05,2,1.1531170445359034
hyderabad deluged heavy,0,2,1.4690112085555213e-05,4.653904625981198e-05,2,1.1531170445359034
hwy fire near,0,2,1.4690112085555213e-05,4.653904625981198e-05,2,1.1531170445359034
hurricane guillermo meteoearth,0,2,1.4690112085555213e-05,4.653904625981198e-05,2,1.1531170445359034
hunt student failed,0,2,1.4690112085555213e-05,4.653904625981198e-05,2,1.1531170445359034
hunt student countynews,0,2,1.4690112085555213e-05,4.653904625981198e-05,2,1.1531170445359034
hundred migrant africa,0,2,1.4690112085555213e-05,4.653904625981198e-05,2,1.1531170445359034
notexplained known image,1,1,2.9380224171110426e-05,3.102603083987466e-05,2,0.05450475586779363
noted action become,0,2,1.4690112085555213e-05,4.653904625981198e-05,2,1.1531170445359034
not weak ben,1,1,2.9380224171110426e-05,3.102603083987466e-05,2,0.05450475586779363
not upset rally,0,2,1.4690112085555213e-05,4.653904625981198e-05,2,1.1531170445359034
not mass murderer,2,0,4.4070336256665636e-05,1.551301541993733e-05,2,-1.044107532800316
not impacted indian,2,0,4.4070336256665636e-05,1.551301541993733e-05,2,-1.044107532800316
not good idea,1,1,2.9380224171110426e-05,3.102603083987466e-05,2,0.05450475586779363
not gonna lie,2,0,4.4070336256665636e-05,1.551301541993733e-05,2,-1.044107532800316
not fan burning,0,2,1.4690112085555213e-05,4.653904625981198e-05,2,1.1531170445359034
not chesttorso area,1,1,2.9380224171110426e-05,3.102603083987466e-05,2,0.05450475586779363
not affecting sturgis,0,2,1.4690112085555213e-05,4.653904625981198e-05,2,1.1531170445359034
nosurrender result full,2,0,4.4070336256665636e-05,1.551301541993733e-05,2,-1.044107532800316
northern part state,0,2,1.4690112085555213e-05,4.653904625981198e-05,2,1.1531170445359034
northern california swell,0,2,1.4690112085555213e-05,4.653904625981198e-05,2,1.1531170445359034
northeast toward va,0,2,1.4690112085555213e-05,4.653904625981198e-05,2,1.1531170445359034
north southbound closed,0,2,1.4690112085555213e-05,4.653904625981198e-05,2,1.1531170445359034
earthquake la dont,0,2,1.4690112085555213e-05,4.653904625981198e-05,2,1.1531170445359034
hosting banquet wedding,1,1,2.9380224171110426e-05,3.102603083987466e-05,2,0.05450475586779363
nuclear disaster increased,0,2,1.4690112085555213e-05,4.653904625981198e-05,2,1.1531170445359034
brisk pace myfitnesspal,1,1,2.9380224171110426e-05,3.102603083987466e-05,2,0.05450475586779363
briefing west california,0,2,1.4690112085555213e-05,4.653904625981198e-05,2,1.1531170445359034
bridge twitter reacted,0,2,1.4690112085555213e-05,4.653904625981198e-05,2,1.1531170445359034
bridge johannesburg aug,0,2,1.4690112085555213e-05,4.653904625981198e-05,2,1.1531170445359034
bridge collapse central,0,2,1.4690112085555213e-05,4.653904625981198e-05,2,1.1531170445359034
bridge among worst,1,1,2.9380224171110426e-05,3.102603083987466e-05,2,0.05450475586779363
brian ruebs endures,2,0,4.4070336256665636e-05,1.551301541993733e-05,2,-1.044107532800316
breathing may hazardous,1,1,2.9380224171110426e-05,3.102603083987466e-05,2,0.05450475586779363
breaking obama official,0,2,1.4690112085555213e-05,4.653904625981198e-05,2,1.1531170445359034
breaking ef el,0,2,1.4690112085555213e-05,4.653904625981198e-05,2,1.1531170445359034
break disrupts trolley,0,2,1.4690112085555213e-05,4.653904625981198e-05,2,1.1531170445359034
brazilian blowout copycat,2,0,4.4070336256665636e-05,1.551301541993733e-05,2,-1.044107532800316
nu suppose student,0,2,1.4690112085555213e-05,4.653904625981198e-05,2,1.1531170445359034
obama official gave,0,2,1.4690112085555213e-05,4.653904625981198e-05,2,1.1531170445359034
obama comparison gop,1,1,2.9380224171110426e-05,3.102603083987466e-05,2,0.05450475586779363
number reduced blind,0,2,1.4690112085555213e-05,4.653904625981198e-05,2,1.1531170445359034
nude twister sex,1,1,2.9380224171110426e-05,3.102603083987466e-05,2,0.05450475586779363
nuclear weapon denver,0,2,1.4690112085555213e-05,4.653904625981198e-05,2,1.1531170445359034
nuclear plant move,2,0,4.4070336256665636e-05,1.551301541993733e-05,2,-1.044107532800316
house next door,2,0,4.4070336256665636e-05,1.551301541993733e-05,2,-1.044107532800316
edm announcement chem,2,0,4.4070336256665636e-05,1.551301541993733e-05,2,-1.044107532800316
editorial world longs,0,2,1.4690112085555213e-05,4.653904625981198e-05,2,1.1531170445359034
economy coping huge,2,0,4.4070336256665636e-05,1.551301541993733e-05,2,-1.044107532800316
ebola case washington,0,2,1.4690112085555213e-05,4.653904625981198e-05,2,1.1531170445359034
ebike rider suffered,0,2,1.4690112085555213e-05,4.653904625981198e-05,2,1.1531170445359034
ebike collided car,0,2,1.4690112085555213e-05,4.653904625981198e-05,2,1.1531170445359034
east bay serial,0,2,1.4690112085555213e-05,4.653904625981198e-05,2,1.1531170445359034
earthquake standard vashon,0,2,1.4690112085555213e-05,4.653904625981198e-05,2,1.1531170445359034
earthquake occurred km,0,2,1.4690112085555213e-05,4.653904625981198e-05,2,1.1531170445359034
oil spill bankstown,0,2,1.4690112085555213e-05,4.653904625981198e-05,2,1.1531170445359034
oil previously estimated,0,2,1.4690112085555213e-05,4.653904625981198e-05,2,1.1531170445359034
oil gas exploration,0,2,1.4690112085555213e-05,4.653904625981198e-05,2,1.1531170445359034
oh finally jennifer,2,0,4.4070336256665636e-05,1.551301541993733e-05,2,-1.044107532800316
offs back dorrets,1,1,2.9380224171110426e-05,3.102603083987466e-05,2,0.05450475586779363
offroad wd boat,2,0,4.4070336256665636e-05,1.551301541993733e-05,2,-1.044107532800316
offramp south sac,0,2,1.4690112085555213e-05,4.653904625981198e-05,2,1.1531170445359034
offr mi crashed,0,2,1.4690112085555213e-05,4.653904625981198e-05,2,1.1531170445359034
official washington ever,0,2,1.4690112085555213e-05,4.653904625981198e-05,2,1.1531170445359034
official vid doublecups,2,0,4.4070336256665636e-05,1.551301541993733e-05,2,-1.044107532800316
official say new,0,2,1.4690112085555213e-05,4.653904625981198e-05,2,1.1531170445359034
official say debris,0,2,1.4690112085555213e-05,4.653904625981198e-05,2,1.1531170445359034
official killed pkk,0,2,1.4690112085555213e-05,4.653904625981198e-05,2,1.1531170445359034
official gave muslim,0,2,1.4690112085555213e-05,4.653904625981198e-05,2,1.1531170445359034
officer arrested abusing,0,2,1.4690112085555213e-05,4.653904625981198e-05,2,1.1531170445359034
obliterated burning firey,1,1,2.9380224171110426e-05,3.102603083987466e-05,2,0.05450475586779363
online date still,2,0,4.4070336256665636e-05,1.551301541993733e-05,2,-1.044107532800316
one man fatally,0,2,1.4690112085555213e-05,4.653904625981198e-05,2,1.1531170445359034
one careless match,1,1,2.9380224171110426e-05,3.102603083987466e-05,2,0.05450475586779363
omega men writer,2,0,4.4070336256665636e-05,1.551301541993733e-05,2,-1.044107532800316
oklahoma tornado nearly,0,2,1.4690112085555213e-05,4.653904625981198e-05,2,1.1531170445359034
oklahoma county pm,0,2,1.4690112085555213e-05,4.653904625981198e-05,2,1.1531170445359034
horse dieplease sign,1,1,2.9380224171110426e-05,3.102603083987466e-05,2,0.05450475586779363
horrific story hostage,0,2,1.4690112085555213e-05,4.653904625981198e-05,2,1.1531170445359034
charged manslaughter shooting,0,2,1.4690112085555213e-05,4.653904625981198e-05,2,1.1531170445359034
charge helpline calm,0,2,1.4690112085555213e-05,4.653904625981198e-05,2,1.1531170445359034
ceo stress board,2,0,4.4070336256665636e-05,1.551301541993733e-05,2,-1.044107532800316
central hill hail,0,2,1.4690112085555213e-05,4.653904625981198e-05,2,1.1531170445359034
home possible ebola,0,2,1.4690112085555213e-05,4.653904625981198e-05,2,1.1531170445359034
home made lava,2,0,4.4070336256665636e-05,1.551301541993733e-05,2,-1.044107532800316
okinawa island region,0,2,1.4690112085555213e-05,4.653904625981198e-05,2,1.1531170445359034
ok pm cdt,0,2,1.4690112085555213e-05,4.653904625981198e-05,2,1.1531170445359034
order cleanup underway,0,2,1.4690112085555213e-05,4.653904625981198e-05,2,1.1531170445359034
bp oil spill,0,2,1.4690112085555213e-05,4.653904625981198e-05,2,1.1531170445359034
box start campfire,1,1,2.9380224171110426e-05,3.102603083987466e-05,2,0.05450475586779363
boundary may create,0,2,1.4690112085555213e-05,4.653904625981198e-05,2,1.1531170445359034
bottle cap choose,2,0,4.4070336256665636e-05,1.551301541993733e-05,2,-1.044107532800316
boot camp san,0,2,1.4690112085555213e-05,4.653904625981198e-05,2,1.1531170445359034
book lightning joe,1,1,2.9380224171110426e-05,3.102603083987466e-05,2,0.05450475586779363
bombing saudi police,0,2,1.4690112085555213e-05,4.653904625981198e-05,2,1.1531170445359034
bombing saudi arabian,0,2,1.4690112085555213e-05,4.653904625981198e-05,2,1.1531170445359034
bombing location named,0,2,1.4690112085555213e-05,4.653904625981198e-05,2,1.1531170445359034
bombing iran would,1,1,2.9380224171110426e-05,3.102603083987466e-05,2,0.05450475586779363
bombing hiroshima senior,0,2,1.4690112085555213e-05,4.653904625981198e-05,2,1.1531170445359034
opening nursing job,2,0,4.4070336256665636e-05,1.551301541993733e-05,2,-1.044107532800316
oooooohhhh oooh ooh,1,1,2.9380224171110426e-05,3.102603083987466e-05,2,0.05450475586779363
onlinecommunities reddit amageddon,1,1,2.9380224171110426e-05,3.102603083987466e-05,2,0.05450475586779363
online funny moment,2,0,4.4070336256665636e-05,1.551301541993733e-05,2,-1.044107532800316
palestinian overnight terror,0,2,1.4690112085555213e-05,4.653904625981198e-05,2,1.1531170445359034
pakistan say army,0,2,1.4690112085555213e-05,4.653904625981198e-05,2,1.1531170445359034
pakistan daily news,0,2,1.4690112085555213e-05,4.653904625981198e-05,2,1.1531170445359034
pakistan covered capture,1,1,2.9380224171110426e-05,3.102603083987466e-05,2,0.05450475586779363
pakistan caught redhanded,0,2,1.4690112085555213e-05,4.653904625981198e-05,2,1.1531170445359034
pace nike sportwatch,2,0,4.4070336256665636e-05,1.551301541993733e-05,2,-1.044107532800316
overnight terror palestinian,0,2,1.4690112085555213e-05,4.653904625981198e-05,2,1.1531170445359034
overnight storm battered,0,2,1.4690112085555213e-05,4.653904625981198e-05,2,1.1531170445359034
overlooking burning building,0,2,1.4690112085555213e-05,4.653904625981198e-05,2,1.1531170445359034
outflow boundary may,0,2,1.4690112085555213e-05,4.653904625981198e-05,2,1.1531170445359034
outbreak south bronx,0,2,1.4690112085555213e-05,4.653904625981198e-05,2,1.1531170445359034
others injured two,0,2,1.4690112085555213e-05,4.653904625981198e-05,2,1.1531170445359034
osborn fire extinguished,0,2,1.4690112085555213e-05,4.653904625981198e-05,2,1.1531170445359034
ornament wreck sailing,0,2,1.4690112085555213e-05,4.653904625981198e-05,2,1.1531170445359034
ordered home danger,0,2,1.4690112085555213e-05,4.653904625981198e-05,2,1.1531170445359034
order lifted roosevelt,0,2,1.4690112085555213e-05,4.653904625981198e-05,2,1.1531170445359034
chemical brother play,2,0,4.4070336256665636e-05,1.551301541993733e-05,2,-1.044107532800316
chase not weak,1,1,2.9380224171110426e-05,3.102603083987466e-05,2,0.05450475586779363
hit train thursday,1,1,2.9380224171110426e-05,3.102603083987466e-05,2,0.05450475586779363
parenthood claim pant,2,0,4.4070336256665636e-05,1.551301541993733e-05,2,-1.044107532800316
pant fire lie,2,0,4.4070336256665636e-05,1.551301541993733e-05,2,-1.044107532800316
panic air want,2,0,4.4070336256665636e-05,1.551301541993733e-05,2,-1.044107532800316
palm california time,0,2,1.4690112085555213e-05,4.653904625981198e-05,2,1.1531170445359034
bomber target saudi,0,2,1.4690112085555213e-05,4.653904625981198e-05,2,1.1531170445359034
bomber kill dozen,0,2,1.4690112085555213e-05,4.653904625981198e-05,2,1.1531170445359034
bomb editorial world,0,2,1.4690112085555213e-05,4.653904625981198e-05,2,1.1531170445359034
bomb as school,2,0,4.4070336256665636e-05,1.551301541993733e-05,2,-1.044107532800316
body shoulder bag,2,0,4.4070336256665636e-05,1.551301541993733e-05,2,-1.044107532800316
body messenger bag,2,0,4.4070336256665636e-05,1.551301541993733e-05,2,-1.044107532800316
body geometric pattern,2,0,4.4070336256665636e-05,1.551301541993733e-05,2,-1.044107532800316
body bagging nigga,1,1,2.9380224171110426e-05,3.102603083987466e-05,2,0.05450475586779363
body bagging as,2,0,4.4070336256665636e-05,1.551301541993733e-05,2,-1.044107532800316
password ar technica,2,0,4.4070336256665636e-05,1.551301541993733e-05,2,-1.044107532800316
passenger know mass,0,2,1.4690112085555213e-05,4.653904625981198e-05,2,1.1531170445359034
party massacre iii,2,0,4.4070336256665636e-05,1.551301541993733e-05,2,-1.044107532800316
party according friend,1,1,2.9380224171110426e-05,3.102603083987466e-05,2,0.05450475586779363
part state troubling,0,2,1.4690112085555213e-05,4.653904625981198e-05,2,1.1531170445359034
part ar nc,0,2,1.4690112085555213e-05,4.653904625981198e-05,2,1.1531170445359034
parker ridge fact,0,2,1.4690112085555213e-05,4.653904625981198e-05,2,1.1531170445359034
home group armed,0,2,1.4690112085555213e-05,4.653904625981198e-05,2,1.1531170445359034
home danger hwy,0,2,1.4690112085555213e-05,4.653904625981198e-05,2,1.1531170445359034
hmm nigerian refugee,0,2,1.4690112085555213e-05,4.653904625981198e-05,2,1.1531170445359034
china watch moment,0,2,1.4690112085555213e-05,4.653904625981198e-05,2,1.1531170445359034
child screaming building,0,2,1.4690112085555213e-05,4.653904625981198e-05,2,1.1531170445359034
child policerun boot,0,2,1.4690112085555213e-05,4.653904625981198e-05,2,1.1531170445359034
child casualty first,0,2,1.4690112085555213e-05,4.653904625981198e-05,2,1.1531170445359034
chief home group,0,2,1.4690112085555213e-05,4.653904625981198e-05,2,1.1531170445359034
chesttorso area kerricktrial,1,1,2.9380224171110426e-05,3.102603083987466e-05,2,0.05450475586779363
hike texas windstorm,1,1,2.9380224171110426e-05,3.102603083987466e-05,2,0.05450475586779363
hijacker db cooper,1,1,2.9380224171110426e-05,3.102603083987466e-05,2,0.05450475586779363
person warns un,0,2,1.4690112085555213e-05,4.653904625981198e-05,2,1.1531170445359034
person equal reward,1,1,2.9380224171110426e-05,3.102603083987466e-05,2,0.05450475586779363
percent woman served,2,0,4.4070336256665636e-05,1.551301541993733e-05,2,-1.044107532800316
percent rate hike,1,1,2.9380224171110426e-05,3.102603083987466e-05,2,0.05450475586779363
people killed others,0,2,1.4690112085555213e-05,4.653904625981198e-05,2,1.1531170445359034
people business economy,2,0,4.4070336256665636e-05,1.551301541993733e-05,2,-1.044107532800316
people burning building,2,0,4.4070336256665636e-05,1.551301541993733e-05,2,-1.044107532800316
penalty may harm,2,0,4.4070336256665636e-05,1.551301541993733e-05,2,-1.044107532800316
pedestrian fatality hit,1,1,2.9380224171110426e-05,3.102603083987466e-05,2,0.05450475586779363
pcp say primary,2,0,4.4070336256665636e-05,1.551301541993733e-05,2,-1.044107532800316
pattern satchel tote,2,0,4.4070336256665636e-05,1.551301541993733e-05,2,-1.044107532800316
patna no news,0,2,1.4690112085555213e-05,4.653904625981198e-05,2,1.1531170445359034
patient care pcp,2,0,4.4070336256665636e-05,1.551301541993733e-05,2,-1.044107532800316
patience jonathan move,1,1,2.9380224171110426e-05,3.102603083987466e-05,2,0.05450475586779363
photo oak snowstorm,1,1,2.9380224171110426e-05,3.102603083987466e-05,2,0.05450475586779363
phone email pa,0,2,1.4690112085555213e-05,4.653904625981198e-05,2,1.1531170445359034
phoenix miami atlanta,0,2,1.4690112085555213e-05,4.653904625981198e-05,2,1.1531170445359034
philippine must protect,0,2,1.4690112085555213e-05,4.653904625981198e-05,2,1.1531170445359034
philippine langley time,1,1,2.9380224171110426e-05,3.102603083987466e-05,2,0.05450475586779363
petitiontake stand voice,1,1,2.9380224171110426e-05,3.102603083987466e-05,2,0.05450475586779363
history england bundled,1,1,2.9380224171110426e-05,3.102603083987466e-05,2,0.05450475586779363
hiroshima year ago,0,2,1.4690112085555213e-05,4.653904625981198e-05,2,1.1531170445359034
hiroshima still need,0,2,1.4690112085555213e-05,4.653904625981198e-05,2,1.1531170445359034
hiroshima senior official,0,2,1.4690112085555213e-05,4.653904625981198e-05,2,1.1531170445359034
hiroshima legacy still,0,2,1.4690112085555213e-05,4.653904625981198e-05,2,1.1531170445359034
hiroshima japan mark,0,2,1.4690112085555213e-05,4.653904625981198e-05,2,1.1531170445359034
hiroshima day life,0,2,1.4690112085555213e-05,4.653904625981198e-05,2,1.1531170445359034
hip word skirt,2,0,4.4070336256665636e-05,1.551301541993733e-05,2,-1.044107532800316
hillary mass murderer,1,1,2.9380224171110426e-05,3.102603083987466e-05,2,0.05450475586779363
hill hail mph,0,2,1.4690112085555213e-05,4.653904625981198e-05,2,1.1531170445359034
coursing causing di,2,0,4.4070336256665636e-05,1.551301541993733e-05,2,-1.044107532800316
couple spend wedding,2,0,4.4070336256665636e-05,1.551301541993733e-05,2,-1.044107532800316
couple gave syrian,0,2,1.4690112085555213e-05,4.653904625981198e-05,2,1.1531170445359034
couple coyote lizard,1,1,2.9380224171110426e-05,3.102603083987466e-05,2,0.05450475586779363
county georgia large,0,2,1.4690112085555213e-05,4.653904625981198e-05,2,1.1531170445359034
country restive northwest,0,2,1.4690112085555213e-05,4.653904625981198e-05,2,1.1531170445359034
counselor intern seattle,2,0,4.4070336256665636e-05,1.551301541993733e-05,2,-1.044107532800316
diamond jeff hannemans,2,0,4.4070336256665636e-05,1.551301541993733e-05,2,-1.044107532800316
diageos ceo stress,2,0,4.4070336256665636e-05,1.551301541993733e-05,2,-1.044107532800316
di maria lol,2,0,4.4070336256665636e-05,1.551301541993733e-05,2,-1.044107532800316
devastation wrought first,0,2,1.4690112085555213e-05,4.653904625981198e-05,2,1.1531170445359034
physician generally hold,2,0,4.4070336256665636e-05,1.551301541993733e-05,2,-1.044107532800316
photography art tree,1,1,2.9380224171110426e-05,3.102603083987466e-05,2,0.05450475586779363
photographer brian ruebs,2,0,4.4070336256665636e-05,1.551301541993733e-05,2,-1.044107532800316
photo weallheartonedirection let,2,0,4.4070336256665636e-05,1.551301541993733e-05,2,-1.044107532800316
photo rocky fire,0,2,1.4690112085555213e-05,4.653904625981198e-05,2,1.1531170445359034
plan united state,2,0,4.4070336256665636e-05,1.551301541993733e-05,2,-1.044107532800316
place faroeislands every,0,2,1.4690112085555213e-05,4.653904625981198e-05,2,1.1531170445359034
body bag hip,2,0,4.4070336256665636e-05,1.551301541993733e-05,2,-1.044107532800316
body bag green,2,0,4.4070336256665636e-05,1.551301541993733e-05,2,-1.044107532800316
bobcat calgary backyard,0,2,1.4690112085555213e-05,4.653904625981198e-05,2,1.1531170445359034
boat sunk ship,0,2,1.4690112085555213e-05,4.653904625981198e-05,2,1.1531170445359034
boat full read,2,0,4.4070336256665636e-05,1.551301541993733e-05,2,-1.044107532800316
board revolt united,2,0,4.4070336256665636e-05,1.551301541993733e-05,2,-1.044107532800316
board approves percent,1,1,2.9380224171110426e-05,3.102603083987466e-05,2,0.05450475586779363
blvd walerga rd,0,2,1.4690112085555213e-05,4.653904625981198e-05,2,1.1531170445359034
blvd due truck,0,2,1.4690112085555213e-05,4.653904625981198e-05,2,1.1531170445359034
pipeline oil spill,0,2,1.4690112085555213e-05,4.653904625981198e-05,2,1.1531170445359034
pipeline company may,0,2,1.4690112085555213e-05,4.653904625981198e-05,2,1.1531170445359034
piner rdhorndale dr,0,2,1.4690112085555213e-05,4.653904625981198e-05,2,1.1531170445359034
pin lightning connector,1,1,2.9380224171110426e-05,3.102603083987466e-05,2,0.05450475586779363
pilot offr mi,0,2,1.4690112085555213e-05,4.653904625981198e-05,2,1.1531170445359034
helpline calm anxious,0,2,1.4690112085555213e-05,4.653904625981198e-05,2,1.1531170445359034
helping hand mumbai,0,2,1.4690112085555213e-05,4.653904625981198e-05,2,1.1531170445359034
helping displaced rocky,0,2,1.4690112085555213e-05,4.653904625981198e-05,2,1.1531170445359034
help survive zombie,2,0,4.4070336256665636e-05,1.551301541993733e-05,2,-1.044107532800316
help say denver,0,2,1.4690112085555213e-05,4.653904625981198e-05,2,1.1531170445359034
help horse dieplease,1,1,2.9380224171110426e-05,3.102603083987466e-05,2,0.05450475586779363
help campaign warn,2,0,4.4070336256665636e-05,1.551301541993733e-05,2,-1.044107532800316
please support please,0,2,1.4690112085555213e-05,4.653904625981198e-05,2,1.1531170445359034
please cosponsor support,0,2,1.4690112085555213e-05,4.653904625981198e-05,2,1.1531170445359034
please consider elem,0,2,1.4690112085555213e-05,4.653904625981198e-05,2,1.1531170445359034
playthursdays everybody free,2,0,4.4070336256665636e-05,1.551301541993733e-05,2,-1.044107532800316
play armory sf,2,0,4.4070336256665636e-05,1.551301541993733e-05,2,-1.044107532800316
plant move ahead,2,0,4.4070336256665636e-05,1.551301541993733e-05,2,-1.044107532800316
planned toddler florida,2,0,4.4070336256665636e-05,1.551301541993733e-05,2,-1.044107532800316
planned parenthood claim,2,0,4.4070336256665636e-05,1.551301541993733e-05,2,-1.044107532800316
plane debris washed,0,2,1.4690112085555213e-05,4.653904625981198e-05,2,1.1531170445359034
police investigating ebike,0,2,1.4690112085555213e-05,4.653904625981198e-05,2,1.1531170445359034
police chase not,1,1,2.9380224171110426e-05,3.102603083987466e-05,2,0.05450475586779363
pointing japan wwii,0,2,1.4690112085555213e-05,4.653904625981198e-05,2,1.1531170445359034
point weapon helicopter,0,2,1.4690112085555213e-05,4.653904625981198e-05,2,1.1531170445359034
pm hazard high,0,2,1.4690112085555213e-05,4.653904625981198e-05,2,1.1531170445359034
plus lesson hiroshima,0,2,1.4690112085555213e-05,4.653904625981198e-05,2,1.1531170445359034
pls help campaign,2,0,4.4070336256665636e-05,1.551301541993733e-05,2,-1.044107532800316
plot police kisii,0,2,1.4690112085555213e-05,4.653904625981198e-05,2,1.1531170445359034
pledge allegiance pope,1,1,2.9380224171110426e-05,3.102603083987466e-05,2,0.05450475586779363
hijack apc bayelsa,1,1,2.9380224171110426e-05,3.102603083987466e-05,2,0.05450475586779363
high traffic area,0,2,1.4690112085555213e-05,4.653904625981198e-05,2,1.1531170445359034
high school crush,1,1,2.9380224171110426e-05,3.102603083987466e-05,2,0.05450475586779363
high grade full,2,0,4.4070336256665636e-05,1.551301541993733e-05,2,-1.044107532800316
high fashion food,2,0,4.4070336256665636e-05,1.551301541993733e-05,2,-1.044107532800316
hey hey hey,2,0,4.4070336256665636e-05,1.551301541993733e-05,2,-1.044107532800316
hero saved burning,0,2,1.4690112085555213e-05,4.653904625981198e-05,2,1.1531170445359034
blazing high grade,2,0,4.4070336256665636e-05,1.551301541993733e-05,2,-1.044107532800316
blast lack australian,0,2,1.4690112085555213e-05,4.653904625981198e-05,2,1.1531170445359034
blast dan power,0,2,1.4690112085555213e-05,4.653904625981198e-05,2,1.1531170445359034
blanket knife full,1,1,2.9380224171110426e-05,3.102603083987466e-05,2,0.05450475586779363
blame dvc bjp,0,2,1.4690112085555213e-05,4.653904625981198e-05,2,1.1531170445359034
portland police pp,1,1,2.9380224171110426e-05,3.102603083987466e-05,2,0.05450475586779363
portland phoenix miami,0,2,1.4690112085555213e-05,4.653904625981198e-05,2,1.1531170445359034
population declined five,1,1,2.9380224171110426e-05,3.102603083987466e-05,2,0.05450475586779363
pope burning building,1,1,2.9380224171110426e-05,3.102603083987466e-05,2,0.05450475586779363
pomo helping displaced,0,2,1.4690112085555213e-05,4.653904625981198e-05,2,1.1531170445359034
politifiact harry reid,2,0,4.4070336256665636e-05,1.551301541993733e-05,2,-1.044107532800316
policerun boot camp,0,2,1.4690112085555213e-05,4.653904625981198e-05,2,1.1531170445359034
police pp pdx,1,1,2.9380224171110426e-05,3.102603083987466e-05,2,0.05450475586779363
police officer arrested,0,2,1.4690112085555213e-05,4.653904625981198e-05,2,1.1531170445359034
police number reduced,0,2,1.4690112085555213e-05,4.653904625981198e-05,2,1.1531170445359034
police investigating pedestrian,1,1,2.9380224171110426e-05,3.102603083987466e-05,2,0.05450475586779363
post udhampur spos,0,2,1.4690112085555213e-05,4.653904625981198e-05,2,1.1531170445359034
post people finally,2,0,4.4070336256665636e-05,1.551301541993733e-05,2,-1.044107532800316
portugal ebike rider,0,2,1.4690112085555213e-05,4.653904625981198e-05,2,1.1531170445359034
portland portland police,1,1,2.9380224171110426e-05,3.102603083987466e-05,2,0.05450475586779363
blight house next,2,0,4.4070336256665636e-05,1.551301541993733e-05,2,-1.044107532800316
helicopter official say,0,2,1.4690112085555213e-05,4.653904625981198e-05,2,1.1531170445359034
helicopter crashed country,0,2,1.4690112085555213e-05,4.653904625981198e-05,2,1.1531170445359034
helicopter crash worldnews,0,2,1.4690112085555213e-05,4.653904625981198e-05,2,1.1531170445359034
height shaker height,2,0,4.4070336256665636e-05,1.551301541993733e-05,2,-1.044107532800316
height fight blight,2,0,4.4070336256665636e-05,1.551301541993733e-05,2,-1.044107532800316
heavy rain lightning,0,2,1.4690112085555213e-05,4.653904625981198e-05,2,1.1531170445359034
heavy downpour lightning,0,2,1.4690112085555213e-05,4.653904625981198e-05,2,1.1531170445359034
heaven earth thus,2,0,4.4070336256665636e-05,1.551301541993733e-05,2,-1.044107532800316
heat drive bobcat,0,2,1.4690112085555213e-05,4.653904625981198e-05,2,1.1531170445359034
heartbreak baltimore rioting,1,1,2.9380224171110426e-05,3.102603083987466e-05,2,0.05450475586779363
headed california fight,0,2,1.4690112085555213e-05,4.653904625981198e-05,2,1.1531170445359034
hawaii utc quake,0,2,1.4690112085555213e-05,4.653904625981198e-05,2,1.1531170445359034
hasnt quite sunk,2,0,4.4070336256665636e-05,1.551301541993733e-05,2,-1.044107532800316
hasbro full read,1,1,2.9380224171110426e-05,3.102603083987466e-05,2,0.05450475586779363
detonation sensorsenso beckarnley,1,1,2.9380224171110426e-05,3.102603083987466e-05,2,0.05450475586779363
detonation sensor acdelco,2,0,4.4070336256665636e-05,1.551301541993733e-05,2,-1.044107532800316
detectado jap report,0,2,1.4690112085555213e-05,4.653904625981198e-05,2,1.1531170445359034
destroyer fish tank,0,2,1.4690112085555213e-05,4.653904625981198e-05,2,1.1531170445359034
desolation couple coyote,1,1,2.9380224171110426e-05,3.102603083987466e-05,2,0.05450475586779363
derailment site knoxville,0,2,1.4690112085555213e-05,4.653904625981198e-05,2,1.1531170445359034
derailment patna no,0,2,1.4690112085555213e-05,4.653904625981198e-05,2,1.1531170445359034
pradesh twin train,0,2,1.4690112085555213e-05,4.653904625981198e-05,2,1.1531170445359034
prabhu call mp,0,2,1.4690112085555213e-05,4.653904625981198e-05,2,1.1531170445359034
ppl burning building,1,1,2.9380224171110426e-05,3.102603083987466e-05,2,0.05450475586779363
powerlines glink tram,0,2,1.4690112085555213e-05,4.653904625981198e-05,2,1.1531170445359034
power jedi collection,1,1,2.9380224171110426e-05,3.102603083987466e-05,2,0.05450475586779363
pov footage capture,0,2,1.4690112085555213e-05,4.653904625981198e-05,2,1.1531170445359034
big flat foot,2,0,4.4070336256665636e-05,1.551301541993733e-05,2,-1.044107532800316
primary care physician,2,0,4.4070336256665636e-05,1.551301541993733e-05,2,-1.044107532800316
prevent forest fire,1,1,2.9380224171110426e-05,3.102603083987466e-05,2,0.05450475586779363
pretty much wrecked,2,0,4.4070336256665636e-05,1.551301541993733e-05,2,-1.044107532800316
president barack obama,0,2,1.4690112085555213e-05,4.653904625981198e-05,2,1.1531170445359034
preparing bomb as,2,0,4.4070336256665636e-05,1.551301541993733e-05,2,-1.044107532800316
predict world soon,1,1,2.9380224171110426e-05,3.102603083987466e-05,2,0.05450475586779363
head st elizabeth,1,1,2.9380224171110426e-05,3.102603083987466e-05,2,0.05450475586779363
head gonna explode,2,0,4.4070336256665636e-05,1.551301541993733e-05,2,-1.044107532800316
head coach dan,1,1,2.9380224171110426e-05,3.102603083987466e-05,2,0.05450475586779363
hazardous waste multidimensi,1,1,2.9380224171110426e-05,3.102603083987466e-05,2,0.05450475586779363
hazardous keratin treatment,2,0,4.4070336256665636e-05,1.551301541993733e-05,2,-1.044107532800316
hazard undercover soldier,2,0,4.4070336256665636e-05,1.551301541993733e-05,2,-1.044107532800316
hazard prompt recall,1,1,2.9380224171110426e-05,3.102603083987466e-05,2,0.05450475586779363
hazard oil spill,0,2,1.4690112085555213e-05,4.653904625981198e-05,2,1.1531170445359034
hazard high traffic,0,2,1.4690112085555213e-05,4.653904625981198e-05,2,1.1531170445359034
choking hazard prompt,1,1,2.9380224171110426e-05,3.102603083987466e-05,2,0.05450475586779363
harry reid percent,2,0,4.4070336256665636e-05,1.551301541993733e-05,2,-1.044107532800316
harm patient care,2,0,4.4070336256665636e-05,1.551301541993733e-05,2,-1.044107532800316
psychiatric rn fte,1,1,2.9380224171110426e-05,3.102603083987466e-05,2,0.05450475586779363
psalm lord redeemeth,2,0,4.4070336256665636e-05,1.551301541993733e-05,2,-1.044107532800316
protect profit next,2,0,4.4070336256665636e-05,1.551301541993733e-05,2,-1.044107532800316
protect internally displaced,0,2,1.4690112085555213e-05,4.653904625981198e-05,2,1.1531170445359034
property loss california,0,2,1.4690112085555213e-05,4.653904625981198e-05,2,1.1531170445359034
prompt recall kraft,1,1,2.9380224171110426e-05,3.102603083987466e-05,2,0.05450475586779363
profit next global,2,0,4.4070336256665636e-05,1.551301541993733e-05,2,-1.044107532800316
problem circle epicentre,2,0,4.4070336256665636e-05,1.551301541993733e-05,2,-1.044107532800316
blackpool kowing sign,0,2,1.4690112085555213e-05,4.653904625981198e-05,2,1.1531170445359034
bkn exp inst,2,0,4.4070336256665636e-05,1.551301541993733e-05,2,-1.044107532800316
bjp claim state,0,2,1.4690112085555213e-05,4.653904625981198e-05,2,1.1531170445359034
billing rapidcity seattle,0,2,1.4690112085555213e-05,4.653904625981198e-05,2,1.1531170445359034
biker marin county,0,2,1.4690112085555213e-05,4.653904625981198e-05,2,1.1531170445359034
ra sends message,0,2,1.4690112085555213e-05,4.653904625981198e-05,2,1.1531170445359034
quiz prefer feminist,2,0,4.4070336256665636e-05,1.551301541993733e-05,2,-1.044107532800316
question anybody else,2,0,4.4070336256665636e-05,1.551301541993733e-05,2,-1.044107532800316
quality metric penalty,2,0,4.4070336256665636e-05,1.551301541993733e-05,2,-1.044107532800316
putin issue major,0,2,1.4690112085555213e-05,4.653904625981198e-05,2,1.1531170445359034
put body bag,2,0,4.4070336256665636e-05,1.551301541993733e-05,2,-1.044107532800316
publicizing mass murder,1,1,2.9380224171110426e-05,3.102603083987466e-05,2,0.05450475586779363
public hazardous keratin,2,0,4.4070336256665636e-05,1.551301541993733e-05,2,-1.044107532800316
ptbo emerg crew,0,2,1.4690112085555213e-05,4.653904625981198e-05,2,1.1531170445359034
claim pant fire,2,0,4.4070336256665636e-05,1.551301541993733e-05,2,-1.044107532800316
claim cyclone pam,0,2,1.4690112085555213e-05,4.653904625981198e-05,2,1.1531170445359034
civilian casualty afghanistan,0,2,1.4690112085555213e-05,4.653904625981198e-05,2,1.1531170445359034
city redlight running,1,1,2.9380224171110426e-05,3.102603083987466e-05,2,0.05450475586779363
cindy noonan heartbreak,1,1,2.9380224171110426e-05,3.102603083987466e-05,2,0.05450475586779363
chp detouring traffic,0,2,1.4690112085555213e-05,4.653904625981198e-05,2,1.1531170445359034
choose mix flattened,2,0,4.4070336256665636e-05,1.551301541993733e-05,2,-1.044107532800316
read eyewitness account,0,2,1.4690112085555213e-05,4.653904625981198e-05,2,1.1531170445359034
reach triple digit,0,2,1.4690112085555213e-05,4.653904625981198e-05,2,1.1531170445359034
rd trfc collision,0,2,1.4690112085555213e-05,4.653904625981198e-05,2,1.1531170445359034
rd ave offramp,0,2,1.4690112085555213e-05,4.653904625981198e-05,2,1.1531170445359034
rb lance dunbar,2,0,4.4070336256665636e-05,1.551301541993733e-05,2,-1.044107532800316
razed make way,2,0,4.4070336256665636e-05,1.551301541993733e-05,2,-1.044107532800316
ray taken career,2,0,4.4070336256665636e-05,1.551301541993733e-05,2,-1.044107532800316
rate hike texas,1,1,2.9380224171110426e-05,3.102603083987466e-05,2,0.05450475586779363
rapidcity seattle cheyenne,0,2,1.4690112085555213e-05,4.653904625981198e-05,2,1.1531170445359034
rally upset burning,0,2,1.4690112085555213e-05,4.653904625981198e-05,2,1.1531170445359034
rainstorm house card,1,1,2.9380224171110426e-05,3.102603083987466e-05,2,0.05450475586779363
railway minister prabhu,0,2,1.4690112085555213e-05,4.653904625981198e-05,2,1.1531170445359034
railway caught unawares,0,2,1.4690112085555213e-05,4.653904625981198e-05,2,1.1531170445359034
rail crash acute,0,2,1.4690112085555213e-05,4.653904625981198e-05,2,1.1531170445359034
radiation emergency procedure,2,0,4.4070336256665636e-05,1.551301541993733e-05,2,-1.044107532800316
radar emergency official,0,2,1.4690112085555213e-05,4.653904625981198e-05,2,1.1531170445359034
gunshot wound bicep,1,1,2.9380224171110426e-05,3.102603083987466e-05,2,0.05450475586779363
gunman opened fire,0,2,1.4690112085555213e-05,4.653904625981198e-05,2,1.1531170445359034
gunman kill four,0,2,1.4690112085555213e-05,4.653904625981198e-05,2,1.1531170445359034
recall kraft cheese,1,1,2.9380224171110426e-05,3.102603083987466e-05,2,0.05450475586779363
betz responds looking,2,0,4.4070336256665636e-05,1.551301541993733e-05,2,-1.044107532800316
betrayed military veteran,2,0,4.4070336256665636e-05,1.551301541993733e-05,2,-1.044107532800316
bengal flood cm,0,2,1.4690112085555213e-05,4.653904625981198e-05,2,1.1531170445359034
ben winston shit,1,1,2.9380224171110426e-05,3.102603083987466e-05,2,0.05450475586779363
bell toll hiroshima,0,2,1.4690112085555213e-05,4.653904625981198e-05,2,1.1531170445359034
beginning universe match,2,0,4.4070336256665636e-05,1.551301541993733e-05,2,-1.044107532800316
beginner computer tutorial,2,0,4.4070336256665636e-05,1.551301541993733e-05,2,-1.044107532800316
begin achimota mile,2,0,4.4070336256665636e-05,1.551301541993733e-05,2,-1.044107532800316
beautiful desolation couple,1,1,2.9380224171110426e-05,3.102603083987466e-05,2,0.05450475586779363
really body bagging,2,0,4.4070336256665636e-05,1.551301541993733e-05,2,-1.044107532800316
real action shit,1,1,2.9380224171110426e-05,3.102603083987466e-05,2,0.05450475586779363
reading apocalypse spirit,1,1,2.9380224171110426e-05,3.102603083987466e-05,2,0.05450475586779363
redlight running fatality,1,1,2.9380224171110426e-05,3.102603083987466e-05,2,0.05450475586779363
redeemeth soul servant,2,0,4.4070336256665636e-05,1.551301541993733e-05,2,-1.044107532800316
reddit amageddon freespeech,1,1,2.9380224171110426e-05,3.102603083987466e-05,2,0.05450475586779363
red white gel,2,0,4.4070336256665636e-05,1.551301541993733e-05,2,-1.044107532800316
red ronnie fieg,2,0,4.4070336256665636e-05,1.551301541993733e-05,2,-1.044107532800316
recreates classic album,2,0,4.4070336256665636e-05,1.551301541993733e-05,2,-1.044107532800316
record breaking ef,0,2,1.4690112085555213e-05,4.653904625981198e-05,2,1.1531170445359034
recipe fat burning,2,0,4.4070336256665636e-05,1.551301541993733e-05,2,-1.044107532800316
recall power bar,0,2,1.4690112085555213e-05,4.653904625981198e-05,2,1.1531170445359034
happy birthday big,2,0,4.4070336256665636e-05,1.551301541993733e-05,2,-1.044107532800316
hannaph soudelor tropical,0,2,1.4690112085555213e-05,4.653904625981198e-05,2,1.1531170445359034
handbag fashion style,2,0,4.4070336256665636e-05,1.551301541993733e-05,2,-1.044107532800316
hand mumbai ttes,0,2,1.4690112085555213e-05,4.653904625981198e-05,2,1.1531170445359034
hail weston wy,0,2,1.4690112085555213e-05,4.653904625981198e-05,2,1.1531170445359034
gusty wind heavy,0,2,1.4690112085555213e-05,4.653904625981198e-05,2,1.1531170445359034
gust mph poss,0,2,1.4690112085555213e-05,4.653904625981198e-05,2,1.1531170445359034
battle droid hasbro,1,1,2.9380224171110426e-05,3.102603083987466e-05,2,0.05450475586779363
reportedly killed house,0,2,1.4690112085555213e-05,4.653904625981198e-05,2,1.1531170445359034
reported pm call,0,2,1.4690112085555213e-05,4.653904625981198e-05,2,1.1531170445359034
report rb lance,2,0,4.4070336256665636e-05,1.551301541993733e-05,2,-1.044107532800316
report okinawa island,0,2,1.4690112085555213e-05,4.653904625981198e-05,2,1.1531170445359034
report earthquake km,0,2,1.4690112085555213e-05,4.653904625981198e-05,2,1.1531170445359034
replace lovedup bff,2,0,4.4070336256665636e-05,1.551301541993733e-05,2,-1.044107532800316
reno oklahoma tornado,0,2,1.4690112085555213e-05,4.653904625981198e-05,2,1.1531170445359034
religion epic kyle,2,0,4.4070336256665636e-05,1.551301541993733e-05,2,-1.044107532800316
reinstate emergency buffer,1,1,2.9380224171110426e-05,3.102603083987466e-05,2,0.05450475586779363
reid percent woman,2,0,4.4070336256665636e-05,1.551301541993733e-05,2,-1.044107532800316
region depth km,0,2,1.4690112085555213e-05,4.653904625981198e-05,2,1.1531170445359034
refugee instead hosting,1,1,2.9380224171110426e-05,3.102603083987466e-05,2,0.05450475586779363
refugee incredible gift,0,2,1.4690112085555213e-05,4.653904625981198e-05,2,1.1531170445359034
reflects low mayhem,2,0,4.4070336256665636e-05,1.551301541993733e-05,2,-1.044107532800316
reduced blind fat,0,2,1.4690112085555213e-05,4.653904625981198e-05,2,1.1531170445359034
responder renew health,0,2,1.4690112085555213e-05,4.653904625981198e-05,2,1.1531170445359034
reshape mineral crystal,1,1,2.9380224171110426e-05,3.102603083987466e-05,2,0.05450475586779363
research specimen potential,1,1,2.9380224171110426e-05,3.102603083987466e-05,2,0.05450475586779363
research lab northwestern,0,2,1.4690112085555213e-05,4.653904625981198e-05,2,1.1531170445359034
rescuer injured biker,0,2,1.4690112085555213e-05,4.653904625981198e-05,2,1.1531170445359034
rescued dopey one,2,0,4.4070336256665636e-05,1.551301541993733e-05,2,-1.044107532800316
rescued amid himalaya,0,2,1.4690112085555213e-05,4.653904625981198e-05,2,1.1531170445359034
rescue structural collapse,0,2,1.4690112085555213e-05,4.653904625981198e-05,2,1.1531170445359034
beach massacre linked,0,2,1.4690112085555213e-05,4.653904625981198e-05,2,1.1531170445359034
bbcnews as british,0,2,1.4690112085555213e-05,4.653904625981198e-05,2,1.1531170445359034
bbc news home,0,2,1.4690112085555213e-05,4.653904625981198e-05,2,1.1531170445359034
bbc forced retract,0,2,1.4690112085555213e-05,4.653904625981198e-05,2,1.1531170445359034
bay serial arsonist,0,2,1.4690112085555213e-05,4.653904625981198e-05,2,1.1531170445359034
bay area edm,2,0,4.4070336256665636e-05,1.551301541993733e-05,2,-1.044107532800316
battling scariest wildfire,0,2,1.4690112085555213e-05,4.653904625981198e-05,2,1.1531170445359034
battlefield funny moment,2,0,4.4070336256665636e-05,1.551301541993733e-05,2,-1.044107532800316
reunion island wreckage,0,2,1.4690112085555213e-05,4.653904625981198e-05,2,1.1531170445359034
reunion island mh,0,2,1.4690112085555213e-05,4.653904625981198e-05,2,1.1531170445359034
retract false claim,0,2,1.4690112085555213e-05,4.653904625981198e-05,2,1.1531170445359034
result full metal,2,0,4.4070336256665636e-05,1.551301541993733e-05,2,-1.044107532800316
restore vinyl siding,2,0,4.4070336256665636e-05,1.551301541993733e-05,2,-1.044107532800316
responds looking forward,2,0,4.4070336256665636e-05,1.551301541993733e-05,2,-1.044107532800316
else problem circle,2,0,4.4070336256665636e-05,1.551301541993733e-05,2,-1.044107532800316
elkhorn blvd walerga,0,2,1.4690112085555213e-05,4.653904625981198e-05,2,1.1531170445359034
elephant population declined,1,1,2.9380224171110426e-05,3.102603083987466e-05,2,0.05450475586779363
elem pomo helping,0,2,1.4690112085555213e-05,4.653904625981198e-05,2,1.1531170445359034
elem evacuation center,0,2,1.4690112085555213e-05,4.653904625981198e-05,2,1.1531170445359034
el salvador bus,0,2,1.4690112085555213e-05,4.653904625981198e-05,2,1.1531170445359034
el reno oklahoma,0,2,1.4690112085555213e-05,4.653904625981198e-05,2,1.1531170445359034
ef el reno,0,2,1.4690112085555213e-05,4.653904625981198e-05,2,1.1531170445359034
ee recall power,0,2,1.4690112085555213e-05,4.653904625981198e-05,2,1.1531170445359034
edt nw severe,0,2,1.4690112085555213e-05,4.653904625981198e-05,2,1.1531170445359034
road china watch,0,2,1.4690112085555213e-05,4.653904625981198e-05,2,1.1531170445359034
rn fte day,1,1,2.9380224171110426e-05,3.102603083987466e-05,2,0.05450475586779363
rn emergency service,2,0,4.4070336256665636e-05,1.551301541993733e-05,2,-1.044107532800316
river complex fire,0,2,1.4690112085555213e-05,4.653904625981198e-05,2,1.1531170445359034
rioting yahistorical undergroundrailraod,1,1,2.9380224171110426e-05,3.102603083987466e-05,2,0.05450475586779363
rioting cost insurer,0,2,1.4690112085555213e-05,4.653904625981198e-05,2,1.1531170445359034
riot series crown,2,0,4.4070336256665636e-05,1.551301541993733e-05,2,-1.044107532800316
rightways building structural,1,1,2.9380224171110426e-05,3.102603083987466e-05,2,0.05450475586779363
ridge wildfire information,0,2,1.4690112085555213e-05,4.653904625981198e-05,2,1.1531170445359034
ridge fact sheet,0,2,1.4690112085555213e-05,4.653904625981198e-05,2,1.1531170445359034
rider suffered serious,0,2,1.4690112085555213e-05,4.653904625981198e-05,2,1.1531170445359034
richmond va ap,0,2,1.4690112085555213e-05,4.653904625981198e-05,2,1.1531170445359034
reward saving human,1,1,2.9380224171110426e-05,3.102603083987466e-05,2,0.05450475586779363
revolt united spirit,2,0,4.4070336256665636e-05,1.551301541993733e-05,2,-1.044107532800316
rev blazing high,2,0,4.4070336256665636e-05,1.551301541993733e-05,2,-1.044107532800316
reuters debris confirmed,0,2,1.4690112085555213e-05,4.653904625981198e-05,2,1.1531170445359034
romance lith voodoo,2,0,4.4070336256665636e-05,1.551301541993733e-05,2,-1.044107532800316
rocky fire please,0,2,1.4690112085555213e-05,4.653904625981198e-05,2,1.1531170445359034
rocky fire northern,0,2,1.4690112085555213e-05,4.653904625981198e-05,2,1.1531170445359034
rocky fire grown,0,2,1.4690112085555213e-05,4.653904625981198e-05,2,1.1531170445359034
rock fall onto,0,2,1.4690112085555213e-05,4.653904625981198e-05,2,1.1531170445359034
rock dundee landslide,0,2,1.4690112085555213e-05,4.653904625981198e-05,2,1.1531170445359034
roanoke greenway win,1,1,2.9380224171110426e-05,3.102603083987466e-05,2,0.05450475586779363
road ypres road,0,2,1.4690112085555213e-05,4.653904625981198e-05,2,1.1531170445359034
gun range mayhem,1,1,2.9380224171110426e-05,3.102603083987466e-05,2,0.05450475586779363
guide rescuer injured,0,2,1.4690112085555213e-05,4.653904625981198e-05,2,1.1531170445359034
guardian view hiroshima,0,2,1.4690112085555213e-05,4.653904625981198e-05,2,1.1531170445359034
gtii super red,2,0,4.4070336256665636e-05,1.551301541993733e-05,2,-1.044107532800316
gta online funny,2,0,4.4070336256665636e-05,1.551301541993733e-05,2,-1.044107532800316
grows brooklyn sixmeter,0,2,1.4690112085555213e-05,4.653904625981198e-05,2,1.1531170445359034
grows associated press,0,2,1.4690112085555213e-05,4.653904625981198e-05,2,1.1531170445359034
road york truck,0,2,1.4690112085555213e-05,4.653904625981198e-05,2,1.1531170445359034
gpm satellite bullseye,0,2,1.4690112085555213e-05,4.653904625981198e-05,2,1.1531170445359034
govt action disaster,0,2,1.4690112085555213e-05,4.653904625981198e-05,2,1.1531170445359034
governor weighs parole,1,1,2.9380224171110426e-05,3.102603083987466e-05,2,0.05450475586779363
gotten little exited,2,0,4.4070336256665636e-05,1.551301541993733e-05,2,-1.044107532800316
got married happy,2,0,4.4070336256665636e-05,1.551301541993733e-05,2,-1.044107532800316
derail river india,0,2,1.4690112085555213e-05,4.653904625981198e-05,2,1.1531170445359034
department psychiatric rn,1,1,2.9380224171110426e-05,3.102603083987466e-05,2,0.05450475586779363
denver firefighter working,0,2,1.4690112085555213e-05,4.653904625981198e-05,2,1.1531170445359034
denver billing rapidcity,0,2,1.4690112085555213e-05,4.653904625981198e-05,2,1.1531170445359034
denali wolf population,1,1,2.9380224171110426e-05,3.102603083987466e-05,2,0.05450475586779363
demon know swim,1,1,2.9380224171110426e-05,3.102603083987466e-05,2,0.05450475586779363
demolition house waterway,2,0,4.4070336256665636e-05,1.551301541993733e-05,2,-1.044107532800316
banerjee blame dvc,0,2,1.4690112085555213e-05,4.653904625981198e-05,2,1.1531170445359034
baltimore rioting yahistorical,1,1,2.9380224171110426e-05,3.102603083987466e-05,2,0.05450475586779363
bagging as track,2,0,4.4070336256665636e-05,1.551301541993733e-05,2,-1.044107532800316
bag womens full,2,0,4.4070336256665636e-05,1.551301541993733e-05,2,-1.044107532800316
rtrrt lotz apocalypse,2,0,4.4070336256665636e-05,1.551301541993733e-05,2,-1.044107532800316
roosevelt wash koin,0,2,1.4690112085555213e-05,4.653904625981198e-05,2,1.1531170445359034
room look like,2,0,4.4070336256665636e-05,1.551301541993733e-05,2,-1.044107532800316
ronnie fieg kith,2,0,4.4070336256665636e-05,1.551301541993733e-05,2,-1.044107532800316
bash obama comparison,1,1,2.9380224171110426e-05,3.102603083987466e-05,2,0.05450475586779363
bar alloy spot,2,0,4.4070336256665636e-05,1.551301541993733e-05,2,-1.044107532800316
banquet wedding dinner,1,1,2.9380224171110426e-05,3.102603083987466e-05,2,0.05450475586779363
bankstown stacey st,0,2,1.4690112085555213e-05,4.653904625981198e-05,2,1.1531170445359034
group armed bounty,0,2,1.4690112085555213e-05,4.653904625981198e-05,2,1.1531170445359034
grill arrived pop,2,0,4.4070336256665636e-05,1.551301541993733e-05,2,-1.044107532800316
greenway win civil,1,1,2.9380224171110426e-05,3.102603083987466e-05,2,0.05450475586779363
green line derailment,0,2,1.4690112085555213e-05,4.653904625981198e-05,2,1.1531170445359034
great red spot,2,0,4.4070336256665636e-05,1.551301541993733e-05,2,-1.044107532800316
great fun emergency,2,0,4.4070336256665636e-05,1.551301541993733e-05,2,-1.044107532800316
grade full read,2,0,4.4070336256665636e-05,1.551301541993733e-05,2,-1.044107532800316
gps app guide,0,2,1.4690112085555213e-05,4.653904625981198e-05,2,1.1531170445359034
satellite bullseye typhoon,0,2,1.4690112085555213e-05,4.653904625981198e-05,2,1.1531170445359034
satchel tote shoulder,2,0,4.4070336256665636e-05,1.551301541993733e-05,2,-1.044107532800316
santa cruz head,1,1,2.9380224171110426e-05,3.102603083987466e-05,2,0.05450475586779363
san luis obispo,0,2,1.4690112085555213e-05,4.653904625981198e-05,2,1.1531170445359034
san antonio star,1,1,2.9380224171110426e-05,3.102603083987466e-05,2,0.05450475586779363
samaritan shot horror,0,2,1.4690112085555213e-05,4.653904625981198e-05,2,1.1531170445359034
salvadoran gang member,0,2,1.4690112085555213e-05,4.653904625981198e-05,2,1.1531170445359034
salvador bus attack,0,2,1.4690112085555213e-05,4.653904625981198e-05,2,1.1531170445359034
sailing boat sunk,0,2,1.4690112085555213e-05,4.653904625981198e-05,2,1.1531170445359034
sail new world,2,0,4.4070336256665636e-05,1.551301541993733e-05,2,-1.044107532800316
rwy curfew oper,2,0,4.4070336256665636e-05,1.551301541993733e-05,2,-1.044107532800316
russia bus accident,0,2,1.4690112085555213e-05,4.653904625981198e-05,2,1.1531170445359034
runway three member,0,2,1.4690112085555213e-05,4.653904625981198e-05,2,1.1531170445359034
runner roanoke greenway,1,1,2.9380224171110426e-05,3.102603083987466e-05,2,0.05450475586779363
run pace nike,2,0,4.4070336256665636e-05,1.551301541993733e-05,2,-1.044107532800316
ruebs endures foot,2,0,4.4070336256665636e-05,1.551301541993733e-05,2,-1.044107532800316
say new york,0,2,1.4690112085555213e-05,4.653904625981198e-05,2,1.1531170445359034
say denver firefighter,0,2,1.4690112085555213e-05,4.653904625981198e-05,2,1.1531170445359034
say debris found,0,2,1.4690112085555213e-05,4.653904625981198e-05,2,1.1531170445359034
say army helicopter,0,2,1.4690112085555213e-05,4.653904625981198e-05,2,1.1531170445359034
saw cree torch,1,1,2.9380224171110426e-05,3.102603083987466e-05,2,0.05450475586779363
saving sewing guatemala,0,2,1.4690112085555213e-05,4.653904625981198e-05,2,1.1531170445359034
saving person equal,1,1,2.9380224171110426e-05,3.102603083987466e-05,2,0.05450475586779363
saving human islam,1,1,2.9380224171110426e-05,3.102603083987466e-05,2,0.05450475586779363
saved burning friend,0,2,1.4690112085555213e-05,4.653904625981198e-05,2,1.1531170445359034
save mido macia,2,0,4.4070336256665636e-05,1.551301541993733e-05,2,-1.044107532800316
save life beclearoncancer,0,2,1.4690112085555213e-05,4.653904625981198e-05,2,1.1531170445359034
save autistic brother,0,2,1.4690112085555213e-05,4.653904625981198e-05,2,1.1531170445359034
saudi special force,0,2,1.4690112085555213e-05,4.653904625981198e-05,2,1.1531170445359034
saudi mosque suicide,0,2,1.4690112085555213e-05,4.653904625981198e-05,2,1.1531170445359034
saudi mosque least,0,2,1.4690112085555213e-05,4.653904625981198e-05,2,1.1531170445359034
saudi arabia started,0,2,1.4690112085555213e-05,4.653904625981198e-05,2,1.1531170445359034
glink tram update,0,2,1.4690112085555213e-05,4.653904625981198e-05,2,1.1531170445359034
glimpse hyderabad deluged,0,2,1.4690112085555213e-05,4.653904625981198e-05,2,1.1531170445359034
girl advertised new,2,0,4.4070336256665636e-05,1.551301541993733e-05,2,-1.044107532800316
giant flame giant,1,1,2.9380224171110426e-05,3.102603083987466e-05,2,0.05450475586779363
get wave missing,1,1,2.9380224171110426e-05,3.102603083987466e-05,2,0.05450475586779363
get riot point,2,0,4.4070336256665636e-05,1.551301541993733e-05,2,-1.044107532800316
screaming building burning,0,2,1.4690112085555213e-05,4.653904625981198e-05,2,1.1531170445359034
scott road ypres,0,2,1.4690112085555213e-05,4.653904625981198e-05,2,1.1531170445359034
school year not,2,0,4.4070336256665636e-05,1.551301541993733e-05,2,-1.044107532800316
school western uganda,0,2,1.4690112085555213e-05,4.653904625981198e-05,2,1.1531170445359034
school seven bell,2,0,4.4070336256665636e-05,1.551301541993733e-05,2,-1.044107532800316
scariest wildfire far,0,2,1.4690112085555213e-05,4.653904625981198e-05,2,1.1531170445359034
scared leave car,0,2,1.4690112085555213e-05,4.653904625981198e-05,2,1.1531170445359034
say rioting cost,0,2,1.4690112085555213e-05,4.653904625981198e-05,2,1.1531170445359034
say reunion island,0,2,1.4690112085555213e-05,4.653904625981198e-05,2,1.1531170445359034
say primary care,2,0,4.4070336256665636e-05,1.551301541993733e-05,2,-1.044107532800316
bag womens en,2,0,4.4070336256665636e-05,1.551301541993733e-05,2,-1.044107532800316
bag hip word,2,0,4.4070336256665636e-05,1.551301541993733e-05,2,-1.044107532800316
bag cross body,2,0,4.4070336256665636e-05,1.551301541993733e-05,2,-1.044107532800316
ave offramp south,0,2,1.4690112085555213e-05,4.653904625981198e-05,2,1.1531170445359034
autoinsurance industry clueless,1,1,2.9380224171110426e-05,3.102603083987466e-05,2,0.05450475586779363
autobiography general lawton,1,1,2.9380224171110426e-05,3.102603083987466e-05,2,0.05450475586779363
autistic brother drowning,0,2,1.4690112085555213e-05,4.653904625981198e-05,2,1.1531170445359034
se mph large,0,2,1.4690112085555213e-05,4.653904625981198e-05,2,1.1531170445359034
sct bkn exp,2,0,4.4070336256665636e-05,1.551301541993733e-05,2,-1.044107532800316
gop iranian shouting,1,1,2.9380224171110426e-05,3.102603083987466e-05,2,0.05450475586779363
good samaritan shot,0,2,1.4690112085555213e-05,4.653904625981198e-05,2,1.1531170445359034
going mayhem playthursdays,2,0,4.4070336256665636e-05,1.551301541993733e-05,2,-1.044107532800316
godslove thanku sister,1,1,2.9380224171110426e-05,3.102603083987466e-05,2,0.05450475586779363
go brutally abuseddesolatelost,1,1,2.9380224171110426e-05,3.102603083987466e-05,2,0.05450475586779363
gmmbc youth explosion,1,1,2.9380224171110426e-05,3.102603083987466e-05,2,0.05450475586779363
gm original equipment,2,0,4.4070336256665636e-05,1.551301541993733e-05,2,-1.044107532800316
cleveland height shaker,2,0,4.4070336256665636e-05,1.551301541993733e-05,2,-1.044107532800316
cleanup underway csx,0,2,1.4690112085555213e-05,4.653904625981198e-05,2,1.1531170445359034
cld sct bkn,2,0,4.4070336256665636e-05,1.551301541993733e-05,2,-1.044107532800316
classic album cover,2,0,4.4070336256665636e-05,1.551301541993733e-05,2,-1.044107532800316
sensor connectorconnecto motorcraft,2,0,4.4070336256665636e-05,1.551301541993733e-05,2,-1.044107532800316
sensor acdelco gm,2,0,4.4070336256665636e-05,1.551301541993733e-05,2,-1.044107532800316
senior official washington,0,2,1.4690112085555213e-05,4.653904625981198e-05,2,1.1531170445359034
sends message condolence,0,2,1.4690112085555213e-05,4.653904625981198e-05,2,1.1531170445359034
self transformation alien,1,1,2.9380224171110426e-05,3.102603083987466e-05,2,0.05450475586779363
see shania click,2,0,4.4070336256665636e-05,1.551301541993733e-05,2,-1.044107532800316
see hurricane guillermo,0,2,1.4690112085555213e-05,4.653904625981198e-05,2,1.1531170445359034
seduction astrology rtrrt,2,0,4.4070336256665636e-05,1.551301541993733e-05,2,-1.044107532800316
security official killed,0,2,1.4690112085555213e-05,4.653904625981198e-05,2,1.1531170445359034
second summer pick,2,0,4.4070336256665636e-05,1.551301541993733e-05,2,-1.044107532800316
seattle apply job,2,0,4.4070336256665636e-05,1.551301541993733e-05,2,-1.044107532800316
se towards lubbock,0,2,1.4690112085555213e-05,4.653904625981198e-05,2,1.1531170445359034
seven bell windstorm,2,0,4.4070336256665636e-05,1.551301541993733e-05,2,-1.044107532800316
set sail new,2,0,4.4070336256665636e-05,1.551301541993733e-05,2,-1.044107532800316
set goal demolish,2,0,4.4070336256665636e-05,1.551301541993733e-05,2,-1.044107532800316
service supervisor emergency,2,0,4.4070336256665636e-05,1.551301541993733e-05,2,-1.044107532800316
served planned parenthood,2,0,4.4070336256665636e-05,1.551301541993733e-05,2,-1.044107532800316
servant none trust,2,0,4.4070336256665636e-05,1.551301541993733e-05,2,-1.044107532800316
serious nonlife threatening,0,2,1.4690112085555213e-05,4.653904625981198e-05,2,1.1531170445359034
get rescued dopey,2,0,4.4070336256665636e-05,1.551301541993733e-05,2,-1.044107532800316
george njenga hero,0,2,1.4690112085555213e-05,4.653904625981198e-05,2,1.1531170445359034
geometric pattern satchel,2,0,4.4070336256665636e-05,1.551301541993733e-05,2,-1.044107532800316
genocide ihhen msf,0,2,1.4690112085555213e-05,4.653904625981198e-05,2,1.1531170445359034
generally hold positive,2,0,4.4070336256665636e-05,1.551301541993733e-05,2,-1.044107532800316
closed btwn fwy,0,2,1.4690112085555213e-05,4.653904625981198e-05,2,1.1531170445359034
climb capture bride,2,0,4.4070336256665636e-05,1.551301541993733e-05,2,-1.044107532800316
cliff landslide road,0,2,1.4690112085555213e-05,4.653904625981198e-05,2,1.1531170445359034
clever music video,2,0,4.4070336256665636e-05,1.551301541993733e-05,2,-1.044107532800316
shot another wounded,0,2,1.4690112085555213e-05,4.653904625981198e-05,2,1.1531170445359034
short reading apocalypse,1,1,2.9380224171110426e-05,3.102603083987466e-05,2,0.05450475586779363
shooting death elijah,0,2,1.4690112085555213e-05,4.653904625981198e-05,2,1.1531170445359034
shoe asics gtii,2,0,4.4070336256665636e-05,1.551301541993733e-05,2,-1.044107532800316
shocked australia epic,0,2,1.4690112085555213e-05,4.653904625981198e-05,2,1.1531170445359034
shit like burning,1,1,2.9380224171110426e-05,3.102603083987466e-05,2,0.05450475586779363
shit dead legionnaire,0,2,1.4690112085555213e-05,4.653904625981198e-05,2,1.1531170445359034
ship wreck fish,2,0,4.4070336256665636e-05,1.551301541993733e-05,2,-1.044107532800316
ship destroyer fish,0,2,1.4690112085555213e-05,4.653904625981198e-05,2,1.1531170445359034
sheet aug parker,0,2,1.4690112085555213e-05,4.653904625981198e-05,2,1.1531170445359034
shaker height fight,2,0,4.4070336256665636e-05,1.551301541993733e-05,2,-1.044107532800316
shadow bomb editorial,0,2,1.4690112085555213e-05,4.653904625981198e-05,2,1.1531170445359034
sf tomorrow night,2,0,4.4070336256665636e-05,1.551301541993733e-05,2,-1.044107532800316
sex party according,1,1,2.9380224171110426e-05,3.102603083987466e-05,2,0.05450475586779363
severe storm weakening,0,2,1.4690112085555213e-05,4.653904625981198e-05,2,1.1531170445359034
severe rainstorm th,0,2,1.4690112085555213e-05,4.653904625981198e-05,2,1.1531170445359034
attack since suruc,0,2,1.4690112085555213e-05,4.653904625981198e-05,2,1.1531170445359034
shouting death america,1,1,2.9380224171110426e-05,3.102603083987466e-05,2,0.05450475586779363
shoulder bag white,2,0,4.4070336256665636e-05,1.551301541993733e-05,2,-1.044107532800316
shot richmond va,0,2,1.4690112085555213e-05,4.653904625981198e-05,2,1.1531170445359034
deluged heavy rainfall,0,2,1.4690112085555213e-05,4.653904625981198e-05,2,1.1531170445359034
decor full read,0,2,1.4690112085555213e-05,4.653904625981198e-05,2,1.1531170445359034
declined five year,1,1,2.9380224171110426e-05,3.102603083987466e-05,2,0.05450475586779363
declaration northern ivanberroa,0,2,1.4690112085555213e-05,4.653904625981198e-05,2,1.1531170445359034
debris washed reunion,0,2,1.4690112085555213e-05,4.653904625981198e-05,2,1.1531170445359034
debris missing malaysia,0,2,1.4690112085555213e-05,4.653904625981198e-05,2,1.1531170445359034
crazy mom threw,1,1,2.9380224171110426e-05,3.102603083987466e-05,2,0.05450475586779363
crater swallow street,0,2,1.4690112085555213e-05,4.653904625981198e-05,2,1.1531170445359034
crater lake located,2,0,4.4070336256665636e-05,1.551301541993733e-05,2,-1.044107532800316
crashed country restive,0,2,1.4690112085555213e-05,4.653904625981198e-05,2,1.1531170445359034
crash writing wall,2,0,4.4070336256665636e-05,1.551301541993733e-05,2,-1.044107532800316
shot horror hijacking,0,2,1.4690112085555213e-05,4.653904625981198e-05,2,1.1531170445359034
gel grey volcano,2,0,4.4070336256665636e-05,1.551301541993733e-05,2,-1.044107532800316
gave syrian refugee,0,2,1.4690112085555213e-05,4.653904625981198e-05,2,1.1531170445359034
gave muslim terrorist,0,2,1.4690112085555213e-05,4.653904625981198e-05,2,1.1531170445359034
gateau collapsed jan,1,1,2.9380224171110426e-05,3.102603083987466e-05,2,0.05450475586779363
gang member killed,0,2,1.4690112085555213e-05,4.653904625981198e-05,2,1.1531170445359034
fyi cadfyi accident,0,2,1.4690112085555213e-05,4.653904625981198e-05,2,1.1531170445359034
fwy irvine blvd,0,2,1.4690112085555213e-05,4.653904625981198e-05,2,1.1531170445359034
funny moment duke,2,0,4.4070336256665636e-05,1.551301541993733e-05,2,-1.044107532800316
fun emergency non,2,0,4.4070336256665636e-05,1.551301541993733e-05,2,-1.044107532800316
aug parker ridge,0,2,1.4690112085555213e-05,4.653904625981198e-05,2,1.1531170445359034
aug jst aug,2,0,4.4070336256665636e-05,1.551301541993733e-05,2,-1.044107532800316
aug ani legendary,0,2,1.4690112085555213e-05,4.653904625981198e-05,2,1.1531170445359034
attendance king diamond,2,0,4.4070336256665636e-05,1.551301541993733e-05,2,-1.044107532800316
attacked police post,0,2,1.4690112085555213e-05,4.653904625981198e-05,2,1.1531170445359034
attack udhampur police,0,2,1.4690112085555213e-05,4.653904625981198e-05,2,1.1531170445359034
attack suspected salvadoran,0,2,1.4690112085555213e-05,4.653904625981198e-05,2,1.1531170445359034
sign petitiontake stand,1,1,2.9380224171110426e-05,3.102603083987466e-05,2,0.05450475586779363
sign could save,0,2,1.4690112085555213e-05,4.653904625981198e-05,2,1.1531170445359034
sigalert north southbound,0,2,1.4690112085555213e-05,4.653904625981198e-05,2,1.1531170445359034
siding make look,2,0,4.4070336256665636e-05,1.551301541993733e-05,2,-1.044107532800316
sided linerless bottle,2,0,4.4070336256665636e-05,1.551301541993733e-05,2,-1.044107532800316
sick injured responder,0,2,1.4690112085555213e-05,4.653904625981198e-05,2,1.1531170445359034
show today great,2,0,4.4070336256665636e-05,1.551301541993733e-05,2,-1.044107532800316
australian govt action,0,2,1.4690112085555213e-05,4.653904625981198e-05,2,1.1531170445359034
australia epic collapse,0,2,1.4690112085555213e-05,4.653904625981198e-05,2,1.1531170445359034
australia ash disaster,0,2,1.4690112085555213e-05,4.653904625981198e-05,2,1.1531170445359034
class tgirl as,2,0,4.4070336256665636e-05,1.551301541993733e-05,2,-1.044107532800316
claim state failed,0,2,1.4690112085555213e-05,4.653904625981198e-05,2,1.1531170445359034
claim responsibility saudi,0,2,1.4690112085555213e-05,4.653904625981198e-05,2,1.1531170445359034
general news demolition,2,0,4.4070336256665636e-05,1.551301541993733e-05,2,-1.044107532800316
general lawton collins,1,1,2.9380224171110426e-05,3.102603083987466e-05,2,0.05450475586779363
gem bu dmpl,2,0,4.4070336256665636e-05,1.551301541993733e-05,2,-1.044107532800316
sixpenceee karymsky lake,2,0,4.4070336256665636e-05,1.551301541993733e-05,2,-1.044107532800316
sixmeter crater swallow,0,2,1.4690112085555213e-05,4.653904625981198e-05,2,1.1531170445359034
site mosque mercados,0,2,1.4690112085555213e-05,4.653904625981198e-05,2,1.1531170445359034
site knoxville news,0,2,1.4690112085555213e-05,4.653904625981198e-05,2,1.1531170445359034
sismo km volcano,0,2,1.4690112085555213e-05,4.653904625981198e-05,2,1.1531170445359034
sippin milkshake snowstorm,2,0,4.4070336256665636e-05,1.551301541993733e-05,2,-1.044107532800316
sinking low selfimage,1,1,2.9380224171110426e-05,3.102603083987466e-05,2,0.05450475586779363
sinking like stone,2,0,4.4070336256665636e-05,1.551301541993733e-05,2,-1.044107532800316
sinkhole grows brooklyn,0,2,1.4690112085555213e-05,4.653904625981198e-05,2,1.1531170445359034
sinkhole disrupts downtown,0,2,1.4690112085555213e-05,4.653904625981198e-05,2,1.1531170445359034
single michael windstorm,2,0,4.4070336256665636e-05,1.551301541993733e-05,2,-1.044107532800316
sing tsunami beginner,2,0,4.4070336256665636e-05,1.551301541993733e-05,2,-1.044107532800316
since suruc suicide,0,2,1.4690112085555213e-05,4.653904625981198e-05,2,1.1531170445359034
since atomic bombing,0,2,1.4690112085555213e-05,4.653904625981198e-05,2,1.1531170445359034
simultaneous rail crash,0,2,1.4690112085555213e-05,4.653904625981198e-05,2,1.1531170445359034
silver dollar gem,2,0,4.4070336256665636e-05,1.551301541993733e-05,2,-1.044107532800316
small earthquake la,0,2,1.4690112085555213e-05,4.653904625981198e-05,2,1.1531170445359034
slipped radar emergency,0,2,1.4690112085555213e-05,4.653904625981198e-05,2,1.1531170445359034
slayer reflects low,2,0,4.4070336256665636e-05,1.551301541993733e-05,2,-1.044107532800316
fully engulfed flame,0,2,1.4690112085555213e-05,4.653904625981198e-05,2,1.1531170445359034
full rainstorm house,1,1,2.9380224171110426e-05,3.102603083987466e-05,2,0.05450475586779363
full metal mayhem,2,0,4.4070336256665636e-05,1.551301541993733e-05,2,-1.044107532800316
fuel bush fire,0,2,1.4690112085555213e-05,4.653904625981198e-05,2,1.1531170445359034
friend replace lovedup,2,0,4.4070336256665636e-05,1.551301541993733e-05,2,-1.044107532800316
friend razing wildfire,0,2,1.4690112085555213e-05,4.653904625981198e-05,2,1.1531170445359034
free text st,2,0,4.4070336256665636e-05,1.551301541993733e-05,2,-1.044107532800316
free ebay sniping,2,0,4.4070336256665636e-05,1.551301541993733e-05,2,-1.044107532800316
free desolation despair,2,0,4.4070336256665636e-05,1.551301541993733e-05,2,-1.044107532800316
foxtrot navbl tmp,2,0,4.4070336256665636e-05,1.551301541993733e-05,2,-1.044107532800316
four people wounded,0,2,1.4690112085555213e-05,4.653904625981198e-05,2,1.1531170445359034
four el salvador,0,2,1.4690112085555213e-05,4.653904625981198e-05,2,1.1531170445359034
found pointing japan,0,2,1.4690112085555213e-05,4.653904625981198e-05,2,1.1531170445359034
sport usually cycling,0,2,1.4690112085555213e-05,4.653904625981198e-05,2,1.1531170445359034
spirit not impacted,2,0,4.4070336256665636e-05,1.551301541993733e-05,2,-1.044107532800316
spirit angel took,1,1,2.9380224171110426e-05,3.102603083987466e-05,2,0.05450475586779363
spill bankstown stacey,0,2,1.4690112085555213e-05,4.653904625981198e-05,2,1.1531170445359034
spend wedding day,2,0,4.4070336256665636e-05,1.551301541993733e-05,2,-1.044107532800316
southeast dirt riot,2,0,4.4070336256665636e-05,1.551301541993733e-05,2,-1.044107532800316
southbound closed btwn,0,2,1.4690112085555213e-05,4.653904625981198e-05,2,1.1531170445359034
south mooresville iredell,0,2,1.4690112085555213e-05,4.653904625981198e-05,2,1.1531170445359034
south bronx total,0,2,1.4690112085555213e-05,4.653904625981198e-05,2,1.1531170445359034
sound like really,2,0,4.4070336256665636e-05,1.551301541993733e-05,2,-1.044107532800316
sound alarm rising,0,2,1.4690112085555213e-05,4.653904625981198e-05,2,1.1531170445359034
soul servant none,2,0,4.4070336256665636e-05,1.551301541993733e-05,2,-1.044107532800316
soudelor tropical cyclone,0,2,1.4690112085555213e-05,4.653904625981198e-05,2,1.1531170445359034
soudelor approach killed,0,2,1.4690112085555213e-05,4.653904625981198e-05,2,1.1531170445359034
soon obliterated burning,1,1,2.9380224171110426e-05,3.102603083987466e-05,2,0.05450475586779363
sn vabengal zss,2,0,4.4070336256665636e-05,1.551301541993733e-05,2,-1.044107532800316
stacey st wattle,0,2,1.4690112085555213e-05,4.653904625981198e-05,2,1.1531170445359034
st wattle st,0,2,1.4690112085555213e-05,4.653904625981198e-05,2,1.1531170445359034
st trfc collisionno,1,1,2.9380224171110426e-05,3.102603083987466e-05,2,0.05450475586779363
st elizabeth police,1,1,2.9380224171110426e-05,3.102603083987466e-05,2,0.05450475586779363
ssw anza california,0,2,1.4690112085555213e-05,4.653904625981198e-05,2,1.1531170445359034
spot never marked,0,2,1.4690112085555213e-05,4.653904625981198e-05,2,1.1531170445359034
attack psychological issue,0,2,1.4690112085555213e-05,4.653904625981198e-05,2,1.1531170445359034
attack exterminate human,1,1,2.9380224171110426e-05,3.102603083987466e-05,2,0.05450475586779363
atomic level lightning,1,1,2.9380224171110426e-05,3.102603083987466e-05,2,0.05450475586779363
atomic bomb program,0,2,1.4690112085555213e-05,4.653904625981198e-05,2,1.1531170445359034
atomic bomb hiroshima,0,2,1.4690112085555213e-05,4.653904625981198e-05,2,1.1531170445359034
atmospheric aussie thriller,0,2,1.4690112085555213e-05,4.653904625981198e-05,2,1.1531170445359034
astrology rtrrt lotz,2,0,4.4070336256665636e-05,1.551301541993733e-05,2,-1.044107532800316
association twia board,1,1,2.9380224171110426e-05,3.102603083987466e-05,2,0.05450475586779363
associated press nyt,0,2,1.4690112085555213e-05,4.653904625981198e-05,2,1.1531170445359034
sportwatch gps nikeplus,2,0,4.4070336256665636e-05,1.551301541993733e-05,2,-1.044107532800316
footage capture violent,0,2,1.4690112085555213e-05,4.653904625981198e-05,2,1.1531170445359034
foot climb capture,2,0,4.4070336256665636e-05,1.551301541993733e-05,2,-1.044107532800316
collapse scott road,0,2,1.4690112085555213e-05,4.653904625981198e-05,2,1.1531170445359034
collapse natural disaster,0,2,1.4690112085555213e-05,4.653904625981198e-05,2,1.1531170445359034
state group suicide,0,2,1.4690112085555213e-05,4.653904625981198e-05,2,1.1531170445359034
state failed use,0,2,1.4690112085555213e-05,4.653904625981198e-05,2,1.1531170445359034
state dambisa moyo,2,0,4.4070336256665636e-05,1.551301541993733e-05,2,-1.044107532800316
state daily trust,0,2,1.4690112085555213e-05,4.653904625981198e-05,2,1.1531170445359034
state claim suicide,0,2,1.4690112085555213e-05,4.653904625981198e-05,2,1.1531170445359034
starter wire saw,1,1,2.9380224171110426e-05,3.102603083987466e-05,2,0.05450475586779363
started experiencing terrorist,0,2,1.4690112085555213e-05,4.653904625981198e-05,2,1.1531170445359034
star war power,1,1,2.9380224171110426e-05,3.102603083987466e-05,2,0.05450475586779363
star moon collide,2,0,4.4070336256665636e-05,1.551301541993733e-05,2,-1.044107532800316
star head coach,1,1,2.9380224171110426e-05,3.102603083987466e-05,2,0.05450475586779363
standard vashon mukilteo,0,2,1.4690112085555213e-05,4.653904625981198e-05,2,1.1531170445359034
stagetwo load shedding,2,0,4.4070336256665636e-05,1.551301541993733e-05,2,-1.044107532800316
arrested abusing child,0,2,1.4690112085555213e-05,4.653904625981198e-05,2,1.1531170445359034
around death blackpool,0,2,1.4690112085555213e-05,4.653904625981198e-05,2,1.1531170445359034
army veteran fear,0,2,1.4690112085555213e-05,4.653904625981198e-05,2,1.1531170445359034
still single michael,2,0,4.4070336256665636e-05,1.551301541993733e-05,2,-1.044107532800316
still shadow bomb,0,2,1.4690112085555213e-05,4.653904625981198e-05,2,1.1531170445359034
still need nuclear,0,2,1.4690112085555213e-05,4.653904625981198e-05,2,1.1531170445359034
still dont know,2,0,4.4070336256665636e-05,1.551301541993733e-05,2,-1.044107532800316
still burning building,0,2,1.4690112085555213e-05,4.653904625981198e-05,2,1.1531170445359034
stealing neighbor protest,0,2,1.4690112085555213e-05,4.653904625981198e-05,2,1.1531170445359034
forward day answer,2,0,4.4070336256665636e-05,1.551301541993733e-05,2,-1.044107532800316
fort mchenry tunnel,0,2,1.4690112085555213e-05,4.653904625981198e-05,2,1.1531170445359034
forest service firefighter,0,2,1.4690112085555213e-05,4.653904625981198e-05,2,1.1531170445359034
forest road routecomplex,0,2,1.4690112085555213e-05,4.653904625981198e-05,2,1.1531170445359034
forest fire take,1,1,2.9380224171110426e-05,3.102603083987466e-05,2,0.05450475586779363
forced retract false,0,2,1.4690112085555213e-05,4.653904625981198e-05,2,1.1531170445359034
force radio playing,1,1,2.9380224171110426e-05,3.102603083987466e-05,2,0.05450475586779363
flood combo diving,2,0,4.4070336256665636e-05,1.551301541993733e-05,2,-1.044107532800316
flood cm mamata,0,2,1.4690112085555213e-05,4.653904625981198e-05,2,1.1531170445359034
as scene pandemonium,2,0,4.4070336256665636e-05,1.551301541993733e-05,2,-1.044107532800316
crash acute flood,0,2,1.4690112085555213e-05,4.653904625981198e-05,2,1.1531170445359034
debris almost surely,0,2,1.4690112085555213e-05,4.653904625981198e-05,2,1.1531170445359034
death toll rise,0,2,1.4690112085555213e-05,4.653904625981198e-05,2,1.1531170445359034
death measles complication,0,2,1.4690112085555213e-05,4.653904625981198e-05,2,1.1531170445359034
death elijah walker,0,2,1.4690112085555213e-05,4.653904625981198e-05,2,1.1531170445359034
death confirmed legionnaire,0,2,1.4690112085555213e-05,4.653904625981198e-05,2,1.1531170445359034
death blackpool kowing,0,2,1.4690112085555213e-05,4.653904625981198e-05,2,1.1531170445359034
dead russia bus,0,2,1.4690112085555213e-05,4.653904625981198e-05,2,1.1531170445359034
dead million displaced,0,2,1.4690112085555213e-05,4.653904625981198e-05,2,1.1531170445359034
dead legionnaire month,0,2,1.4690112085555213e-05,4.653904625981198e-05,2,1.1531170445359034
as british insurer,0,2,1.4690112085555213e-05,4.653904625981198e-05,2,1.1531170445359034
arson plot police,0,2,1.4690112085555213e-05,4.653904625981198e-05,2,1.1531170445359034
arrived pop quiz,2,0,4.4070336256665636e-05,1.551301541993733e-05,2,-1.044107532800316
stormchase violent record,0,2,1.4690112085555213e-05,4.653904625981198e-05,2,1.1531170445359034
storm weakening move,0,2,1.4690112085555213e-05,4.653904625981198e-05,2,1.1531170445359034
storm jamaicaplain boston,0,2,1.4690112085555213e-05,4.653904625981198e-05,2,1.1531170445359034
storm damage reported,0,2,1.4690112085555213e-05,4.653904625981198e-05,2,1.1531170445359034
storm atmospheric aussie,0,2,1.4690112085555213e-05,4.653904625981198e-05,2,1.1531170445359034
stop publicizing mass,1,1,2.9380224171110426e-05,3.102603083987466e-05,2,0.05450475586779363
asics gtii super,2,0,4.4070336256665636e-05,1.551301541993733e-05,2,-1.044107532800316
ash disaster collapse,0,2,1.4690112085555213e-05,4.653904625981198e-05,2,1.1531170445359034
as school year,2,0,4.4070336256665636e-05,1.551301541993733e-05,2,-1.044107532800316
collapse central mexico,0,2,1.4690112085555213e-05,4.653904625981198e-05,2,1.1531170445359034
cobra jet cj,1,1,2.9380224171110426e-05,3.102603083987466e-05,2,0.05450475586779363
coast western turkey,0,2,1.4690112085555213e-05,4.653904625981198e-05,2,1.1531170445359034
coach dan hughes,1,1,2.9380224171110426e-05,3.102603083987466e-05,2,0.05450475586779363
cm mamata banerjee,0,2,1.4690112085555213e-05,4.653904625981198e-05,2,1.1531170445359034
following natural disaster,0,2,1.4690112085555213e-05,4.653904625981198e-05,2,1.1531170445359034
follow go brutally,1,1,2.9380224171110426e-05,3.102603083987466e-05,2,0.05450475586779363
emergency bay area,2,0,4.4070336256665636e-05,1.551301541993733e-05,2,-1.044107532800316
emerg crew way,0,2,1.4690112085555213e-05,4.653904625981198e-05,2,1.1531170445359034
flood advisory issued,0,2,1.4690112085555213e-05,4.653904625981198e-05,2,1.1531170445359034
flight official say,0,2,1.4690112085555213e-05,4.653904625981198e-05,2,1.1531170445359034
student research lab,0,2,1.4690112085555213e-05,4.653904625981198e-05,2,1.1531170445359034
student failed arson,0,2,1.4690112085555213e-05,4.653904625981198e-05,2,1.1531170445359034
sts ptbo emerg,0,2,1.4690112085555213e-05,4.653904625981198e-05,2,1.1531170445359034
structural integrity failure,1,1,2.9380224171110426e-05,3.102603083987466e-05,2,0.05450475586779363
structural collapse scott,0,2,1.4690112085555213e-05,4.653904625981198e-05,2,1.1531170445359034
strong thunderstorm impact,0,2,1.4690112085555213e-05,4.653904625981198e-05,2,1.1531170445359034
strikesstrikes western uganda,0,2,1.4690112085555213e-05,4.653904625981198e-05,2,1.1531170445359034
strike reshape mineral,1,1,2.9380224171110426e-05,3.102603083987466e-05,2,0.05450475586779363
strike distance rpics,0,2,1.4690112085555213e-05,4.653904625981198e-05,2,1.1531170445359034
strict liability context,0,2,1.4690112085555213e-05,4.653904625981198e-05,2,1.1531170445359034
stress board revolt,2,0,4.4070336256665636e-05,1.551301541993733e-05,2,-1.044107532800316
straight body bagging,2,0,4.4070336256665636e-05,1.551301541993733e-05,2,-1.044107532800316
summer pick fan,2,0,4.4070336256665636e-05,1.551301541993733e-05,2,-1.044107532800316
summer long thin,2,0,4.4070336256665636e-05,1.551301541993733e-05,2,-1.044107532800316
summer heat drive,0,2,1.4690112085555213e-05,4.653904625981198e-05,2,1.1531170445359034
suicide bombing location,0,2,1.4690112085555213e-05,4.653904625981198e-05,2,1.1531170445359034
suicide bomber target,0,2,1.4690112085555213e-05,4.653904625981198e-05,2,1.1531170445359034
suicide bomber attack,0,2,1.4690112085555213e-05,4.653904625981198e-05,2,1.1531170445359034
suffered serious nonlife,0,2,1.4690112085555213e-05,4.653904625981198e-05,2,1.1531170445359034
sturgis could later,0,2,1.4690112085555213e-05,4.653904625981198e-05,2,1.1531170445359034
cosponsor support aid,0,2,1.4690112085555213e-05,4.653904625981198e-05,2,1.1531170445359034
coping huge upheaval,2,0,4.4070336256665636e-05,1.551301541993733e-05,2,-1.044107532800316
cop nothing etc,0,2,1.4690112085555213e-05,4.653904625981198e-05,2,1.1531170445359034
cool techesback tech,2,0,4.4070336256665636e-05,1.551301541993733e-05,2,-1.044107532800316
emergency official say,0,2,1.4690112085555213e-05,4.653904625981198e-05,2,1.1531170445359034
emergency non evacuation,2,0,4.4070336256665636e-05,1.551301541993733e-05,2,-1.044107532800316
emergency department psychiatric,1,1,2.9380224171110426e-05,3.102603083987466e-05,2,0.05450475586779363
emergency blanket knife,1,1,2.9380224171110426e-05,3.102603083987466e-05,2,0.05450475586779363
armory sf tomorrow,2,0,4.4070336256665636e-05,1.551301541993733e-05,2,-1.044107532800316
area outflow boundary,0,2,1.4690112085555213e-05,4.653904625981198e-05,2,1.1531170445359034
area kerricktrial jonathanferrell,1,1,2.9380224171110426e-05,3.102603083987466e-05,2,0.05450475586779363
area edm announcement,2,0,4.4070336256665636e-05,1.551301541993733e-05,2,-1.044107532800316
arabia started experiencing,0,2,1.4690112085555213e-05,4.653904625981198e-05,2,1.1531170445359034
ar nc ok,0,2,1.4690112085555213e-05,4.653904625981198e-05,2,1.1531170445359034
aquarium ornament wreck,0,2,1.4690112085555213e-05,4.653904625981198e-05,2,1.1531170445359034
approves percent rate,1,1,2.9380224171110426e-05,3.102603083987466e-05,2,0.05450475586779363
approach killed missing,0,2,1.4690112085555213e-05,4.653904625981198e-05,2,1.1531170445359034
surely flight official,0,2,1.4690112085555213e-05,4.653904625981198e-05,2,1.1531170445359034
suppose student research,0,2,1.4690112085555213e-05,4.653904625981198e-05,2,1.1531170445359034
support please cosponsor,0,2,1.4690112085555213e-05,4.653904625981198e-05,2,1.1531170445359034
support aid sick,0,2,1.4690112085555213e-05,4.653904625981198e-05,2,1.1531170445359034
super typhoon soudelor,1,1,2.9380224171110426e-05,3.102603083987466e-05,2,0.05450475586779363
super red ronnie,2,0,4.4070336256665636e-05,1.551301541993733e-05,2,-1.044107532800316
sunk ship destroyer,0,2,1.4690112085555213e-05,4.653904625981198e-05,2,1.1531170445359034
first military use,0,2,1.4690112085555213e-05,4.653904625981198e-05,2,1.1531170445359034
first aid kit,0,2,1.4690112085555213e-05,4.653904625981198e-05,2,1.1531170445359034
firey inferno cant,1,1,2.9380224171110426e-05,3.102603083987466e-05,2,0.05450475586779363
firefighter working curb,0,2,1.4690112085555213e-05,4.653904625981198e-05,2,1.1531170445359034
fired damaged housed,0,2,1.4690112085555213e-05,4.653904625981198e-05,2,1.1531170445359034
fire video not,1,1,2.9380224171110426e-05,3.102603083987466e-05,2,0.05450475586779363
syrian refugee incredible,0,2,1.4690112085555213e-05,4.653904625981198e-05,2,1.1531170445359034
sympathy vietnam flooding,0,2,1.4690112085555213e-05,4.653904625981198e-05,2,1.1531170445359034
swell acre evacuated,0,2,1.4690112085555213e-05,4.653904625981198e-05,2,1.1531170445359034
suspected salvadoran gang,0,2,1.4690112085555213e-05,4.653904625981198e-05,2,1.1531170445359034
suspect killed exc,0,2,1.4690112085555213e-05,4.653904625981198e-05,2,1.1531170445359034
survive zombie apocalypse,2,0,4.4070336256665636e-05,1.551301541993733e-05,2,-1.044107532800316
survive dust storm,0,2,1.4690112085555213e-05,4.653904625981198e-05,2,1.1531170445359034
survive day without,2,0,4.4070336256665636e-05,1.551301541993733e-05,2,-1.044107532800316
survival kit whistle,1,1,2.9380224171110426e-05,3.102603083987466e-05,2,0.05450475586779363
suruc suicide bombing,0,2,1.4690112085555213e-05,4.653904625981198e-05,2,1.1531170445359034
talk world news,0,2,1.4690112085555213e-05,4.653904625981198e-05,2,1.1531170445359034
taken career come,2,0,4.4070336256665636e-05,1.551301541993733e-05,2,-1.044107532800316
take whole box,1,1,2.9380224171110426e-05,3.102603083987466e-05,2,0.05450475586779363
take place faroeislands,0,2,1.4690112085555213e-05,4.653904625981198e-05,2,1.1531170445359034
take charge helpline,0,2,1.4690112085555213e-05,4.653904625981198e-05,2,1.1531170445359034
syrian refugee wedding,2,0,4.4070336256665636e-05,1.551301541993733e-05,2,-1.044107532800316
syrian refugee see,2,0,4.4070336256665636e-05,1.551301541993733e-05,2,-1.044107532800316
syrian refugee instead,1,1,2.9380224171110426e-05,3.102603083987466e-05,2,0.05450475586779363
flat foot stamp,2,0,4.4070336256665636e-05,1.551301541993733e-05,2,-1.044107532800316
flat double sided,2,0,4.4070336256665636e-05,1.551301541993733e-05,2,-1.044107532800316
flash flood warning,0,2,1.4690112085555213e-05,4.653904625981198e-05,2,1.1531170445359034
five year census,1,1,2.9380224171110426e-05,3.102603083987466e-05,2,0.05450475586779363
fish tank cave,0,2,1.4690112085555213e-05,4.653904625981198e-05,2,1.1531170445359034
first responder would,2,0,4.4070336256665636e-05,1.551301541993733e-05,2,-1.044107532800316
first responder suicide,0,2,1.4690112085555213e-05,4.653904625981198e-05,2,1.1531170445359034
first responder military,2,0,4.4070336256665636e-05,1.551301541993733e-05,2,-1.044107532800316
terrorist weapon used,0,2,1.4690112085555213e-05,4.653904625981198e-05,2,1.1531170445359034
terrorist mohammed naved,1,1,2.9380224171110426e-05,3.102603083987466e-05,2,0.05450475586779363
terrorist kidnapped palestinian,0,2,1.4690112085555213e-05,4.653904625981198e-05,2,1.1531170445359034
terrorist attack rworldnews,0,2,1.4690112085555213e-05,4.653904625981198e-05,2,1.1531170445359034
terrorism religion epic,2,0,4.4070336256665636e-05,1.551301541993733e-05,2,-1.044107532800316
terrorism pakistan caught,0,2,1.4690112085555213e-05,4.653904625981198e-05,2,1.1531170445359034
terror palestinian village,0,2,1.4690112085555213e-05,4.653904625981198e-05,2,1.1531170445359034
terror attack since,0,2,1.4690112085555213e-05,4.653904625981198e-05,2,1.1531170445359034
tennessee movie theater,0,2,1.4690112085555213e-05,4.653904625981198e-05,2,1.1531170445359034
teen daughter nude,1,1,2.9380224171110426e-05,3.102603083987466e-05,2,0.05450475586779363
ted cruz bash,1,1,2.9380224171110426e-05,3.102603083987466e-05,2,0.05450475586779363
technology cool techesback,2,0,4.4070336256665636e-05,1.551301541993733e-05,2,-1.044107532800316
taste like rubber,2,0,4.4070336256665636e-05,1.551301541993733e-05,2,-1.044107532800316
target saudi mosque,0,2,1.4690112085555213e-05,4.653904625981198e-05,2,1.1531170445359034
tanzania elephant population,1,1,2.9380224171110426e-05,3.102603083987466e-05,2,0.05450475586779363
tank cave decor,0,2,1.4690112085555213e-05,4.653904625981198e-05,2,1.1531170445359034
fire extinguished no,0,2,1.4690112085555213e-05,4.653904625981198e-05,2,1.1531170445359034
fire destroys two,0,2,1.4690112085555213e-05,4.653904625981198e-05,2,1.1531170445359034
fire crew evacuated,0,2,1.4690112085555213e-05,4.653904625981198e-05,2,1.1531170445359034
fire chp detouring,0,2,1.4690112085555213e-05,4.653904625981198e-05,2,1.1531170445359034
fire california even,0,2,1.4690112085555213e-05,4.653904625981198e-05,2,1.1531170445359034
tgirl as scene,2,0,4.4070336256665636e-05,1.551301541993733e-05,2,-1.044107532800316
text st nw,2,0,4.4070336256665636e-05,1.551301541993733e-05,2,-1.044107532800316
texas windstorm insurance,1,1,2.9380224171110426e-05,3.102603083987466e-05,2,0.05450475586779363
app guide rescuer,0,2,1.4690112085555213e-05,4.653904625981198e-05,2,1.1531170445359034
apocalypse spirit angel,1,1,2.9380224171110426e-05,3.102603083987466e-05,2,0.05450475586779363
apch rwy curfew,2,0,4.4070336256665636e-05,1.551301541993733e-05,2,-1.044107532800316
apc bayelsa state,1,1,2.9380224171110426e-05,3.102603083987466e-05,2,0.05450475586779363
anything lead islam,1,1,2.9380224171110426e-05,3.102603083987466e-05,2,0.05450475586779363
anymore theyre like,1,1,2.9380224171110426e-05,3.102603083987466e-05,2,0.05450475586779363
anybody else problem,2,0,4.4070336256665636e-05,1.551301541993733e-05,2,-1.044107532800316
antonio star head,1,1,2.9380224171110426e-05,3.102603083987466e-05,2,0.05450475586779363
thousand syrian refugee,1,1,2.9380224171110426e-05,3.102603083987466e-05,2,0.05450475586779363
thirst no curfew,2,0,4.4070336256665636e-05,1.551301541993733e-05,2,-1.044107532800316
thin body bag,2,0,4.4070336256665636e-05,1.551301541993733e-05,2,-1.044107532800316
theyre like tsunami,1,1,2.9380224171110426e-05,3.102603083987466e-05,2,0.05450475586779363
th two building,0,2,1.4690112085555213e-05,4.653904625981198e-05,2,1.1531170445359034
th osborn fire,0,2,1.4690112085555213e-05,4.653904625981198e-05,2,1.1531170445359034
th death confirmed,0,2,1.4690112085555213e-05,4.653904625981198e-05,2,1.1531170445359034
th anniversary atomic,0,2,1.4690112085555213e-05,4.653904625981198e-05,2,1.1531170445359034
fire update route,0,2,1.4690112085555213e-05,4.653904625981198e-05,2,1.1531170445359034
fire take whole,1,1,2.9380224171110426e-05,3.102603083987466e-05,2,0.05450475586779363
fire starter wire,1,1,2.9380224171110426e-05,3.102603083987466e-05,2,0.05450475586779363
fire please consider,0,2,1.4690112085555213e-05,4.653904625981198e-05,2,1.1531170445359034
fire northern california,0,2,1.4690112085555213e-05,4.653904625981198e-05,2,1.1531170445359034
fire near roosevelt,0,2,1.4690112085555213e-05,4.653904625981198e-05,2,1.1531170445359034
fire grown california,0,2,1.4690112085555213e-05,4.653904625981198e-05,2,1.1531170445359034
fire fire fire,0,2,1.4690112085555213e-05,4.653904625981198e-05,2,1.1531170445359034
collection battle droid,1,1,2.9380224171110426e-05,3.102603083987466e-05,2,0.05450475586779363
collapse unfolded trent,0,2,1.4690112085555213e-05,4.653904625981198e-05,2,1.1531170445359034
de jhaustin thomas,2,0,4.4070336256665636e-05,1.551301541993733e-05,2,-1.044107532800316
david electrocute asshole,2,0,4.4070336256665636e-05,1.551301541993733e-05,2,-1.044107532800316
daughter nude twister,1,1,2.9380224171110426e-05,3.102603083987466e-05,2,0.05450475586779363
date still single,2,0,4.4070336256665636e-05,1.551301541993733e-05,2,-1.044107532800316
dangerous heat wave,0,2,1.4690112085555213e-05,4.653904625981198e-05,2,1.1531170445359034
danger hwy fire,0,2,1.4690112085555213e-05,4.653904625981198e-05,2,1.1531170445359034
dan power red,0,2,1.4690112085555213e-05,4.653904625981198e-05,2,1.1531170445359034
dambisa moyo oped,2,0,4.4070336256665636e-05,1.551301541993733e-05,2,-1.044107532800316
thunderstorm warning including,0,2,1.4690112085555213e-05,4.653904625981198e-05,2,1.1531170445359034
thunderstorm move eastward,0,2,1.4690112085555213e-05,4.653904625981198e-05,2,1.1531170445359034
thunderstorm mile north,0,2,1.4690112085555213e-05,4.653904625981198e-05,2,1.1531170445359034
threw teen daughter,1,1,2.9380224171110426e-05,3.102603083987466e-05,2,0.05450475586779363
three near venice,0,2,1.4690112085555213e-05,4.653904625981198e-05,2,1.1531170445359034
thousand wildfire ablaze,0,2,1.4690112085555213e-05,4.653904625981198e-05,2,1.1531170445359034
time utc ep,1,1,2.9380224171110426e-05,3.102603083987466e-05,2,0.05450475586779363
time refugio oil,0,2,1.4690112085555213e-05,4.653904625981198e-05,2,1.1531170445359034
till pm cdt,0,2,1.4690112085555213e-05,4.653904625981198e-05,2,1.1531170445359034
till aug pm,0,2,1.4690112085555213e-05,4.653904625981198e-05,2,1.1531170445359034
thursday mark th,0,2,1.4690112085555213e-05,4.653904625981198e-05,2,1.1531170445359034
thunderstorm warning part,0,2,1.4690112085555213e-05,4.653904625981198e-05,2,1.1531170445359034
thunderstorm warning oklahomaok,0,2,1.4690112085555213e-05,4.653904625981198e-05,2,1.1531170445359034
fire alarm went,1,1,2.9380224171110426e-05,3.102603083987466e-05,2,0.05450475586779363
fire alarm twitter,0,2,1.4690112085555213e-05,4.653904625981198e-05,2,1.1531170445359034
finnish nuclear plant,2,0,4.4070336256665636e-05,1.551301541993733e-05,2,-1.044107532800316
financial crash writing,2,0,4.4070336256665636e-05,1.551301541993733e-05,2,-1.044107532800316
combo diving offroad,2,0,4.4070336256665636e-05,1.551301541993733e-05,2,-1.044107532800316
collision no injury,0,2,1.4690112085555213e-05,4.653904625981198e-05,2,1.1531170445359034
collided runner roanoke,1,1,2.9380224171110426e-05,3.102603083987466e-05,2,0.05450475586779363
collided lock lansdowne,0,2,1.4690112085555213e-05,4.653904625981198e-05,2,1.1531170445359034
collided car little,0,2,1.4690112085555213e-05,4.653904625981198e-05,2,1.1531170445359034
tote cross body,2,0,4.4070336256665636e-05,1.551301541993733e-05,2,-1.044107532800316
total case reach,0,2,1.4690112085555213e-05,4.653904625981198e-05,2,1.1531170445359034
tornado slipped radar,0,2,1.4690112085555213e-05,4.653904625981198e-05,2,1.1531170445359034
tornado siren going,1,1,2.9380224171110426e-05,3.102603083987466e-05,2,0.05450475586779363
tornado nearly run,0,2,1.4690112085555213e-05,4.653904625981198e-05,2,1.1531170445359034
torch emergency blanket,1,1,2.9380224171110426e-05,3.102603083987466e-05,2,0.05450475586779363
top insurer blast,0,2,1.4690112085555213e-05,4.653904625981198e-05,2,1.1531170445359034
top enormous high,1,1,2.9380224171110426e-05,3.102603083987466e-05,2,0.05450475586779363
top city redlight,1,1,2.9380224171110426e-05,3.102603083987466e-05,2,0.05450475586779363
took top enormous,1,1,2.9380224171110426e-05,3.102603083987466e-05,2,0.05450475586779363
tonight going mayhem,2,0,4.4070336256665636e-05,1.551301541993733e-05,2,-1.044107532800316
tomorrow night emergency,2,0,4.4070336256665636e-05,1.551301541993733e-05,2,-1.044107532800316
toll hiroshima japan,0,2,1.4690112085555213e-05,4.653904625981198e-05,2,1.1531170445359034
today great fun,2,0,4.4070336256665636e-05,1.551301541993733e-05,2,-1.044107532800316
today frontpage bioterror,0,2,1.4690112085555213e-05,4.653904625981198e-05,2,1.1531170445359034
title match bully,2,0,4.4070336256665636e-05,1.551301541993733e-05,2,-1.044107532800316
ani legendary australian,0,2,1.4690112085555213e-05,4.653904625981198e-05,2,1.1531170445359034
trailer catch fire,0,2,1.4690112085555213e-05,4.653904625981198e-05,2,1.1531170445359034
tragedy accident spot,0,2,1.4690112085555213e-05,4.653904625981198e-05,2,1.1531170445359034
traffic hazard oil,0,2,1.4690112085555213e-05,4.653904625981198e-05,2,1.1531170445359034
traffic collision no,0,2,1.4690112085555213e-05,4.653904625981198e-05,2,1.1531170445359034
town roosevelt wash,0,2,1.4690112085555213e-05,4.653904625981198e-05,2,1.1531170445359034
towards lubbock area,0,2,1.4690112085555213e-05,4.653904625981198e-05,2,1.1531170445359034
finally jennifer aniston,2,0,4.4070336256665636e-05,1.551301541993733e-05,2,-1.044107532800316
fight blight house,2,0,4.4070336256665636e-05,1.551301541993733e-05,2,-1.044107532800316
fifty online date,2,0,4.4070336256665636e-05,1.551301541993733e-05,2,-1.044107532800316
fieg kith red,2,0,4.4070336256665636e-05,1.551301541993733e-05,2,-1.044107532800316
festival attendance king,2,0,4.4070336256665636e-05,1.551301541993733e-05,2,-1.044107532800316
ferry earthquake standard,0,2,1.4690112085555213e-05,4.653904625981198e-05,2,1.1531170445359034
feel like would,2,0,4.4070336256665636e-05,1.551301541993733e-05,2,-1.044107532800316
feel like ive,1,1,2.9380224171110426e-05,3.102603083987466e-05,2,0.05450475586779363
feel like drowning,2,0,4.4070336256665636e-05,1.551301541993733e-05,2,-1.044107532800316
trauma injury involving,0,2,1.4690112085555213e-05,4.653904625981198e-05,2,1.1531170445359034
trash truck fire,0,2,1.4690112085555213e-05,4.653904625981198e-05,2,1.1531170445359034
transport bioterror pathogen,2,0,4.4070336256665636e-05,1.551301541993733e-05,2,-1.044107532800316
transformation alien attack,1,1,2.9380224171110426e-05,3.102603083987466e-05,2,0.05450475586779363
tram update fire,0,2,1.4690112085555213e-05,4.653904625981198e-05,2,1.1531170445359034
train india mumbai,0,2,1.4690112085555213e-05,4.653904625981198e-05,2,1.1531170445359034
train derailment patna,0,2,1.4690112085555213e-05,4.653904625981198e-05,2,1.1531170445359034
train derailed smithsonian,0,2,1.4690112085555213e-05,4.653904625981198e-05,2,1.1531170445359034
train derailed morning,0,2,1.4690112085555213e-05,4.653904625981198e-05,2,1.1531170445359034
train derail river,0,2,1.4690112085555213e-05,4.653904625981198e-05,2,1.1531170445359034
another wounded vermont,0,2,1.4690112085555213e-05,4.653904625981198e-05,2,1.1531170445359034
anniversary atomic bombing,0,2,1.4690112085555213e-05,4.653904625981198e-05,2,1.1531170445359034
annihilation self transformation,1,1,2.9380224171110426e-05,3.102603083987466e-05,2,0.05450475586779363
annihilated alois trancy,2,0,4.4070336256665636e-05,1.551301541993733e-05,2,-1.044107532800316
ankle listed daytoday,2,0,4.4070336256665636e-05,1.551301541993733e-05,2,-1.044107532800316
aniston got married,2,0,4.4070336256665636e-05,1.551301541993733e-05,2,-1.044107532800316
tried save mido,2,0,4.4070336256665636e-05,1.551301541993733e-05,2,-1.044107532800316
trent bridge reminds,1,1,2.9380224171110426e-05,3.102603083987466e-05,2,0.05450475586779363
trent bridge johannesburg,0,2,1.4690112085555213e-05,4.653904625981198e-05,2,1.1531170445359034
trent bridge among,1,1,2.9380224171110426e-05,3.102603083987466e-05,2,0.05450475586779363
tree storm jamaicaplain,0,2,1.4690112085555213e-05,4.653904625981198e-05,2,1.1531170445359034
treatment brazilian blowout,2,0,4.4070336256665636e-05,1.551301541993733e-05,2,-1.044107532800316
trauma top trauma,2,0,4.4070336256665636e-05,1.551301541993733e-05,2,-1.044107532800316
feed thousand syrian,1,1,2.9380224171110426e-05,3.102603083987466e-05,2,0.05450475586779363
fedex stop transporting,1,1,2.9380224171110426e-05,3.102603083987466e-05,2,0.05450475586779363
feat mop apollo,1,1,2.9380224171110426e-05,3.102603083987466e-05,2,0.05450475586779363
fear panic air,2,0,4.4070336256665636e-05,1.551301541993733e-05,2,-1.044107532800316
fear loose rock,0,2,1.4690112085555213e-05,4.653904625981198e-05,2,1.1531170445359034
fatally shot another,0,2,1.4690112085555213e-05,4.653904625981198e-05,2,1.1531170445359034
fatality mortal kombat,2,0,4.4070336256665636e-05,1.551301541993733e-05,2,-1.044107532800316
fatality hit train,1,1,2.9380224171110426e-05,3.102603083987466e-05,2,0.05450475586779363
fat burning soup,2,0,4.4070336256665636e-05,1.551301541993733e-05,2,-1.044107532800316
trust shall desolate,2,0,4.4070336256665636e-05,1.551301541993733e-05,2,-1.044107532800316
trust get rescued,2,0,4.4070336256665636e-05,1.551301541993733e-05,2,-1.044107532800316
trust betrayed military,2,0,4.4070336256665636e-05,1.551301541993733e-05,2,-1.044107532800316
truelove romance lith,2,0,4.4070336256665636e-05,1.551301541993733e-05,2,-1.044107532800316
angel took top,1,1,2.9380224171110426e-05,3.102603083987466e-05,2,0.05450475586779363
anchorage alaska time,0,2,1.4690112085555213e-05,4.653904625981198e-05,2,1.1531170445359034
among worst history,1,1,2.9380224171110426e-05,3.102603083987466e-05,2,0.05450475586779363
amid widespread anger,1,1,2.9380224171110426e-05,3.102603083987466e-05,2,0.05450475586779363
amid himalaya flood,0,2,1.4690112085555213e-05,4.653904625981198e-05,2,1.1531170445359034
american pipeline oil,0,2,1.4690112085555213e-05,4.653904625981198e-05,2,1.1531170445359034
american pipeline company,0,2,1.4690112085555213e-05,4.653904625981198e-05,2,1.1531170445359034
always lit literally,0,2,1.4690112085555213e-05,4.653904625981198e-05,2,1.1531170445359034
also pls help,2,0,4.4070336256665636e-05,1.551301541993733e-05,2,-1.044107532800316
truck trailer catch,0,2,1.4690112085555213e-05,4.653904625981198e-05,2,1.1531170445359034
truck fire chp,0,2,1.4690112085555213e-05,4.653904625981198e-05,2,1.1531170445359034
trolley service sandiego,0,2,1.4690112085555213e-05,4.653904625981198e-05,2,1.1531170445359034
could kill moment,0,2,1.4690112085555213e-05,4.653904625981198e-05,2,1.1531170445359034
cotton candy blizzard,2,0,4.4070336256665636e-05,1.551301541993733e-05,2,-1.044107532800316
cost insurer million,0,2,1.4690112085555213e-05,4.653904625981198e-05,2,1.1531170445359034
fashion food collide,2,0,4.4070336256665636e-05,1.551301541993733e-05,2,-1.044107532800316
faroeislands every year,0,2,1.4690112085555213e-05,4.653904625981198e-05,2,1.1531170445359034
twitter user tell,0,2,1.4690112085555213e-05,4.653904625981198e-05,2,1.1531170445359034
twister sex party,1,1,2.9380224171110426e-05,3.102603083987466e-05,2,0.05450475586779363
twin train derailment,0,2,1.4690112085555213e-05,4.653904625981198e-05,2,1.1531170445359034
twia board director,1,1,2.9380224171110426e-05,3.102603083987466e-05,2,0.05450475586779363
twia board approves,1,1,2.9380224171110426e-05,3.102603083987466e-05,2,0.05450475586779363
twentynine palm california,0,2,1.4690112085555213e-05,4.653904625981198e-05,2,1.1531170445359034
tweetlikeitsseptember th two,0,2,1.4690112085555213e-05,4.653904625981198e-05,2,1.1531170445359034
tutorial everyone want,2,0,4.4070336256665636e-05,1.551301541993733e-05,2,-1.044107532800316
turkish couple gave,0,2,1.4690112085555213e-05,4.653904625981198e-05,2,1.1531170445359034
ttes take charge,0,2,1.4690112085555213e-05,4.653904625981198e-05,2,1.1531170445359034
tsunami beginner computer,2,0,4.4070336256665636e-05,1.551301541993733e-05,2,-1.044107532800316
two train india,0,2,1.4690112085555213e-05,4.653904625981198e-05,2,1.1531170445359034
two train derail,0,2,1.4690112085555213e-05,4.653904625981198e-05,2,1.1531170445359034
two train collided,0,2,1.4690112085555213e-05,4.653904625981198e-05,2,1.1531170445359034
two simultaneous rail,0,2,1.4690112085555213e-05,4.653904625981198e-05,2,1.1531170445359034
two car collided,0,2,1.4690112085555213e-05,4.653904625981198e-05,2,1.1531170445359034
two bus collided,0,2,1.4690112085555213e-05,4.653904625981198e-05,2,1.1531170445359034
two building fire,0,2,1.4690112085555213e-05,4.653904625981198e-05,2,1.1531170445359034
enormous high mountain,1,1,2.9380224171110426e-05,3.102603083987466e-05,2,0.05450475586779363
enjoyed show today,2,0,4.4070336256665636e-05,1.551301541993733e-05,2,-1.044107532800316
england bundled australia,1,1,2.9380224171110426e-05,3.102603083987466e-05,2,0.05450475586779363
endures foot climb,2,0,4.4070336256665636e-05,1.551301541993733e-05,2,-1.044107532800316
end thunderstorm move,0,2,1.4690112085555213e-05,4.653904625981198e-05,2,1.1531170445359034
emotional wreck watching,2,0,4.4070336256665636e-05,1.551301541993733e-05,2,-1.044107532800316
emergency service supervisor,2,0,4.4070336256665636e-05,1.551301541993733e-05,2,-1.044107532800316
could save life,0,2,1.4690112085555213e-05,4.653904625981198e-05,2,1.1531170445359034
could later tonight,0,2,1.4690112085555213e-05,4.653904625981198e-05,2,1.1531170445359034
unlocked braking system,0,2,1.4690112085555213e-05,4.653904625981198e-05,2,1.1531170445359034
universe match whats,2,0,4.4070336256665636e-05,1.551301541993733e-05,2,-1.044107532800316
united state dambisa,2,0,4.4070336256665636e-05,1.551301541993733e-05,2,-1.044107532800316
united spirit not,2,0,4.4070336256665636e-05,1.551301541993733e-05,2,-1.044107532800316
union debris almost,0,2,1.4690112085555213e-05,4.653904625981198e-05,2,1.1531170445359034
unfolded trent bridge,0,2,1.4690112085555213e-05,4.653904625981198e-05,2,1.1531170445359034
underway csx derailment,0,2,1.4690112085555213e-05,4.653904625981198e-05,2,1.1531170445359034
unawares mp tragedy,0,2,1.4690112085555213e-05,4.653904625981198e-05,2,1.1531170445359034
uganda still burning,0,2,1.4690112085555213e-05,4.653904625981198e-05,2,1.1531170445359034
uganda always lit,0,2,1.4690112085555213e-05,4.653904625981198e-05,2,1.1531170445359034
udhampur spos injured,0,2,1.4690112085555213e-05,4.653904625981198e-05,2,1.1531170445359034
udhampur police post,0,2,1.4690112085555213e-05,4.653904625981198e-05,2,1.1531170445359034
ud rescue structural,0,2,1.4690112085555213e-05,4.653904625981198e-05,2,1.1531170445359034
typhoon soudelor approach,0,2,1.4690112085555213e-05,4.653904625981198e-05,2,1.1531170445359034
typhoon hannaph soudelor,0,2,1.4690112085555213e-05,4.653904625981198e-05,2,1.1531170445359034
ty follow go,1,1,2.9380224171110426e-05,3.102603083987466e-05,2,0.05450475586779363
usually cycling related,0,2,1.4690112085555213e-05,4.653904625981198e-05,2,1.1531170445359034
usnwsgov severe weather,0,2,1.4690112085555213e-05,4.653904625981198e-05,2,1.1531170445359034
usgs report earthquake,0,2,1.4690112085555213e-05,4.653904625981198e-05,2,1.1531170445359034
used texas attack,0,2,1.4690112085555213e-05,4.653904625981198e-05,2,1.1531170445359034
used philippine langley,1,1,2.9380224171110426e-05,3.102603083987466e-05,2,0.05450475586779363
use atomic weapon,0,2,1.4690112085555213e-05,4.653904625981198e-05,2,1.1531170445359034
usatoday today frontpage,0,2,1.4690112085555213e-05,4.653904625981198e-05,2,1.1531170445359034
upset rally upset,0,2,1.4690112085555213e-05,4.653904625981198e-05,2,1.1531170445359034
upset burning building,0,2,1.4690112085555213e-05,4.653904625981198e-05,2,1.1531170445359034
upheaval jacque betz,2,0,4.4070336256665636e-05,1.551301541993733e-05,2,-1.044107532800316
upgrading ferry earthquake,0,2,1.4690112085555213e-05,4.653904625981198e-05,2,1.1531170445359034
update route complex,0,2,1.4690112085555213e-05,4.653904625981198e-05,2,1.1531170445359034
update fire crew,0,2,1.4690112085555213e-05,4.653904625981198e-05,2,1.1531170445359034
update family displaced,0,2,1.4690112085555213e-05,4.653904625981198e-05,2,1.1531170445359034
update bend fd,0,2,1.4690112085555213e-05,4.653904625981198e-05,2,1.1531170445359034
unrelenting dangerous heat,0,2,1.4690112085555213e-05,4.653904625981198e-05,2,1.1531170445359034
condition genocide ihhen,0,2,1.4690112085555213e-05,4.653904625981198e-05,2,1.1531170445359034
computer tutorial everyone,2,0,4.4070336256665636e-05,1.551301541993733e-05,2,-1.044107532800316
complication yr everyone,0,2,1.4690112085555213e-05,4.653904625981198e-05,2,1.1531170445359034
comparison gop iranian,1,1,2.9380224171110426e-05,3.102603083987466e-05,2,0.05450475586779363
company may spilled,0,2,1.4690112085555213e-05,4.653904625981198e-05,2,1.1531170445359034
alien attack exterminate,1,1,2.9380224171110426e-05,3.102603083987466e-05,2,0.05450475586779363
album cover clever,2,0,4.4070336256665636e-05,1.551301541993733e-05,2,-1.044107532800316
alaska time utc,0,2,1.4690112085555213e-05,4.653904625981198e-05,2,1.1531170445359034
alarm twitter user,0,2,1.4690112085555213e-05,4.653904625981198e-05,2,1.1531170445359034
alarm rising wildfire,0,2,1.4690112085555213e-05,4.653904625981198e-05,2,1.1531170445359034
airport schiphol storm,0,2,1.4690112085555213e-05,4.653904625981198e-05,2,1.1531170445359034
vehicle collided lock,0,2,1.4690112085555213e-05,4.653904625981198e-05,2,1.1531170445359034
vega top city,1,1,2.9380224171110426e-05,3.102603083987466e-05,2,0.05450475586779363
vabengal zss sw,2,0,4.4070336256665636e-05,1.551301541993733e-05,2,-1.044107532800316
va ap richmond,0,2,1.4690112085555213e-05,4.653904625981198e-05,2,1.1531170445359034
utc km volcano,0,2,1.4690112085555213e-05,4.653904625981198e-05,2,1.1531170445359034
cyclist collided runner,1,1,2.9380224171110426e-05,3.102603083987466e-05,2,0.05450475586779363
custer fall river,0,2,1.4690112085555213e-05,4.653904625981198e-05,2,1.1531170445359034
curb first responder,0,2,1.4690112085555213e-05,4.653904625981198e-05,2,1.1531170445359034
cuban leader extends,0,2,1.4690112085555213e-05,4.653904625981198e-05,2,1.1531170445359034
csx derailment site,0,2,1.4690112085555213e-05,4.653904625981198e-05,2,1.1531170445359034
cruz head st,1,1,2.9380224171110426e-05,3.102603083987466e-05,2,0.05450475586779363
cruz bash obama,1,1,2.9380224171110426e-05,3.102603083987466e-05,2,0.05450475586779363
crushed km run,2,0,4.4070336256665636e-05,1.551301541993733e-05,2,-1.044107532800316
crude oil previously,0,2,1.4690112085555213e-05,4.653904625981198e-05,2,1.1531170445359034
far runway three,0,2,1.4690112085555213e-05,4.653904625981198e-05,2,1.1531170445359034
fan burning building,0,2,1.4690112085555213e-05,4.653904625981198e-05,2,1.1531170445359034
fan army sosfam,2,0,4.4070336256665636e-05,1.551301541993733e-05,2,-1.044107532800316
family mourns drowning,1,1,2.9380224171110426e-05,3.102603083987466e-05,2,0.05450475586779363
family displaced fired,0,2,1.4690112085555213e-05,4.653904625981198e-05,2,1.1531170445359034
confirmed legionnaire outbreak,0,2,1.4690112085555213e-05,4.653904625981198e-05,2,1.1531170445359034
condolence vietnam following,0,2,1.4690112085555213e-05,4.653904625981198e-05,2,1.1531170445359034
video new de,2,0,4.4070336256665636e-05,1.551301541993733e-05,2,-1.044107532800316
video minecraft night,2,0,4.4070336256665636e-05,1.551301541993733e-05,2,-1.044107532800316
video gun range,1,1,2.9380224171110426e-05,3.102603083987466e-05,2,0.05450475586779363
video call duty,2,0,4.4070336256665636e-05,1.551301541993733e-05,2,-1.044107532800316
vid doublecups prod,2,0,4.4070336256665636e-05,1.551301541993733e-05,2,-1.044107532800316
veteran fear loose,0,2,1.4690112085555213e-05,4.653904625981198e-05,2,1.1531170445359034
versethe heaven earth,2,0,4.4070336256665636e-05,1.551301541993733e-05,2,-1.044107532800316
vermont street buffalo,0,2,1.4690112085555213e-05,4.653904625981198e-05,2,1.1531170445359034
venice heavy rain,0,2,1.4690112085555213e-05,4.653904625981198e-05,2,1.1531170445359034
almost surely flight,0,2,1.4690112085555213e-05,4.653904625981198e-05,2,1.1531170445359034
alloy spot flood,2,0,4.4070336256665636e-05,1.551301541993733e-05,2,-1.044107532800316
allegiance pope burning,1,1,2.9380224171110426e-05,3.102603083987466e-05,2,0.05450475586779363
alleged east bay,0,2,1.4690112085555213e-05,4.653904625981198e-05,2,1.1531170445359034
damaged housed near,0,2,1.4690112085555213e-05,4.653904625981198e-05,2,1.1531170445359034
daily news analysis,0,2,1.4690112085555213e-05,4.653904625981198e-05,2,1.1531170445359034
cyclone warning issued,0,2,1.4690112085555213e-05,4.653904625981198e-05,2,1.1531170445359034
wanna put fuck,2,0,4.4070336256665636e-05,1.551301541993733e-05,2,-1.044107532800316
walking mph brisk,1,1,2.9380224171110426e-05,3.102603083987466e-05,2,0.05450475586779363
votejkt id news,0,2,1.4690112085555213e-05,4.653904625981198e-05,2,1.1531170445359034
voodoo seduction astrology,2,0,4.4070336256665636e-05,1.551301541993733e-05,2,-1.044107532800316
vladimir putin issue,0,2,1.4690112085555213e-05,4.653904625981198e-05,2,1.1531170445359034
vip experience see,2,0,4.4070336256665636e-05,1.551301541993733e-05,2,-1.044107532800316
violent record breaking,0,2,1.4690112085555213e-05,4.653904625981198e-05,2,1.1531170445359034
violent overnight storm,0,2,1.4690112085555213e-05,4.653904625981198e-05,2,1.1531170445359034
violent landing inside,0,2,1.4690112085555213e-05,4.653904625981198e-05,2,1.1531170445359034
violent force radio,1,1,2.9380224171110426e-05,3.102603083987466e-05,2,0.05450475586779363
vinyl siding make,2,0,4.4070336256665636e-05,1.551301541993733e-05,2,-1.044107532800316
view latest opening,2,0,4.4070336256665636e-05,1.551301541993733e-05,2,-1.044107532800316
view hiroshima legacy,0,2,1.4690112085555213e-05,4.653904625981198e-05,2,1.1531170445359034
vietnam following natural,0,2,1.4690112085555213e-05,4.653904625981198e-05,2,1.1531170445359034
video want real,1,1,2.9380224171110426e-05,3.102603083987466e-05,2,0.05450475586779363
video sn vabengal,2,0,4.4070336256665636e-05,1.551301541993733e-05,2,-1.044107532800316
extends sympathy vietnam,0,2,1.4690112085555213e-05,4.653904625981198e-05,2,1.1531170445359034
express indi indiannews,0,2,1.4690112085555213e-05,4.653904625981198e-05,2,1.1531170445359034
explosion past saturday,1,1,2.9380224171110426e-05,3.102603083987466e-05,2,0.05450475586779363
explosion nu suppose,0,2,1.4690112085555213e-05,4.653904625981198e-05,2,1.1531170445359034
explores terrorism religion,2,0,4.4070336256665636e-05,1.551301541993733e-05,2,-1.044107532800316
exploit bypass password,2,0,4.4070336256665636e-05,1.551301541993733e-05,2,-1.044107532800316
warne shocked australia,0,2,1.4690112085555213e-05,4.653904625981198e-05,2,1.1531170445359034
warn public hazardous,2,0,4.4070336256665636e-05,1.551301541993733e-05,2,-1.044107532800316
warcraft inspired mode,2,0,4.4070336256665636e-05,1.551301541993733e-05,2,-1.044107532800316
war power jedi,1,1,2.9380224171110426e-05,3.102603083987466e-05,2,0.05450475586779363
war ii book,1,1,2.9380224171110426e-05,3.102603083987466e-05,2,0.05450475586779363
want twister ticket,2,0,4.4070336256665636e-05,1.551301541993733e-05,2,-1.044107532800316
want real action,1,1,2.9380224171110426e-05,3.102603083987466e-05,2,0.05450475586779363
want learn build,2,0,4.4070336256665636e-05,1.551301541993733e-05,2,-1.044107532800316
want free desolation,2,0,4.4070336256665636e-05,1.551301541993733e-05,2,-1.044107532800316
want back life,2,0,4.4070336256665636e-05,1.551301541993733e-05,2,-1.044107532800316
washington ever schedule,0,2,1.4690112085555213e-05,4.653904625981198e-05,2,1.1531170445359034
washed reunion island,0,2,1.4690112085555213e-05,4.653904625981198e-05,2,1.1531170445359034
wash koin news,0,2,1.4690112085555213e-05,4.653904625981198e-05,2,1.1531170445359034
warns un expert,0,2,1.4690112085555213e-05,4.653904625981198e-05,2,1.1531170445359034
warning part ar,0,2,1.4690112085555213e-05,4.653904625981198e-05,2,1.1531170445359034
warning oklahomaok pm,0,2,1.4690112085555213e-05,4.653904625981198e-05,2,1.1531170445359034
warning late escape,0,2,1.4690112085555213e-05,4.653904625981198e-05,2,1.1531170445359034
warning issued pm,0,2,1.4690112085555213e-05,4.653904625981198e-05,2,1.1531170445359034
warning end thunderstorm,0,2,1.4690112085555213e-05,4.653904625981198e-05,2,1.1531170445359034
warning central hill,0,2,1.4690112085555213e-05,4.653904625981198e-05,2,1.1531170445359034
false claim cyclone,0,2,1.4690112085555213e-05,4.653904625981198e-05,2,1.1531170445359034
fallen powerlines glink,0,2,1.4690112085555213e-05,4.653904625981198e-05,2,1.1531170445359034
failed arson plot,0,2,1.4690112085555213e-05,4.653904625981198e-05,2,1.1531170445359034
fact sheet aug,0,2,1.4690112085555213e-05,4.653904625981198e-05,2,1.1531170445359034
faan noted action,0,2,1.4690112085555213e-05,4.653904625981198e-05,2,1.1531170445359034
eye world medium,1,1,2.9380224171110426e-05,3.102603083987466e-05,2,0.05450475586779363
weak ben winston,1,1,2.9380224171110426e-05,3.102603083987466e-05,2,0.05450475586779363
wd boat full,2,0,4.4070336256665636e-05,1.551301541993733e-05,2,-1.044107532800316
way move like,1,1,2.9380224171110426e-05,3.102603083987466e-05,2,0.05450475586779363
wave missing anymore,1,1,2.9380224171110426e-05,3.102603083987466e-05,2,0.05450475586779363
waterway begin achimota,2,0,4.4070336256665636e-05,1.551301541993733e-05,2,-1.044107532800316
water pipe flood,0,2,1.4690112085555213e-05,4.653904625981198e-05,2,1.1531170445359034
airplane accident pilot,0,2,1.4690112085555213e-05,4.653904625981198e-05,2,1.1531170445359034
aircraft mma faan,0,2,1.4690112085555213e-05,4.653904625981198e-05,2,1.1531170445359034
air want free,2,0,4.4070336256665636e-05,1.551301541993733e-05,2,-1.044107532800316
aid sick injured,0,2,1.4690112085555213e-05,4.653904625981198e-05,2,1.1531170445359034
ahead financing secured,2,0,4.4070336256665636e-05,1.551301541993733e-05,2,-1.044107532800316
aftershock protect profit,2,0,4.4070336256665636e-05,1.551301541993733e-05,2,-1.044107532800316
afghanistan sharp rise,0,2,1.4690112085555213e-05,4.653904625981198e-05,2,1.1531170445359034
affecting sturgis could,0,2,1.4690112085555213e-05,4.653904625981198e-05,2,1.1531170445359034
advisory issued august,0,2,1.4690112085555213e-05,4.653904625981198e-05,2,1.1531170445359034
water main break,0,2,1.4690112085555213e-05,4.653904625981198e-05,2,1.1531170445359034
control afterlife islam,2,0,4.4070336256665636e-05,1.551301541993733e-05,2,-1.044107532800316
continues severe thunderstorm,0,2,1.4690112085555213e-05,4.653904625981198e-05,2,1.1531170445359034
context airplane accident,0,2,1.4690112085555213e-05,4.653904625981198e-05,2,1.1531170445359034
consider elem evacuation,0,2,1.4690112085555213e-05,4.653904625981198e-05,2,1.1531170445359034
consent order cleanup,0,2,1.4690112085555213e-05,4.653904625981198e-05,2,1.1531170445359034
connectorconnecto motorcraft wpt,2,0,4.4070336256665636e-05,1.551301541993733e-05,2,-1.044107532800316
connector car charger,1,1,2.9380224171110426e-05,3.102603083987466e-05,2,0.05450475586779363
confirms plane debris,0,2,1.4690112085555213e-05,4.653904625981198e-05,2,1.1531170445359034
wednesday began examining,0,2,1.4690112085555213e-05,4.653904625981198e-05,2,1.1531170445359034
weather traffic august,2,0,4.4070336256665636e-05,1.551301541993733e-05,2,-1.044107532800316
weather bulletin no,0,2,1.4690112085555213e-05,4.653904625981198e-05,2,1.1531170445359034
weapon used texas,0,2,1.4690112085555213e-05,4.653904625981198e-05,2,1.1531170445359034
weapon helicopter official,0,2,1.4690112085555213e-05,4.653904625981198e-05,2,1.1531170445359034
weapon denver billing,0,2,1.4690112085555213e-05,4.653904625981198e-05,2,1.1531170445359034
weallheartonedirection let david,2,0,4.4070336256665636e-05,1.551301541993733e-05,2,-1.044107532800316
weakening move se,0,2,1.4690112085555213e-05,4.653904625981198e-05,2,1.1531170445359034
wftv eyewitness news,2,0,4.4070336256665636e-05,1.551301541993733e-05,2,-1.044107532800316
weston wy custer,0,2,1.4690112085555213e-05,4.653904625981198e-05,2,1.1531170445359034
western uganda still,0,2,1.4690112085555213e-05,4.653904625981198e-05,2,1.1531170445359034
western uganda always,0,2,1.4690112085555213e-05,4.653904625981198e-05,2,1.1531170445359034
west california spring,0,2,1.4690112085555213e-05,4.653904625981198e-05,2,1.1531170445359034
west burned thousand,0,2,1.4690112085555213e-05,4.653904625981198e-05,2,1.1531170445359034
well feel like,2,0,4.4070336256665636e-05,1.551301541993733e-05,2,-1.044107532800316
weighs parole california,1,1,2.9380224171110426e-05,3.102603083987466e-05,2,0.05450475586779363
weekold blaze rage,0,2,1.4690112085555213e-05,4.653904625981198e-05,2,1.1531170445359034
wednesday injury report,2,0,4.4070336256665636e-05,1.551301541993733e-05,2,-1.044107532800316
exploded brought beginning,2,0,4.4070336256665636e-05,1.551301541993733e-05,2,-1.044107532800316
expert wednesday began,0,2,1.4690112085555213e-05,4.653904625981198e-05,2,1.1531170445359034
experience see shania,2,0,4.4070336256665636e-05,1.551301541993733e-05,2,-1.044107532800316
expect gusty wind,0,2,1.4690112085555213e-05,4.653904625981198e-05,2,1.1531170445359034
contruction upgrading ferry,0,2,1.4690112085555213e-05,4.653904625981198e-05,2,1.1531170445359034
control wild fire,0,2,1.4690112085555213e-05,4.653904625981198e-05,2,1.1531170445359034
even northern part,0,2,1.4690112085555213e-05,4.653904625981198e-05,2,1.1531170445359034
evacuation ordered home,0,2,1.4690112085555213e-05,4.653904625981198e-05,2,1.1531170445359034
evacuation interesting great,2,0,4.4070336256665636e-05,1.551301541993733e-05,2,-1.044107532800316
evacuated portland phoenix,0,2,1.4690112085555213e-05,4.653904625981198e-05,2,1.1531170445359034
evacuated passenger tr,0,2,1.4690112085555213e-05,4.653904625981198e-05,2,1.1531170445359034
win civil verdict,1,1,2.9380224171110426e-05,3.102603083987466e-05,2,0.05450475586779363
willing transport research,1,1,2.9380224171110426e-05,3.102603083987466e-05,2,0.05450475586779363
wildfire miss town,0,2,1.4690112085555213e-05,4.653904625981198e-05,2,1.1531170445359034
wildfire information phone,0,2,1.4690112085555213e-05,4.653904625981198e-05,2,1.1531170445359034
wildfire ablaze california,0,2,1.4690112085555213e-05,4.653904625981198e-05,2,1.1531170445359034
widespread anger cross,1,1,2.9380224171110426e-05,3.102603083987466e-05,2,0.05450475586779363
wholesale market ablaze,0,2,1.4690112085555213e-05,4.653904625981198e-05,2,1.1531170445359034
whole box start,1,1,2.9380224171110426e-05,3.102603083987466e-05,2,0.05450475586779363
white gel grey,2,0,4.4070336256665636e-05,1.551301541993733e-05,2,-1.044107532800316
whistle fire starter,1,1,2.9380224171110426e-05,3.102603083987466e-05,2,0.05450475586779363
whats mentioned versethe,2,0,4.4070336256665636e-05,1.551301541993733e-05,2,-1.044107532800316
womens full read,2,0,4.4070336256665636e-05,1.551301541993733e-05,2,-1.044107532800316
woman served planned,2,0,4.4070336256665636e-05,1.551301541993733e-05,2,-1.044107532800316
woman gps app,0,2,1.4690112085555213e-05,4.653904625981198e-05,2,1.1531170445359034
wmata train derailed,0,2,1.4690112085555213e-05,4.653904625981198e-05,2,1.1531170445359034
wire saw cree,1,1,2.9380224171110426e-05,3.102603083987466e-05,2,0.05450475586779363
windstorm insurance association,1,1,2.9380224171110426e-05,3.102603083987466e-05,2,0.05450475586779363
wind not affecting,0,2,1.4690112085555213e-05,4.653904625981198e-05,2,1.1531170445359034
wind heavy downpour,0,2,1.4690112085555213e-05,4.653904625981198e-05,2,1.1531170445359034
exited home made,2,0,4.4070336256665636e-05,1.551301541993733e-05,2,-1.044107532800316
executing cop nothing,0,2,1.4690112085555213e-05,4.653904625981198e-05,2,1.1531170445359034
everything annihilated alois,2,0,4.4070336256665636e-05,1.551301541993733e-05,2,-1.044107532800316
everyone want learn,2,0,4.4070336256665636e-05,1.551301541993733e-05,2,-1.044107532800316
everyone loos shit,0,2,1.4690112085555213e-05,4.653904625981198e-05,2,1.1531170445359034
everybody free text,2,0,4.4070336256665636e-05,1.551301541993733e-05,2,-1.044107532800316
every time see,2,0,4.4070336256665636e-05,1.551301541993733e-05,2,-1.044107532800316
even star moon,2,0,4.4070336256665636e-05,1.551301541993733e-05,2,-1.044107532800316
wounded vermont street,0,2,1.4690112085555213e-05,4.653904625981198e-05,2,1.1531170445359034
womens handbag cross,2,0,4.4070336256665636e-05,1.551301541993733e-05,2,-1.044107532800316
crossborder terrorism pakistan,0,2,1.4690112085555213e-05,4.653904625981198e-05,2,1.1531170445359034
cross body shoulder,2,0,4.4070336256665636e-05,1.551301541993733e-05,2,-1.044107532800316
cross body messenger,2,0,4.4070336256665636e-05,1.551301541993733e-05,2,-1.044107532800316
accidentally fall cliff,1,1,2.9380224171110426e-05,3.102603083987466e-05,2,0.05450475586779363
crew evacuated passenger,0,2,1.4690112085555213e-05,4.653904625981198e-05,2,1.1531170445359034
cree torch emergency,1,1,2.9380224171110426e-05,3.102603083987466e-05,2,0.05450475586779363
create dust mph,0,2,1.4690112085555213e-05,4.653904625981198e-05,2,1.1531170445359034
young people business,2,0,4.4070336256665636e-05,1.551301541993733e-05,2,-1.044107532800316
york killed least,0,2,1.4690112085555213e-05,4.653904625981198e-05,2,1.1531170445359034
yobe state daily,0,2,1.4690112085555213e-05,4.653904625981198e-05,2,1.1531170445359034
year since atomic,0,2,1.4690112085555213e-05,4.653904625981198e-05,2,1.1531170445359034
year not burning,2,0,4.4070336256665636e-05,1.551301541993733e-05,2,-1.044107532800316
year ferguson upheaval,1,1,2.9380224171110426e-05,3.102603083987466e-05,2,0.05450475586779363
year census reveals,1,1,2.9380224171110426e-05,3.102603083987466e-05,2,0.05450475586779363
advertised new friend,2,0,4.4070336256665636e-05,1.551301541993733e-05,2,-1.044107532800316
wreck sailing boat,0,2,1.4690112085555213e-05,4.653904625981198e-05,2,1.1531170445359034
zionist terrorist kidnapped,0,2,1.4690112085555213e-05,4.653904625981198e-05,2,1.1531170445359034
zionist terrorist demolish,0,2,1.4690112085555213e-05,4.653904625981198e-05,2,1.1531170445359034
wy custer fall,0,2,1.4690112085555213e-05,4.653904625981198e-05,2,1.1531170445359034
yr everyone loos,0,2,1.4690112085555213e-05,4.653904625981198e-05,2,1.1531170445359034
ypres road york,0,2,1.4690112085555213e-05,4.653904625981198e-05,2,1.1531170445359034
zss sw fatality,2,0,4.4070336256665636e-05,1.551301541993733e-05,2,-1.044107532800316
youth explosion past,1,1,2.9380224171110426e-05,3.102603083987466e-05,2,0.05450475586779363
cross body geometric,2,0,4.4070336256665636e-05,1.551301541993733e-05,2,-1.044107532800316
wwii atomic bomb,0,2,1.4690112085555213e-05,4.653904625981198e-05,2,1.1531170445359034
world title match,2,0,4.4070336256665636e-05,1.551301541993733e-05,2,-1.044107532800316
world soon obliterated,1,1,2.9380224171110426e-05,3.102603083987466e-05,2,0.05450475586779363
world news record,0,2,1.4690112085555213e-05,4.653904625981198e-05,2,1.1531170445359034
world longs ca,0,2,1.4690112085555213e-05,4.653904625981198e-05,2,1.1531170445359034
world fedex no,1,1,2.9380224171110426e-05,3.102603083987466e-05,2,0.05450475586779363
camp san luis,0,2,1.4690112085555213e-05,4.653904625981198e-05,2,1.1531170445359034
cameo rev blazing,2,0,4.4070336256665636e-05,1.551301541993733e-05,2,-1.044107532800316
came across fire,1,1,2.9380224171110426e-05,3.102603083987466e-05,2,0.05450475586779363
calorie minute walking,1,1,2.9380224171110426e-05,3.102603083987466e-05,2,0.05450475586779363
action shit like,1,1,2.9380224171110426e-05,3.102603083987466e-05,2,0.05450475586779363
action disaster mitigation,0,2,1.4690112085555213e-05,4.653904625981198e-05,2,1.1531170445359034
accident spot never,0,2,1.4690112085555213e-05,4.653904625981198e-05,2,1.1531170445359034
across fire video,1,1,2.9380224171110426e-05,3.102603083987466e-05,2,0.05450475586779363
acre evacuated portland,0,2,1.4690112085555213e-05,4.653904625981198e-05,2,1.1531170445359034
achimota mile full,2,0,4.4070336256665636e-05,1.551301541993733e-05,2,-1.044107532800316
acdelco gm original,2,0,4.4070336256665636e-05,1.551301541993733e-05,2,-1.044107532800316
wound not chesttorso,1,1,2.9380224171110426e-05,3.102603083987466e-05,2,0.05450475586779363
worst history england,1,1,2.9380224171110426e-05,3.102603083987466e-05,2,0.05450475586779363
worldnews fallen powerlines,0,2,1.4690112085555213e-05,4.653904625981198e-05,2,1.1531170445359034
world would explode,2,0,4.4070336256665636e-05,1.551301541993733e-05,2,-1.044107532800316
world work young,2,0,4.4070336256665636e-05,1.551301541993733e-05,2,-1.044107532800316
