ngrama,freq_no_desastre,freq_desastre,P(w|no_desastre),P(w|desastre),freq_total,log_odds
suicide bomber,0,60,1.3425161437566287e-05,0.0008729624912345979,60,4.174761924082323
burning building,23,36,0.0003222038745015909,0.0005295018389455758,59,0.49675214220529
body bag,48,2,0.0006578329104407481,4.293258153612777e-05,50,-2.729319949533506
look like,32,17,0.00044303032743968747,0.0002575954892167666,49,-0.5422477436613045
liked video,34,7,0.00046988065031482005,0.00011448688409634071,41,-1.4120184599005667
northern california,0,41,1.3425161437566287e-05,0.0006010561415057887,41,3.8015576781923794
cross body,38,1,0.0005235812960650852,2.8621721024085177e-05,39,-2.90652640566069
oil spill,1,38,2.6850322875132574e-05,0.000558123559969661,39,3.0343025254787124
california wildfire,0,36,1.3425161437566287e-05,0.0005295018389455758,36,3.674805972553236
suicide bombing,0,34,1.3425161437566287e-05,0.0005008801179214906,34,3.619236121398425
mass murder,5,28,8.055096862539772e-05,0.00041501495484923506,33,1.63942442066743
full read,28,3,0.0003893296816894223,5.7243442048170353e-05,31,-1.917113408957572
feel like,25,5,0.0003490541973767235,8.586516307225553e-05,30,-1.402449008884416
prebreak best,17,13,0.00024165290587619317,0.00020035204716859625,30,-0.18742636837189486
bomber detonated,0,30,1.3425161437566287e-05,0.0004436366758733203,30,3.4978752643941573
natural disaster,11,19,0.00016110193725079545,0.00028621721024085176,30,0.5747136836750018
yr old,1,29,2.6850322875132574e-05,0.00042932581536127767,30,2.771938261011221
heat wave,7,22,0.0001074012915005303,0.00032914979177697953,29,1.119940734158325
home razed,0,29,1.3425161437566287e-05,0.00042932581536127767,29,3.4650854415711665
first responder,17,12,0.00024165290587619317,0.00018604118665655365,29,-0.26153434052561686
confirmed mh,0,29,1.3425161437566287e-05,0.00042932581536127767,29,3.4650854415711665
forest fire,8,20,0.00012082645293809659,0.00030052807075289437,28,0.9111859202962147
pkk suicide,0,28,1.3425161437566287e-05,0.00041501495484923506,28,3.431183889895485
no longer,14,14,0.0002013774215634943,0.00021466290768063883,28,0.06388805990901116
razed northern,0,28,1.3425161437566287e-05,0.00041501495484923506,28,3.431183889895485
latest home,0,28,1.3425161437566287e-05,0.00041501495484923506,28,3.431183889895485
severe thunderstorm,0,28,1.3425161437566287e-05,0.00041501495484923506,28,3.431183889895485
mass murderer,11,17,0.00016110193725079545,0.0002575954892167666,28,0.4693531680171755
detonated bomb,0,28,1.3425161437566287e-05,0.00041501495484923506,28,3.431183889895485
old pkk,0,27,1.3425161437566287e-05,0.0004007040943371925,27,3.3960925700842153
emergency service,18,9,0.00025507806731375944,0.00014310860512042588,27,-0.5779658262633836
wild fire,2,25,4.027548431269886e-05,0.0003720823733131073,27,2.2233723092623836
fatal outbreak,0,26,1.3425161437566287e-05,0.0003863932338251499,26,3.35972492591334
family affected,0,26,1.3425161437566287e-05,0.0003863932338251499,26,3.35972492591334
mh malaysia,0,26,1.3425161437566287e-05,0.0003863932338251499,26,3.35972492591334
affected fatal,0,26,1.3425161437566287e-05,0.0003863932338251499,26,3.35972492591334
atomic bomb,1,25,2.6850322875132574e-05,0.0003720823733131073,26,2.6288374173705478
sue legionnaire,0,26,1.3425161437566287e-05,0.0003863932338251499,26,3.35972492591334
debris found,0,26,1.3425161437566287e-05,0.0003863932338251499,26,3.35972492591334
body bagging,23,3,0.0003222038745015909,5.7243442048170353e-05,26,-1.727871409319044
outbreak legionnaire,0,26,1.3425161437566287e-05,0.0003863932338251499,26,3.35972492591334
family sue,0,26,1.3425161437566287e-05,0.0003863932338251499,26,3.35972492591334
disaster typhoondevastated,0,25,1.3425161437566287e-05,0.0003720823733131073,25,3.321984597930493
declares disaster,0,25,1.3425161437566287e-05,0.0003720823733131073,25,3.321984597930493
legionnaire family,0,25,1.3425161437566287e-05,0.0003720823733131073,25,3.321984597930493
conclusively confirmed,0,25,1.3425161437566287e-05,0.0003720823733131073,25,3.321984597930493
dust storm,8,17,0.00012082645293809659,0.0002575954892167666,25,0.7570352404689564
obama declares,0,25,1.3425161437566287e-05,0.0003720823733131073,25,3.321984597930493
nuclear reactor,13,12,0.000187952260125928,0.00018604118665655365,25,-0.010219912244710725
wreckage conclusively,0,25,1.3425161437566287e-05,0.0003720823733131073,25,3.321984597930493
fedex no,11,14,0.00016110193725079545,0.00021466290768063883,25,0.28703161122322085
train derailment,0,25,1.3425161437566287e-05,0.0003720823733131073,25,3.321984597930493
malaysia pm,0,25,1.3425161437566287e-05,0.0003720823733131073,25,3.321984597930493
typhoondevastated saipan,0,25,1.3425161437566287e-05,0.0003720823733131073,25,3.321984597930493
reddit quarantine,21,4,0.0002953535516264583,7.155430256021294e-05,25,-1.4177164810152043
police officer,3,22,5.370064575026515e-05,0.00032914979177697953,25,1.8130879147182701
get swallowed,0,24,1.3425161437566287e-05,0.00035777151280106474,24,3.282763884777212
loud bang,17,7,0.00024165290587619317,0.00011448688409634071,24,-0.7470421563073176
thunderstorm warning,0,24,1.3425161437566287e-05,0.00035777151280106474,24,3.282763884777212
structural failure,4,20,6.712580718783143e-05,0.00030052807075289437,24,1.4989725851983338
airport get,0,24,1.3425161437566287e-05,0.00035777151280106474,24,3.282763884777212
sandstorm minute,0,24,1.3425161437566287e-05,0.00035777151280106474,24,3.282763884777212
swallowed sandstorm,0,24,1.3425161437566287e-05,0.00035777151280106474,24,3.282763884777212
watch airport,0,24,1.3425161437566287e-05,0.00035777151280106474,24,3.282763884777212
quarantine offensive,21,3,0.0002953535516264583,5.7243442048170353e-05,24,-1.640860032329414
boy charged,0,23,1.3425161437566287e-05,0.00034346065228902213,23,3.241941890256957
market crash,16,7,0.00022822774443862688,0.00011448688409634071,23,-0.6898837424673689
offensive content,20,3,0.000281928390188892,5.7243442048170353e-05,23,-1.5943400166945212
stock market,16,7,0.00022822774443862688,0.00011448688409634071,23,-0.6898837424673689
atomic bombing,0,23,1.3425161437566287e-05,0.00034346065228902213,23,3.241941890256957
china stock,16,7,0.00022822774443862688,0.00011448688409634071,23,-0.6898837424673689
content policy,20,3,0.000281928390188892,5.7243442048170353e-05,23,-1.5943400166945212
bigger projected,0,22,1.3425161437566287e-05,0.00032914979177697953,22,3.1993822758381607
army trench,0,22,1.3425161437566287e-05,0.00032914979177697953,22,3.1993822758381607
turkey army,0,22,1.3425161437566287e-05,0.00032914979177697953,22,3.1993822758381607
fall cliff,17,5,0.00024165290587619317,8.586516307225553e-05,22,-1.0347242287590988
may costlier,0,22,1.3425161437566287e-05,0.00032914979177697953,22,3.1993822758381607
refugio oil,0,22,1.3425161437566287e-05,0.00032914979177697953,22,3.1993822758381607
officer wounded,0,22,1.3425161437566287e-05,0.00032914979177697953,22,3.1993822758381607
costlier bigger,0,22,1.3425161437566287e-05,0.00032914979177697953,22,3.1993822758381607
hundred migrant,0,22,1.3425161437566287e-05,0.00032914979177697953,22,3.1993822758381607
bomb turkey,0,22,1.3425161437566287e-05,0.00032914979177697953,22,3.1993822758381607
spill may,0,22,1.3425161437566287e-05,0.00032914979177697953,22,3.1993822758381607
charged manslaughter,0,22,1.3425161437566287e-05,0.00032914979177697953,22,3.1993822758381607
breaking news,13,8,0.000187952260125928,0.0001287977446083833,21,-0.3779446923700281
wounded suspect,0,21,1.3425161437566287e-05,0.000314838931264937,21,3.154930513267327
movie trapped,15,6,0.0002148025830010606,0.00010017602358429813,21,-0.7627905132754568
hollywood movie,15,6,0.0002148025830010606,0.00010017602358429813,21,-0.7627905132754568
war zone,15,6,0.0002148025830010606,0.00010017602358429813,21,-0.7627905132754568
trapped miner,15,6,0.0002148025830010606,0.00010017602358429813,21,-0.7627905132754568
reunion island,0,21,1.3425161437566287e-05,0.000314838931264937,21,3.154930513267327
dont know,16,5,0.00022822774443862688,8.586516307225553e-05,21,-0.9775658149191498
rescuer searching,0,21,1.3425161437566287e-05,0.000314838931264937,21,3.154930513267327
trench released,0,20,1.3425161437566287e-05,0.00030052807075289437,20,3.108410497632434
longer transport,8,12,0.00012082645293809659,0.00018604118665655365,20,0.4316128400343284
investigator family,0,20,1.3425161437566287e-05,0.00030052807075289437,20,3.108410497632434
sign disaster,0,20,1.3425161437566287e-05,0.00030052807075289437,20,3.108410497632434
searching hundred,0,20,1.3425161437566287e-05,0.00030052807075289437,20,3.108410497632434
knock detonation,15,5,0.0002148025830010606,8.586516307225553e-05,20,-0.916941193102715
yearold boy,0,20,1.3425161437566287e-05,0.00030052807075289437,20,3.108410497632434
saipan obama,0,20,1.3425161437566287e-05,0.00030052807075289437,20,3.108410497632434
school bus,4,16,6.712580718783143e-05,0.00024328462870472402,20,1.287663491531127
pm investigator,0,20,1.3425161437566287e-05,0.00030052807075289437,20,3.108410497632434
obama sign,0,20,1.3425161437566287e-05,0.00030052807075289437,20,3.108410497632434
ignition knock,15,5,0.0002148025830010606,8.586516307225553e-05,20,-0.916941193102715
bridge collapse,1,18,2.6850322875132574e-05,0.0002719063497288092,19,2.3151798585155063
legionnaire disea,0,19,1.3425161437566287e-05,0.00028621721024085176,19,3.059620333463002
disaster declaration,0,19,1.3425161437566287e-05,0.00028621721024085176,19,3.059620333463002
fire truck,9,10,0.00013425161437566286,0.0001574194656324685,19,0.1591982397133361
typhoon soudelor,1,18,2.6850322875132574e-05,0.0002719063497288092,19,2.3151798585155063
bush fire,2,17,4.027548431269886e-05,0.0002575954892167666,19,1.8556475291370662
nuclear disaster,1,18,2.6850322875132574e-05,0.0002719063497288092,19,2.3151798585155063
emergency plan,5,14,8.055096862539772e-05,0.00021466290768063883,19,0.9801787917831661
new content,16,2,0.00022822774443862688,4.293258153612777e-05,18,-1.6707129954790951
picking body,0,18,1.3425161437566287e-05,0.0002719063497288092,18,3.0083270390754517
lab mishap,5,13,8.055096862539772e-05,0.00020035204716859625,18,0.9111859202962147
reddits new,16,2,0.00022822774443862688,4.293258153612777e-05,18,-1.6707129954790951
pick fan,17,1,0.00024165290587619317,2.8621721024085177e-05,18,-2.133336517427208
fan army,17,1,0.00024165290587619317,2.8621721024085177e-05,18,-2.133336517427208
bomber kill,0,18,1.3425161437566287e-05,0.0002719063497288092,18,3.0083270390754517
banned quarantined,16,2,0.00022822774443862688,4.293258153612777e-05,18,-1.6707129954790951
video picking,0,18,1.3425161437566287e-05,0.0002719063497288092,18,3.0083270390754517
bioterror germ,6,12,9.3976130062964e-05,0.00018604118665655365,18,0.6829272683152345
declaration northern,0,18,1.3425161437566287e-05,0.0002719063497288092,18,3.0083270390754517
transport bioterror,7,11,0.0001074012915005303,0.00017173032614451107,18,0.4693531680171755
body water,0,18,1.3425161437566287e-05,0.0002719063497288092,18,3.0083270390754517
effect many,15,2,0.0002148025830010606,4.293258153612777e-05,17,-1.6100883736626603
water rescuer,0,17,1.3425161437566287e-05,0.0002575954892167666,17,2.954259817805176
abc news,0,17,1.3425161437566287e-05,0.0002575954892167666,17,2.954259817805176
heard loud,13,4,0.000187952260125928,7.155430256021294e-05,17,-0.9657313572721471
subreddits banned,15,2,0.0002148025830010606,4.293258153612777e-05,17,-1.6100883736626603
hat prebreak,12,5,0.00017452709868836174,8.586516307225553e-05,17,-0.7093018283244706
black hat,12,5,0.00017452709868836174,8.586516307225553e-05,17,-0.7093018283244706
wake anthrax,5,12,8.055096862539772e-05,0.00018604118665655365,17,0.8370779481424928
many horrible,15,2,0.0002148025830010606,4.293258153612777e-05,17,-1.6100883736626603
computer send,12,5,0.00017452709868836174,8.586516307225553e-05,17,-0.7093018283244706
wave black,12,5,0.00017452709868836174,8.586516307225553e-05,17,-0.7093018283244706
policy go,15,2,0.0002148025830010606,4.293258153612777e-05,17,-1.6100883736626603
madhya pradesh,0,17,1.3425161437566287e-05,0.0002575954892167666,17,2.954259817805176
no one,9,8,0.00013425161437566286,0.0001287977446083833,17,-0.041472455748815126
hijacking computer,12,5,0.00017452709868836174,8.586516307225553e-05,17,-0.7093018283244706
anthrax lab,5,12,8.055096862539772e-05,0.00018604118665655365,17,0.8370779481424928
hot funtenna,12,5,0.00017452709868836174,8.586516307225553e-05,17,-0.7093018283244706
send data,12,5,0.00017452709868836174,8.586516307225553e-05,17,-0.7093018283244706
data sound,12,5,0.00017452709868836174,8.586516307225553e-05,17,-0.7093018283244706
funtenna hijacking,12,5,0.00017452709868836174,8.586516307225553e-05,17,-0.7093018283244706
go effect,15,2,0.0002148025830010606,4.293258153612777e-05,17,-1.6100883736626603
horrible subreddits,15,2,0.0002148025830010606,4.293258153612777e-05,17,-1.6100883736626603
sound wave,12,5,0.00017452709868836174,8.586516307225553e-05,17,-0.7093018283244706
news unconfirmed,13,3,0.000187952260125928,5.7243442048170353e-05,16,-1.1888749085863568
air ambulance,0,16,1.3425161437566287e-05,0.00024328462870472402,16,2.897101403965227
unconfirmed heard,13,3,0.000187952260125928,5.7243442048170353e-05,16,-1.1888749085863568
read ebay,15,1,0.0002148025830010606,2.8621721024085177e-05,16,-2.0155534817708247
nearby appears,13,3,0.000187952260125928,5.7243442048170353e-05,16,-1.1888749085863568
pic yr,0,16,1.3425161437566287e-05,0.00024328462870472402,16,2.897101403965227
crash gem,10,6,0.00014767677581322916,0.00010017602358429813,16,-0.38809706383404596
neighbour as,13,3,0.000187952260125928,5.7243442048170353e-05,16,-1.1888749085863568
miner released,12,4,0.00017452709868836174,7.155430256021294e-05,16,-0.8916233851184254
bus hijacker,4,12,6.712580718783143e-05,0.00018604118665655365,16,1.0193995049364475
year ago,6,10,9.3976130062964e-05,0.0001574194656324685,16,0.5158731836520686
appears blast,13,3,0.000187952260125928,5.7243442048170353e-05,16,-1.1888749085863568
released chile,12,4,0.00017452709868836174,7.155430256021294e-05,16,-0.8916233851184254
wind neighbour,13,3,0.000187952260125928,5.7243442048170353e-05,16,-1.1888749085863568
virgin galactic,0,16,1.3425161437566287e-05,0.00024328462870472402,16,2.897101403965227
blast wind,13,3,0.000187952260125928,5.7243442048170353e-05,16,-1.1888749085863568
bang nearby,13,3,0.000187952260125928,5.7243442048170353e-05,16,-1.1888749085863568
gem rubble,10,6,0.00014767677581322916,0.00010017602358429813,16,-0.38809706383404596
found reunion,0,15,1.3425161437566287e-05,0.00022897376819268141,15,2.836476782148792
pamela geller,0,15,1.3425161437566287e-05,0.00022897376819268141,15,2.836476782148792
led work,13,2,0.000187952260125928,4.293258153612777e-05,15,-1.4765569810381376
waving israeli,0,15,1.3425161437566287e-05,0.00022897376819268141,15,2.836476782148792
pm cdt,0,15,1.3425161437566287e-05,0.00022897376819268141,15,2.836476782148792
food crematorium,0,15,1.3425161437566287e-05,0.00022897376819268141,15,2.836476782148792
famine memory,0,15,1.3425161437566287e-05,0.00022897376819268141,15,2.836476782148792
kill saudi,0,15,1.3425161437566287e-05,0.00022897376819268141,15,2.836476782148792
christian attacked,0,15,1.3425161437566287e-05,0.00022897376819268141,15,2.836476782148792
hiroshima nagasaki,0,15,1.3425161437566287e-05,0.00022897376819268141,15,2.836476782148792
muslim temple,0,15,1.3425161437566287e-05,0.00022897376819268141,15,2.836476782148792
mount waving,0,15,1.3425161437566287e-05,0.00022897376819268141,15,2.836476782148792
attacked muslim,0,15,1.3425161437566287e-05,0.00022897376819268141,15,2.836476782148792
israeli flag,0,15,1.3425161437566287e-05,0.00022897376819268141,15,2.836476782148792
august pm,1,14,2.6850322875132574e-05,0.00021466290768063883,15,2.0787910804512757
ambulance helicopter,0,15,1.3425161437566287e-05,0.00022897376819268141,15,2.836476782148792
helicopter crash,0,15,1.3425161437566287e-05,0.00022897376819268141,15,2.836476782148792
th anniversary,0,15,1.3425161437566287e-05,0.00022897376819268141,15,2.836476782148792
take quiz,13,2,0.000187952260125928,4.293258153612777e-05,15,-1.4765569810381376
flag pamela,0,15,1.3425161437566287e-05,0.00022897376819268141,15,2.836476782148792
temple mount,0,15,1.3425161437566287e-05,0.00022897376819268141,15,2.836476782148792
provoke outrage,0,14,1.3425161437566287e-05,0.00021466290768063883,14,2.771938261011221
live recount,0,14,1.3425161437566287e-05,0.00021466290768063883,14,2.771938261011221
nuclear weapon,2,12,4.027548431269886e-05,0.00018604118665655365,14,1.5302251287024382
pakistani air,0,14,1.3425161437566287e-05,0.00021466290768063883,14,2.771938261011221
germ wake,3,11,5.370064575026515e-05,0.00017173032614451107,14,1.1625003485771208
twelve feared,0,14,1.3425161437566287e-05,0.00021466290768063883,14,2.771938261011221
recount horror,0,14,1.3425161437566287e-05,0.00021466290768063883,14,2.771938261011221
killed pakistani,0,14,1.3425161437566287e-05,0.00021466290768063883,14,2.771938261011221
northern marians,0,14,1.3425161437566287e-05,0.00021466290768063883,14,2.771938261011221
national forest,5,9,8.055096862539772e-05,0.00014310860512042588,14,0.5747136836750018
forest service,0,14,1.3425161437566287e-05,0.00021466290768063883,14,2.771938261011221
tragedy mp,0,14,1.3425161437566287e-05,0.00021466290768063883,14,2.771938261011221
mp live,0,14,1.3425161437566287e-05,0.00021466290768063883,14,2.771938261011221
airplane accident,4,10,6.712580718783143e-05,0.0001574194656324685,14,0.8523454202732814
apollo brown,10,4,0.00014767677581322916,7.155430256021294e-05,14,-0.724569300455259
wildfire abc,0,14,1.3425161437566287e-05,0.00021466290768063883,14,2.771938261011221
work light,12,2,0.00017452709868836174,4.293258153612777e-05,14,-1.402449008884416
amid crisis,0,14,1.3425161437566287e-05,0.00021466290768063883,14,2.771938261011221
anniversary devastation,0,14,1.3425161437566287e-05,0.00021466290768063883,14,2.771938261011221
rly tragedy,0,14,1.3425161437566287e-05,0.00021466290768063883,14,2.771938261011221
new york,3,11,5.370064575026515e-05,0.00017173032614451107,14,1.1625003485771208
crisis famine,0,14,1.3425161437566287e-05,0.00021466290768063883,14,2.771938261011221
time utc,2,12,4.027548431269886e-05,0.00018604118665655365,14,1.5302251287024382
official say,0,14,1.3425161437566287e-05,0.00021466290768063883,14,2.771938261011221
last year,6,8,9.3976130062964e-05,0.0001287977446083833,14,0.31520248818991725
outrage amid,0,14,1.3425161437566287e-05,0.00021466290768063883,14,2.771938261011221
violent storm,5,9,8.055096862539772e-05,0.00014310860512042588,14,0.5747136836750018
aircraft debris,0,14,1.3425161437566287e-05,0.00021466290768063883,14,2.771938261011221
feared killed,0,14,1.3425161437566287e-05,0.00021466290768063883,14,2.771938261011221
saudi security,0,13,1.3425161437566287e-05,0.00020035204716859625,13,2.70294538952427
missing malaysia,0,13,1.3425161437566287e-05,0.00020035204716859625,13,2.70294538952427
wreck wreck,13,0,0.000187952260125928,1.4310860512042588e-05,13,-2.5751692697062474
woman delivers,9,4,0.00013425161437566286,7.155430256021294e-05,13,-0.6292591206509341
malaysia airline,0,13,1.3425161437566287e-05,0.00020035204716859625,13,2.70294538952427
engulfed flame,2,11,4.027548431269886e-05,0.00017173032614451107,13,1.4501824210289018
added video,11,2,0.00016110193725079545,4.293258153612777e-05,13,-1.3224063012108795
aba woman,9,4,0.00013425161437566286,7.155430256021294e-05,13,-0.6292591206509341
site mosque,0,13,1.3425161437566287e-05,0.00020035204716859625,13,2.70294538952427
last night,9,4,0.00013425161437566286,7.155430256021294e-05,13,-0.6292591206509341
crematorium provoke,0,13,1.3425161437566287e-05,0.00020035204716859625,13,2.70294538952427
security site,0,13,1.3425161437566287e-05,0.00020035204716859625,13,2.70294538952427
one direction,10,3,0.00014767677581322916,5.7243442048170353e-05,13,-0.9477128517694688
climate change,8,5,0.00012082645293809659,8.586516307225553e-05,13,-0.34157704819915335
devastation wrought,0,13,1.3425161437566287e-05,0.00020035204716859625,13,2.70294538952427
dont think,10,3,0.00014767677581322916,5.7243442048170353e-05,13,-0.9477128517694688
patience jonathan,4,9,6.712580718783143e-05,0.00014310860512042588,13,0.7570352404689564
cree led,11,2,0.00016110193725079545,4.293258153612777e-05,13,-1.3224063012108795
video playlist,11,2,0.00016110193725079545,4.293258153612777e-05,13,-1.3224063012108795
building fire,1,12,2.6850322875132574e-05,0.00018604118665655365,13,1.9356902368106026
faux leather,12,1,0.00017452709868836174,2.8621721024085177e-05,13,-1.8079141169925803
police post,0,13,1.3425161437566287e-05,0.00020035204716859625,13,2.70294538952427
derailment village,0,12,1.3425161437566287e-05,0.00018604118665655365,12,2.6288374173705478
baby without,8,4,0.00012082645293809659,7.155430256021294e-05,12,-0.523898604993108
hostage iran,1,11,2.6850322875132574e-05,0.00017173032614451107,12,1.8556475291370662
allows parole,3,9,5.370064575026515e-05,0.00014310860512042588,12,0.9801787917831661
shoulder tote,11,1,0.00016110193725079545,2.8621721024085177e-05,12,-1.727871409319044
train derailed,0,12,1.3425161437566287e-05,0.00018604118665655365,12,2.6288374173705478
delivers baby,8,4,0.00012082645293809659,7.155430256021294e-05,12,-0.523898604993108
desolation smaug,11,1,0.00016110193725079545,2.8621721024085177e-05,12,-1.727871409319044
still struggle,0,12,1.3425161437566287e-05,0.00018604118665655365,12,2.6288374173705478
coach train,0,12,1.3425161437566287e-05,0.00018604118665655365,12,2.6288374173705478
past anniversary,0,12,1.3425161437566287e-05,0.00018604118665655365,12,2.6288374173705478
bomb japan,0,12,1.3425161437566287e-05,0.00018604118665655365,12,2.6288374173705478
pandemonium aba,8,4,0.00012082645293809659,7.155430256021294e-05,12,-0.523898604993108
flash flood,0,12,1.3425161437566287e-05,0.00018604118665655365,12,2.6288374173705478
bestnaijamade bestnaijamade,0,12,1.3425161437566287e-05,0.00018604118665655365,12,2.6288374173705478
mark th,0,12,1.3425161437566287e-05,0.00018604118665655365,12,2.6288374173705478
legionnaire disease,0,12,1.3425161437566287e-05,0.00018604118665655365,12,2.6288374173705478
many life,0,12,1.3425161437566287e-05,0.00018604118665655365,12,2.6288374173705478
train plunging,0,12,1.3425161437566287e-05,0.00018604118665655365,12,2.6288374173705478
hijack apc,4,8,6.712580718783143e-05,0.0001287977446083833,12,0.6516747248111302
japan still,0,12,1.3425161437566287e-05,0.00018604118665655365,12,2.6288374173705478
without face,8,4,0.00012082645293809659,7.155430256021294e-05,12,-0.523898604993108
year atomic,0,12,1.3425161437566287e-05,0.00018604118665655365,12,2.6288374173705478
youth saved,0,12,1.3425161437566287e-05,0.00018604118665655365,12,2.6288374173705478
japan mark,0,12,1.3425161437566287e-05,0.00018604118665655365,12,2.6288374173705478
anniversary hiroshima,0,12,1.3425161437566287e-05,0.00018604118665655365,12,2.6288374173705478
saw coach,0,12,1.3425161437566287e-05,0.00018604118665655365,12,2.6288374173705478
saved many,0,12,1.3425161437566287e-05,0.00018604118665655365,12,2.6288374173705478
islamic state,2,10,4.027548431269886e-05,0.0001574194656324685,12,1.3631710440392721
sound like,9,3,0.00013425161437566286,5.7243442048170353e-05,12,-0.8524026719651439
nigerian refugee,1,11,2.6850322875132574e-05,0.00017173032614451107,12,1.8556475291370662
horror saw,0,12,1.3425161437566287e-05,0.00018604118665655365,12,2.6288374173705478
lady shoulder,11,1,0.00016110193725079545,2.8621721024085177e-05,12,-1.727871409319044
detonation sensorsenso,8,4,0.00012082645293809659,7.155430256021294e-05,12,-0.523898604993108
village youth,0,12,1.3425161437566287e-05,0.00018604118665655365,12,2.6288374173705478
rescue hostage,1,11,2.6850322875132574e-05,0.00017173032614451107,12,1.8556475291370662
modified land,1,10,2.6850322875132574e-05,0.0001574194656324685,11,1.7686361521474365
suspect killed,0,11,1.3425161437566287e-05,0.00017173032614451107,11,2.5487947096970114
dead exchanging,0,11,1.3425161437566287e-05,0.00017173032614451107,11,2.5487947096970114
giant crane,0,11,1.3425161437566287e-05,0.00017173032614451107,11,2.5487947096970114
exchanging shot,0,11,1.3425161437566287e-05,0.00017173032614451107,11,2.5487947096970114
land stadium,1,10,2.6850322875132574e-05,0.0001574194656324685,11,1.7686361521474365
two people,0,11,1.3425161437566287e-05,0.00017173032614451107,11,2.5487947096970114
two train,0,11,1.3425161437566287e-05,0.00017173032614451107,11,2.5487947096970114
caused structural,0,11,1.3425161437566287e-05,0.00017173032614451107,11,2.5487947096970114
two giant,0,11,1.3425161437566287e-05,0.00017173032614451107,11,2.5487947096970114
plunging water,0,11,1.3425161437566287e-05,0.00017173032614451107,11,2.5487947096970114
hiroshima atomic,0,11,1.3425161437566287e-05,0.00017173032614451107,11,2.5487947096970114
stadium rescue,1,10,2.6850322875132574e-05,0.0001574194656324685,11,1.7686361521474365
low selfimage,9,2,0.00013425161437566286,4.293258153612777e-05,11,-1.1400847444169249
new lady,10,1,0.00014767677581322916,2.8621721024085177e-05,11,-1.640860032329414
face photo,7,4,0.0001074012915005303,7.155430256021294e-05,11,-0.4061155693367245
suspect dead,0,11,1.3425161437566287e-05,0.00017173032614451107,11,2.5487947096970114
terror attack,1,10,2.6850322875132574e-05,0.0001574194656324685,11,1.7686361521474365
russian food,0,11,1.3425161437566287e-05,0.00017173032614451107,11,2.5487947096970114
war past,0,11,1.3425161437566287e-05,0.00017173032614451107,11,2.5487947096970114
selfimage take,9,2,0.00013425161437566286,4.293258153612777e-05,11,-1.1400847444169249
flight mh,0,11,1.3425161437566287e-05,0.00017173032614451107,11,2.5487947096970114
struggle war,0,11,1.3425161437566287e-05,0.00017173032614451107,11,2.5487947096970114
tote handbag,10,1,0.00014767677581322916,2.8621721024085177e-05,11,-1.640860032329414
new post,9,2,0.00013425161437566286,4.293258153612777e-05,11,-1.1400847444169249
trent bridge,3,8,5.370064575026515e-05,0.0001287977446083833,11,0.8748182761253399
specially modified,1,10,2.6850322875132574e-05,0.0001574194656324685,11,1.7686361521474365
possible ebola,0,11,1.3425161437566287e-05,0.00017173032614451107,11,2.5487947096970114
salt river,6,5,9.3976130062964e-05,8.586516307225553e-05,11,-0.09026261991824702
pradesh train,0,11,1.3425161437566287e-05,0.00017173032614451107,11,2.5487947096970114
plan hijack,3,7,5.370064575026515e-05,0.00011448688409634071,10,0.7570352404689564
nearby home,0,10,1.3425161437566287e-05,0.0001574194656324685,10,2.4617833327073817
municipal emergency,0,10,1.3425161437566287e-05,0.0001574194656324685,10,2.4617833327073817
alabama home,0,10,1.3425161437566287e-05,0.0001574194656324685,10,2.4617833327073817
quarantined possible,0,10,1.3425161437566287e-05,0.0001574194656324685,10,2.4617833327073817
water called,0,10,1.3425161437566287e-05,0.0001574194656324685,10,2.4617833327073817
fatal sh,0,10,1.3425161437566287e-05,0.0001574194656324685,10,2.4617833327073817
galactic spaceship,0,10,1.3425161437566287e-05,0.0001574194656324685,10,2.4617833327073817
ebola case,0,10,1.3425161437566287e-05,0.0001574194656324685,10,2.4617833327073817
jonathan plan,3,7,5.370064575026515e-05,0.00011448688409634071,10,0.7570352404689564
evacuation order,0,10,1.3425161437566287e-05,0.0001574194656324685,10,2.4617833327073817
heavy rain,0,10,1.3425161437566287e-05,0.0001574194656324685,10,2.4617833327073817
km volcano,0,10,1.3425161437566287e-05,0.0001574194656324685,10,2.4617833327073817
la reunion,0,10,1.3425161437566287e-05,0.0001574194656324685,10,2.4617833327073817
wild horse,6,4,9.3976130062964e-05,7.155430256021294e-05,10,-0.27258417671220175
apc pdp,3,7,5.370064575026515e-05,0.00011448688409634071,10,0.7570352404689564
hellfire even,7,3,0.0001074012915005303,5.7243442048170353e-05,10,-0.6292591206509341
report yearold,0,10,1.3425161437566287e-05,0.0001574194656324685,10,2.4617833327073817
saudi mosque,0,10,1.3425161437566287e-05,0.0001574194656324685,10,2.4617833327073817
fukushima nuclear,0,10,1.3425161437566287e-05,0.0001574194656324685,10,2.4617833327073817
manslaughter fatal,0,10,1.3425161437566287e-05,0.0001574194656324685,10,2.4617833327073817
manslaughter toddler,0,10,1.3425161437566287e-05,0.0001574194656324685,10,2.4617833327073817
dont get,8,2,0.00012082645293809659,4.293258153612777e-05,10,-1.0347242287590988
dont let,10,0,0.00014767677581322916,1.4310860512042588e-05,10,-2.3340072128893596
space battle,9,1,0.00013425161437566286,2.8621721024085177e-05,10,-1.5455498525250893
spaceship crash,0,10,1.3425161437566287e-05,0.0001574194656324685,10,2.4617833327073817
panic attack,10,0,0.00014767677581322916,1.4310860512042588e-05,10,-2.3340072128893596
found la,0,10,1.3425161437566287e-05,0.0001574194656324685,10,2.4617833327073817
coming soon,9,1,0.00013425161437566286,2.8621721024085177e-05,10,-1.5455498525250893
volcano hawaii,0,10,1.3425161437566287e-05,0.0001574194656324685,10,2.4617833327073817
holding bridge,0,10,1.3425161437566287e-05,0.0001574194656324685,10,2.4617833327073817
repatriated cameroon,1,9,2.6850322875132574e-05,0.00014310860512042588,10,1.6733259723431115
bayelsa patience,3,7,5.370064575026515e-05,0.00011448688409634071,10,0.7570352404689564
governor allows,1,9,2.6850322875132574e-05,0.00014310860512042588,10,1.6733259723431115
hazardous weather,3,7,5.370064575026515e-05,0.00011448688409634071,10,0.7570352404689564
bioterror pathogen,5,5,8.055096862539772e-05,8.586516307225553e-05,10,0.06388805990901116
syrian refugee,7,3,0.0001074012915005303,5.7243442048170353e-05,10,-0.6292591206509341
stop annihilation,6,4,9.3976130062964e-05,7.155430256021294e-05,10,-0.27258417671220175
toddler report,0,10,1.3425161437566287e-05,0.0001574194656324685,10,2.4617833327073817
top pay,9,1,0.00013425161437566286,2.8621721024085177e-05,10,-1.5455498525250893
reunion missing,0,10,1.3425161437566287e-05,0.0001574194656324685,10,2.4617833327073817
rise top,9,1,0.00013425161437566286,2.8621721024085177e-05,10,-1.5455498525250893
refugee repatriated,1,9,2.6850322875132574e-05,0.00014310860512042588,10,1.6733259723431115
people killed,0,10,1.3425161437566287e-05,0.0001574194656324685,10,2.4617833327073817
seek comment,7,3,0.0001074012915005303,5.7243442048170353e-05,10,-0.6292591206509341
internally displaced,3,7,5.370064575026515e-05,0.00011448688409634071,10,0.7570352404689564
crane holding,0,10,1.3425161437566287e-05,0.0001574194656324685,10,2.4617833327073817
collapse nearby,0,10,1.3425161437566287e-05,0.0001574194656324685,10,2.4617833327073817
world war,5,4,8.055096862539772e-05,7.155430256021294e-05,9,-0.11843349688494352
download video,9,0,0.00013425161437566286,1.4310860512042588e-05,9,-2.2386970330850344
handbag faux,8,1,0.00012082645293809659,2.8621721024085177e-05,9,-1.440189336867263
totaling ship,8,1,0.00012082645293809659,2.8621721024085177e-05,9,-1.440189336867263
pay pile,9,0,0.00013425161437566286,1.4310860512042588e-05,9,-2.2386970330850344
every time,9,0,0.00013425161437566286,1.4310860512042588e-05,9,-2.2386970330850344
browser hijacker,7,2,0.0001074012915005303,4.293258153612777e-05,9,-0.916941193102715
involving fleet,8,1,0.00012082645293809659,2.8621721024085177e-05,9,-1.440189336867263
attack police,0,9,1.3425161437566287e-05,0.00014310860512042588,9,2.366473152903057
windstorm insurer,6,3,9.3976130062964e-05,5.7243442048170353e-05,9,-0.4957277280264115
occurred star,8,1,0.00012082645293809659,2.8621721024085177e-05,9,-1.440189336867263
california school,3,6,5.370064575026515e-05,0.00010017602358429813,9,0.6235038478444339
train derail,0,9,1.3425161437566287e-05,0.00014310860512042588,9,2.366473152903057
spot flood,8,1,0.00012082645293809659,2.8621721024085177e-05,9,-1.440189336867263
militant attack,0,9,1.3425161437566287e-05,0.00014310860512042588,9,2.366473152903057
star involving,8,1,0.00012082645293809659,2.8621721024085177e-05,9,-1.440189336867263
light bar,8,1,0.00012082645293809659,2.8621721024085177e-05,9,-1.440189336867263
bin laden,1,8,2.6850322875132574e-05,0.0001287977446083833,9,1.5679654566852852
ship destroyed,8,1,0.00012082645293809659,2.8621721024085177e-05,9,-1.440189336867263
issued august,0,9,1.3425161437566287e-05,0.00014310860512042588,9,2.366473152903057
battle occurred,8,1,0.00012082645293809659,2.8621721024085177e-05,9,-1.440189336867263
black eye,8,1,0.00012082645293809659,2.8621721024085177e-05,9,-1.440189336867263
weather outlook,2,7,4.027548431269886e-05,0.00011448688409634071,9,1.0447173129207372
sensorsenso standard,7,2,0.0001074012915005303,4.293258153612777e-05,9,-0.916941193102715
like mudslide,6,3,9.3976130062964e-05,5.7243442048170353e-05,9,-0.4957277280264115
texas seek,6,3,9.3976130062964e-05,5.7243442048170353e-05,9,-0.4957277280264115
annihilation salt,5,4,8.055096862539772e-05,7.155430256021294e-05,9,-0.11843349688494352
fleet totaling,8,1,0.00012082645293809659,2.8621721024085177e-05,9,-1.440189336867263
flood combo,8,1,0.00012082645293809659,2.8621721024085177e-05,9,-1.440189336867263
river wild,5,4,8.055096862539772e-05,7.155430256021294e-05,9,-0.11843349688494352
spos injured,0,9,1.3425161437566287e-05,0.00014310860512042588,9,2.366473152903057
united state,4,5,6.712580718783143e-05,8.586516307225553e-05,9,0.24620961670296573
tension bayelsa,3,6,5.370064575026515e-05,0.00010017602358429813,9,0.6235038478444339
rule change,6,3,9.3976130062964e-05,5.7243442048170353e-05,9,-0.4957277280264115
rocky fire,0,9,1.3425161437566287e-05,0.00014310860512042588,9,2.366473152903057
comment rule,6,3,9.3976130062964e-05,5.7243442048170353e-05,9,-0.4957277280264115
train wreck,8,1,0.00012082645293809659,2.8621721024085177e-05,9,-1.440189336867263
change windstorm,6,3,9.3976130062964e-05,5.7243442048170353e-05,9,-0.4957277280264115
mh aircraft,0,9,1.3425161437566287e-05,0.00014310860512042588,9,2.366473152903057
view download,9,0,0.00013425161437566286,1.4310860512042588e-05,9,-2.2386970330850344
eye space,8,1,0.00012082645293809659,2.8621721024085177e-05,9,-1.440189336867263
brown detonate,7,2,0.0001074012915005303,4.293258153612777e-05,9,-0.916941193102715
home quarantined,0,9,1.3425161437566287e-05,0.00014310860512042588,9,2.366473152903057
high school,6,3,9.3976130062964e-05,5.7243442048170353e-05,9,-0.4957277280264115
fire alarm,2,7,4.027548431269886e-05,0.00011448688409634071,9,1.0447173129207372
tonto national,5,3,8.055096862539772e-05,5.7243442048170353e-05,8,-0.34157704819915335
begin examining,0,8,1.3425161437566287e-05,0.0001287977446083833,8,2.2611126372452306
hot specially,1,7,2.6850322875132574e-05,0.00011448688409634071,8,1.4501824210289018
word wrecked,8,0,0.00012082645293809659,1.4310860512042588e-05,8,-2.133336517427208
army directioners,7,1,0.0001074012915005303,2.8621721024085177e-05,8,-1.3224063012108795
air accident,0,8,1.3425161437566287e-05,0.0001287977446083833,8,2.2611126372452306
one thing,7,1,0.0001074012915005303,2.8621721024085177e-05,8,-1.3224063012108795
freak accident,2,6,4.027548431269886e-05,0.00010017602358429813,8,0.9111859202962147
french air,0,8,1.3425161437566287e-05,0.0001287977446083833,8,2.2611126372452306
shoulder bag,8,0,0.00012082645293809659,1.4310860512042588e-05,8,-2.133336517427208
national park,5,3,8.055096862539772e-05,5.7243442048170353e-05,8,-0.34157704819915335
service tonto,5,3,8.055096862539772e-05,5.7243442048170353e-05,8,-0.34157704819915335
issue hazardous,1,7,2.6850322875132574e-05,0.00011448688409634071,8,1.4501824210289018
direction pick,7,1,0.0001074012915005303,2.8621721024085177e-05,8,-1.3224063012108795
invoice make,7,1,0.0001074012915005303,2.8621721024085177e-05,8,-1.3224063012108795
richmond police,0,8,1.3425161437566287e-05,0.0001287977446083833,8,2.2611126372452306
leather hobo,7,1,0.0001074012915005303,2.8621721024085177e-05,8,-1.3224063012108795
airplane debris,0,8,1.3425161437566287e-05,0.0001287977446083833,8,2.2611126372452306
mortal kombat,8,0,0.00012082645293809659,1.4310860512042588e-05,8,-2.133336517427208
let go,5,3,8.055096862539772e-05,5.7243442048170353e-05,8,-0.34157704819915335
car engulfed,0,8,1.3425161437566287e-05,0.0001287977446083833,8,2.2611126372452306
army beyhive,8,0,0.00012082645293809659,1.4310860512042588e-05,8,-2.133336517427208
planned parenthood,6,2,9.3976130062964e-05,4.293258153612777e-05,8,-0.7834098004781923
france begin,0,8,1.3425161437566287e-05,0.0001287977446083833,8,2.2611126372452306
bag womens,7,1,0.0001074012915005303,2.8621721024085177e-05,8,-1.3224063012108795
first time,4,4,6.712580718783143e-05,7.155430256021294e-05,8,0.06388805990901116
beyonce pick,8,0,0.00012082645293809659,1.4310860512042588e-05,8,-2.133336517427208
civilian casualty,0,8,1.3425161437566287e-05,0.0001287977446083833,8,2.2611126372452306
parole california,3,5,5.370064575026515e-05,8.586516307225553e-05,8,0.4693531680171755
boat capsizes,0,8,1.3425161437566287e-05,0.0001287977446083833,8,2.2611126372452306
bbc cnn,3,5,5.370064575026515e-05,8.586516307225553e-05,8,0.4693531680171755
collapse trent,3,5,5.370064575026515e-05,8.586516307225553e-05,8,0.4693531680171755
make stand,7,1,0.0001074012915005303,2.8621721024085177e-05,8,-1.3224063012108795
cable tv,8,0,0.00012082645293809659,1.4310860512042588e-05,8,-2.133336517427208
forest stop,5,3,8.055096862539772e-05,5.7243442048170353e-05,8,-0.34157704819915335
park service,5,3,8.055096862539772e-05,5.7243442048170353e-05,8,-0.34157704819915335
least people,0,8,1.3425161437566287e-05,0.0001287977446083833,8,2.2611126372452306
pm edt,0,8,1.3425161437566287e-05,0.0001287977446083833,8,2.2611126372452306
purse cross,7,1,0.0001074012915005303,2.8621721024085177e-05,8,-1.3224063012108795
bagging meek,7,1,0.0001074012915005303,2.8621721024085177e-05,8,-1.3224063012108795
iran prebreak,1,7,2.6850322875132574e-05,0.00011448688409634071,8,1.4501824210289018
severe weather,0,8,1.3425161437566287e-05,0.0001287977446083833,8,2.2611126372452306
island french,0,8,1.3425161437566287e-05,0.0001287977446083833,8,2.2611126372452306
likely rise,7,1,0.0001074012915005303,2.8621721024085177e-05,8,-1.3224063012108795
eyewitness account,1,7,2.6850322875132574e-05,0.00011448688409634071,8,1.4501824210289018
migrant mediterran,0,8,1.3425161437566287e-05,0.0001287977446083833,8,2.2611126372452306
hobo purse,7,1,0.0001074012915005303,2.8621721024085177e-05,8,-1.3224063012108795
examining airplane,0,8,1.3425161437566287e-05,0.0001287977446083833,8,2.2611126372452306
outlook hwo,1,7,2.6850322875132574e-05,0.00011448688409634071,8,1.4501824210289018
expert france,0,8,1.3425161437566287e-05,0.0001287977446083833,8,2.2611126372452306
business deluged,7,1,0.0001074012915005303,2.8621721024085177e-05,8,-1.3224063012108795
inch curved,6,1,9.3976130062964e-05,2.8621721024085177e-05,7,-1.1888749085863568
islam truth,3,4,5.370064575026515e-05,7.155430256021294e-05,7,0.28703161122322085
mosque reuters,0,7,1.3425161437566287e-05,0.00011448688409634071,7,2.143329601588847
bombing still,0,7,1.3425161437566287e-05,0.00011448688409634071,7,2.143329601588847
injured denver,0,7,1.3425161437566287e-05,0.00011448688409634071,7,2.143329601588847
search survivor,0,7,1.3425161437566287e-05,0.00011448688409634071,7,2.143329601588847
icemoon aftershock,7,0,0.0001074012915005303,1.4310860512042588e-05,7,-2.0155534817708247
ir icemoon,7,0,0.0001074012915005303,1.4310860512042588e-05,7,-2.0155534817708247
curved cree,6,1,9.3976130062964e-05,2.8621721024085177e-05,7,-1.1888749085863568
crashed avoiding,0,7,1.3425161437566287e-05,0.00011448688409634071,7,2.143329601588847
world collide,6,1,9.3976130062964e-05,2.8621721024085177e-05,7,-1.1888749085863568
aftershock dubstep,7,0,0.0001074012915005303,1.4310860512042588e-05,7,-2.0155534817708247
like sinking,6,1,9.3976130062964e-05,2.8621721024085177e-05,7,-1.1888749085863568
arson suspect,0,7,1.3425161437566287e-05,0.00011448688409634071,7,2.143329601588847
accident expert,0,7,1.3425161437566287e-05,0.00011448688409634071,7,2.143329601588847
love love,7,0,0.0001074012915005303,1.4310860512042588e-05,7,-2.0155534817708247
cnn islam,3,4,5.370064575026515e-05,7.155430256021294e-05,7,0.28703161122322085
still felt,0,7,1.3425161437566287e-05,0.00011448688409634071,7,2.143329601588847
offroad fog,6,1,9.3976130062964e-05,2.8621721024085177e-05,7,-1.1888749085863568
bbc news,0,7,1.3425161437566287e-05,0.00011448688409634071,7,2.143329601588847
building burning,3,4,5.370064575026515e-05,7.155430256021294e-05,7,0.28703161122322085
crash caused,0,7,1.3425161437566287e-05,0.00011448688409634071,7,2.143329601588847
louis vuitton,7,0,0.0001074012915005303,1.4310860512042588e-05,7,-2.0155534817708247
caught northern,0,7,1.3425161437566287e-05,0.00011448688409634071,7,2.143329601588847
dont want,6,1,9.3976130062964e-05,2.8621721024085177e-05,7,-1.1888749085863568
music video,6,1,9.3976130062964e-05,2.8621721024085177e-05,7,-1.1888749085863568
phone realise,4,3,6.712580718783143e-05,5.7243442048170353e-05,7,-0.15925549140519854
nagasaki atomic,0,7,1.3425161437566287e-05,0.00011448688409634071,7,2.143329601588847
plane debris,0,7,1.3425161437566287e-05,0.00011448688409634071,7,2.143329601588847
avoiding microlight,0,7,1.3425161437566287e-05,0.00011448688409634071,7,2.143329601588847
feeling home,4,3,6.712580718783143e-05,5.7243442048170353e-05,7,-0.15925549140519854
felt today,0,7,1.3425161437566287e-05,0.00011448688409634071,7,2.143329601588847
plane crashed,0,7,1.3425161437566287e-05,0.00011448688409634071,7,2.143329601588847
quran lie,3,4,5.370064575026515e-05,7.155430256021294e-05,7,0.28703161122322085
investigating cause,0,7,1.3425161437566287e-05,0.00011448688409634071,7,2.143329601588847
fire caught,0,7,1.3425161437566287e-05,0.00011448688409634071,7,2.143329601588847
full rea,6,1,9.3976130062964e-05,2.8621721024085177e-05,7,-1.1888749085863568
tribal war,4,3,6.712580718783143e-05,5.7243442048170353e-05,7,-0.15925549140519854
denver collision,0,7,1.3425161437566287e-05,0.00011448688409634071,7,2.143329601588847
sinking feeling,4,3,6.712580718783143e-05,5.7243442048170353e-05,7,-0.15925549140519854
whole time,4,3,6.712580718783143e-05,5.7243442048170353e-05,7,-0.15925549140519854
mayan tablet,6,1,9.3976130062964e-05,2.8621721024085177e-05,7,-1.1888749085863568
family plane,0,7,1.3425161437566287e-05,0.00011448688409634071,7,2.143329601588847
saudi arabia,0,7,1.3425161437566287e-05,0.00011448688409634071,7,2.143329601588847
dubstep trapmusic,7,0,0.0001074012915005303,1.4310860512042588e-05,7,-2.0155534817708247
escape car,0,7,1.3425161437566287e-05,0.00011448688409634071,7,2.143329601588847
colour shape,6,1,9.3976130062964e-05,2.8621721024085177e-05,7,-1.1888749085863568
combo inch,6,1,9.3976130062964e-05,2.8621721024085177e-05,7,-1.1888749085863568
truck fire,0,7,1.3425161437566287e-05,0.00011448688409634071,7,2.143329601588847
order obliteration,7,0,0.0001074012915005303,1.4310860512042588e-05,7,-2.0155534817708247
deluged invoice,6,1,9.3976130062964e-05,2.8621721024085177e-05,7,-1.1888749085863568
suicide attack,0,7,1.3425161437566287e-05,0.00011448688409634071,7,2.143329601588847
travel guide,7,0,0.0001074012915005303,1.4310860512042588e-05,7,-2.0155534817708247
fog lamp,6,1,9.3976130062964e-05,2.8621721024085177e-05,7,-1.1888749085863568
derailment freakiest,0,7,1.3425161437566287e-05,0.00011448688409634071,7,2.143329601588847
suspect linked,0,7,1.3425161437566287e-05,0.00011448688409634071,7,2.143329601588847
canyon crew,0,7,1.3425161437566287e-05,0.00011448688409634071,7,2.143329601588847
cant wait,6,1,9.3976130062964e-05,2.8621721024085177e-05,7,-1.1888749085863568
detonation sensor,6,1,9.3976130062964e-05,2.8621721024085177e-05,7,-1.1888749085863568
sleeping siren,6,1,9.3976130062964e-05,2.8621721024085177e-05,7,-1.1888749085863568
realise whole,4,3,6.712580718783143e-05,5.7243442048170353e-05,7,-0.15925549140519854
bicyclist injured,0,7,1.3425161437566287e-05,0.00011448688409634071,7,2.143329601588847
news bbc,3,4,5.370064575026515e-05,7.155430256021294e-05,7,0.28703161122322085
migrant mediterranean,0,7,1.3425161437566287e-05,0.00011448688409634071,7,2.143329601588847
disney stock,7,0,0.0001074012915005303,1.4310860512042588e-05,7,-2.0155534817708247
trapmusic dnb,7,0,0.0001074012915005303,1.4310860512042588e-05,7,-2.0155534817708247
post spos,0,7,1.3425161437566287e-05,0.00011448688409634071,7,2.143329601588847
remove linkury,5,2,8.055096862539772e-05,4.293258153612777e-05,7,-0.6292591206509341
potential bioterror,2,5,4.027548431269886e-05,8.586516307225553e-05,7,0.7570352404689564
obliteration ancient,7,0,0.0001074012915005303,1.4310860512042588e-05,7,-2.0155534817708247
collision broadway,0,7,1.3425161437566287e-05,0.00011448688409634071,7,2.143329601588847
hobbit desolation,7,0,0.0001074012915005303,1.4310860512042588e-05,7,-2.0155534817708247
california time,2,5,4.027548431269886e-05,8.586516307225553e-05,7,0.7570352404689564
dnb edm,7,0,0.0001074012915005303,1.4310860512042588e-05,7,-2.0155534817708247
terrorism quran,3,4,5.370064575026515e-05,7.155430256021294e-05,7,0.28703161122322085
like war,4,3,6.712580718783143e-05,5.7243442048170353e-05,7,-0.15925549140519854
dance ice,7,0,0.0001074012915005303,1.4310860512042588e-05,7,-2.0155534817708247
crew investigating,0,7,1.3425161437566287e-05,0.00011448688409634071,7,2.143329601588847
god order,7,0,0.0001074012915005303,1.4310860512042588e-05,7,-2.0155534817708247
edm dance,7,0,0.0001074012915005303,1.4310860512042588e-05,7,-2.0155534817708247
effect hiroshima,0,7,1.3425161437566287e-05,0.00011448688409634071,7,2.143329601588847
god isi,3,4,5.370064575026515e-05,7.155430256021294e-05,7,0.28703161122322085
parley canyon,0,7,1.3425161437566287e-05,0.00011448688409634071,7,2.143329601588847
truth god,3,4,5.370064575026515e-05,7.155430256021294e-05,7,0.28703161122322085
catastrophic effect,0,7,1.3425161437566287e-05,0.00011448688409634071,7,2.143329601588847
truth news,3,4,5.370064575026515e-05,7.155430256021294e-05,7,0.28703161122322085
lamp full,6,1,9.3976130062964e-05,2.8621721024085177e-05,7,-1.1888749085863568
laden family,0,7,1.3425161437566287e-05,0.00011448688409634071,7,2.143329601588847
utc earthquake,0,7,1.3425161437566287e-05,0.00011448688409634071,7,2.143329601588847
mhtw fnet,1,6,2.6850322875132574e-05,0.00010017602358429813,7,1.3166510284043793
home phone,4,3,6.712580718783143e-05,5.7243442048170353e-05,7,-0.15925549140519854
stand colour,6,1,9.3976130062964e-05,2.8621721024085177e-05,7,-1.1888749085863568
horrible sinking,4,3,6.712580718783143e-05,5.7243442048170353e-05,7,-0.15925549140519854
isi terrorism,3,4,5.370064575026515e-05,7.155430256021294e-05,7,0.28703161122322085
linkury browser,5,2,8.055096862539772e-05,4.293258153612777e-05,7,-0.6292591206509341
linked fire,0,7,1.3425161437566287e-05,0.00011448688409634071,7,2.143329601588847
men escape,0,7,1.3425161437566287e-05,0.00011448688409634071,7,2.143329601588847
motorcyclist bicyclist,0,7,1.3425161437566287e-05,0.00011448688409634071,7,2.143329601588847
shape likely,6,1,9.3976130062964e-05,2.8621721024085177e-05,7,-1.1888749085863568
flame parley,0,7,1.3425161437566287e-05,0.00011448688409634071,7,2.143329601588847
bar offroad,6,1,9.3976130062964e-05,2.8621721024085177e-05,7,-1.1888749085863568
ancient canaanite,7,0,0.0001074012915005303,1.4310860512042588e-05,7,-2.0155534817708247
ancient mayan,6,1,9.3976130062964e-05,2.8621721024085177e-05,7,-1.1888749085863568
year old,4,3,6.712580718783143e-05,5.7243442048170353e-05,7,-0.15925549140519854
year since,0,7,1.3425161437566287e-05,0.00011448688409634071,7,2.143329601588847
wrecked disney,7,0,0.0001074012915005303,1.4310860512042588e-05,7,-2.0155534817708247
australia collapse,3,3,5.370064575026515e-05,5.7243442048170353e-05,6,0.06388805990901116
another standuser,6,0,9.3976130062964e-05,1.4310860512042588e-05,6,-1.8820220891463022
well done,4,2,6.712580718783143e-05,4.293258153612777e-05,6,-0.4469375638569796
war turned,4,2,6.712580718783143e-05,4.293258153612777e-05,6,-0.4469375638569796
wheavenly blessing,5,1,8.055096862539772e-05,2.8621721024085177e-05,6,-1.0347242287590988
fear missing,0,6,1.3425161437566287e-05,0.00010017602358429813,6,2.0097982089643245
eyewitness news,5,1,8.055096862539772e-05,2.8621721024085177e-05,6,-1.0347242287590988
bestnaijamade yr,0,6,1.3425161437566287e-05,0.00010017602358429813,6,2.0097982089643245
people died,0,6,1.3425161437566287e-05,0.00010017602358429813,6,2.0097982089643245
failure copilot,0,6,1.3425161437566287e-05,0.00010017602358429813,6,2.0097982089643245
seismic shift,2,4,4.027548431269886e-05,7.155430256021294e-05,6,0.5747136836750018
blast lack,0,6,1.3425161437566287e-05,0.00010017602358429813,6,2.0097982089643245
missing migrant,0,6,1.3425161437566287e-05,0.00010017602358429813,6,2.0097982089643245
italian alp,0,6,1.3425161437566287e-05,0.00010017602358429813,6,2.0097982089643245
one day,5,1,8.055096862539772e-05,2.8621721024085177e-05,6,-1.0347242287590988
crash summer,5,1,8.055096862539772e-05,2.8621721024085177e-05,6,-1.0347242287590988
link reddits,6,0,9.3976130062964e-05,1.4310860512042588e-05,6,-1.8820220891463022
police kill,1,5,2.6850322875132574e-05,8.586516307225553e-05,6,1.1625003485771208
international conference,5,1,8.055096862539772e-05,2.8621721024085177e-05,6,-1.0347242287590988
like tsunami,4,2,6.712580718783143e-05,4.293258153612777e-05,6,-0.4469375638569796
theater shooting,0,6,1.3425161437566287e-05,0.00010017602358429813,6,2.0097982089643245
learning legacy,0,6,1.3425161437566287e-05,0.00010017602358429813,6,2.0097982089643245
death second,2,4,4.027548431269886e-05,7.155430256021294e-05,6,0.5747136836750018
life wheavenly,5,1,8.055096862539772e-05,2.8621721024085177e-05,6,-1.0347242287590988
thank god,2,4,4.027548431269886e-05,7.155430256021294e-05,6,0.5747136836750018
ted cruz,5,1,8.055096862539772e-05,2.8621721024085177e-05,6,-1.0347242287590988
cant believe,4,2,6.712580718783143e-05,4.293258153612777e-05,6,-0.4469375638569796
gm pray,5,1,8.055096862539772e-05,2.8621721024085177e-05,6,-1.0347242287590988
go ahead,3,3,5.370064575026515e-05,5.7243442048170353e-05,6,0.06388805990901116
former executive,0,6,1.3425161437566287e-05,0.00010017602358429813,6,2.0097982089643245
tube strike,2,4,4.027548431269886e-05,7.155430256021294e-05,6,0.5747136836750018
earthquake km,0,6,1.3425161437566287e-05,0.00010017602358429813,6,2.0097982089643245
last week,4,2,6.712580718783143e-05,4.293258153612777e-05,6,-0.4469375638569796
land peace,4,2,6.712580718783143e-05,4.293258153612777e-05,6,-0.4469375638569796
not even,4,2,6.712580718783143e-05,4.293258153612777e-05,6,-0.4469375638569796
mediterranean boat,0,6,1.3425161437566287e-05,0.00010017602358429813,6,2.0097982089643245
no injury,1,5,2.6850322875132574e-05,8.586516307225553e-05,6,1.1625003485771208
microlight landing,0,6,1.3425161437566287e-05,0.00010017602358429813,6,2.0097982089643245
catastrophic eruption,0,6,1.3425161437566287e-05,0.00010017602358429813,6,2.0097982089643245
land engulfed,4,2,6.712580718783143e-05,4.293258153612777e-05,6,-0.4469375638569796
enemy derail,5,1,8.055096862539772e-05,2.8621721024085177e-05,6,-1.0347242287590988
upon said,4,2,6.712580718783143e-05,4.293258153612777e-05,6,-0.4469375638569796
lowndes county,0,6,1.3425161437566287e-05,0.00010017602358429813,6,2.0097982089643245
engulfed tribal,4,2,6.712580718783143e-05,4.293258153612777e-05,6,-0.4469375638569796
emergency department,5,1,8.055096862539772e-05,2.8621721024085177e-05,6,-1.0347242287590988
standuser detonate,6,0,9.3976130062964e-05,1.4310860512042588e-05,6,-1.8820220891463022
state action,3,3,5.370064575026515e-05,5.7243442048170353e-05,6,0.06388805990901116
state group,0,6,1.3425161437566287e-05,0.00010017602358429813,6,2.0097982089643245
next year,5,1,8.055096862539772e-05,2.8621721024085177e-05,6,-1.0347242287590988
meatloving feminist,5,1,8.055096862539772e-05,2.8621721024085177e-05,6,-1.0347242287590988
save hellfire,4,2,6.712580718783143e-05,4.293258153612777e-05,6,-0.4469375638569796
gay bar,5,1,8.055096862539772e-05,2.8621721024085177e-05,6,-1.0347242287590988
hiroshima bombing,0,6,1.3425161437566287e-05,0.00010017602358429813,6,2.0097982089643245
held hostage,4,2,6.712580718783143e-05,4.293258153612777e-05,6,-0.4469375638569796
record hurricane,0,6,1.3425161437566287e-05,0.00010017602358429813,6,2.0097982089643245
ie madinah,4,2,6.712580718783143e-05,4.293258153612777e-05,6,-0.4469375638569796
igers word,6,0,9.3976130062964e-05,1.4310860512042588e-05,6,-1.8820220891463022
grill arrived,5,1,8.055096862539772e-05,2.8621721024085177e-05,6,-1.0347242287590988
let not,4,2,6.712580718783143e-05,4.293258153612777e-05,6,-0.4469375638569796
strong thunderstorm,0,6,1.3425161437566287e-05,0.00010017602358429813,6,2.0097982089643245
legacy catastrophic,0,6,1.3425161437566287e-05,0.00010017602358429813,6,2.0097982089643245
panic disco,6,0,9.3976130062964e-05,1.4310860512042588e-05,6,-1.8820220891463022
order lifted,0,6,1.3425161437566287e-05,0.00010017602358429813,6,2.0097982089643245
make look,3,3,5.370064575026515e-05,5.7243442048170353e-05,6,0.06388805990901116
malaysia confirms,0,6,1.3425161437566287e-05,0.00010017602358429813,6,2.0097982089643245
tropical cyclone,0,6,1.3425161437566287e-05,0.00010017602358429813,6,2.0097982089643245
chicagoarea gay,5,1,8.055096862539772e-05,2.8621721024085177e-05,6,-1.0347242287590988
city calgary,0,6,1.3425161437566287e-05,0.00010017602358429813,6,2.0097982089643245
capsizes libya,0,6,1.3425161437566287e-05,0.00010017602358429813,6,2.0097982089643245
not really,5,1,8.055096862539772e-05,2.8621721024085177e-05,6,-1.0347242287590988
man died,0,6,1.3425161437566287e-05,0.00010017602358429813,6,2.0097982089643245
madinah prophetmuhammad,4,2,6.712580718783143e-05,4.293258153612777e-05,6,-0.4469375638569796
udhampur terror,0,6,1.3425161437566287e-05,0.00010017602358429813,6,2.0097982089643245
turned land,4,2,6.712580718783143e-05,4.293258153612777e-05,6,-0.4469375638569796
came land,4,2,6.712580718783143e-05,4.293258153612777e-05,6,-0.4469375638569796
suspected militant,0,6,1.3425161437566287e-05,0.00010017602358429813,6,2.0097982089643245
detonate killer,6,0,9.3976130062964e-05,1.4310860512042588e-05,6,-1.8820220891463022
flood life,5,1,8.055096862539772e-05,2.8621721024085177e-05,6,-1.0347242287590988
run burning,3,3,5.370064575026515e-05,5.7243442048170353e-05,6,0.06388805990901116
pray attack,5,1,8.055096862539772e-05,2.8621721024085177e-05,6,-1.0347242287590988
hurricane drought,0,6,1.3425161437566287e-05,0.00010017602358429813,6,2.0097982089643245
evacuation abandoned,1,5,2.6850322875132574e-05,8.586516307225553e-05,6,1.1625003485771208
even giving,4,2,6.712580718783143e-05,4.293258153612777e-05,6,-0.4469375638569796
executive prosecuted,0,6,1.3425161437566287e-05,0.00010017602358429813,6,2.0097982089643245
need stop,4,2,6.712580718783143e-05,4.293258153612777e-05,6,-0.4469375638569796
bar admits,5,1,8.055096862539772e-05,2.8621721024085177e-05,6,-1.0347242287590988
bomb bestnaijamade,0,6,1.3425161437566287e-05,0.00010017602358429813,6,2.0097982089643245
migrant boat,0,6,1.3425161437566287e-05,0.00010017602358429813,6,2.0097982089643245
migrant med,0,6,1.3425161437566287e-05,0.00010017602358429813,6,2.0097982089643245
sideline newest,4,2,6.712580718783143e-05,4.293258153612777e-05,6,-0.4469375638569796
date charity,4,2,6.712580718783143e-05,4.293258153612777e-05,6,-0.4469375638569796
freakiest freak,0,6,1.3425161437566287e-05,0.00010017602358429813,6,2.0097982089643245
indian express,0,6,1.3425161437566287e-05,0.00010017602358429813,6,2.0097982089643245
hundred feared,0,6,1.3425161437566287e-05,0.00010017602358429813,6,2.0097982089643245
look state,3,3,5.370064575026515e-05,5.7243442048170353e-05,6,0.06388805990901116
destiny blocked,5,1,8.055096862539772e-05,2.8621721024085177e-05,6,-1.0347242287590988
owner chicagoarea,5,1,8.055096862539772e-05,2.8621721024085177e-05,6,-1.0347242287590988
top link,6,0,9.3976130062964e-05,1.4310860512042588e-05,6,-1.8820220891463022
lord flood,5,1,8.055096862539772e-05,2.8621721024085177e-05,6,-1.0347242287590988
stuart broad,6,0,9.3976130062964e-05,1.4310860512042588e-05,6,-1.8820220891463022
dont worry,3,3,5.370064575026515e-05,5.7243442048170353e-05,6,0.06388805990901116
died wing,0,6,1.3425161437566287e-05,0.00010017602358429813,6,2.0097982089643245
derail destiny,5,1,8.055096862539772e-05,2.8621721024085177e-05,6,-1.0347242287590988
set ablaze,1,5,2.6850322875132574e-05,8.586516307225553e-05,6,1.1625003485771208
video show,1,5,2.6850322875132574e-05,8.586516307225553e-05,6,1.1625003485771208
boat carrying,0,6,1.3425161437566287e-05,0.00010017602358429813,6,2.0097982089643245
blocked lord,5,1,8.055096862539772e-05,2.8621721024085177e-05,6,-1.0347242287590988
peace ie,4,2,6.712580718783143e-05,4.293258153612777e-05,6,-0.4469375638569796
said save,4,2,6.712580718783143e-05,4.293258153612777e-05,6,-0.4469375638569796
half date,4,2,6.712580718783143e-05,4.293258153612777e-05,6,-0.4469375638569796
crash course,4,2,6.712580718783143e-05,4.293258153612777e-05,6,-0.4469375638569796
survivor boat,0,6,1.3425161437566287e-05,0.00010017602358429813,6,2.0097982089643245
green line,0,6,1.3425161437566287e-05,0.00010017602358429813,6,2.0097982089643245
giving half,4,2,6.712580718783143e-05,4.293258153612777e-05,6,-0.4469375638569796
health service,5,1,8.055096862539772e-05,2.8621721024085177e-05,6,-1.0347242287590988
rescuer search,0,6,1.3425161437566287e-05,0.00010017602358429813,6,2.0097982089643245
get blown,4,2,6.712580718783143e-05,4.293258153612777e-05,6,-0.4469375638569796
riot grill,5,1,8.055096862539772e-05,2.8621721024085177e-05,6,-1.0347242287590988
ft mop,3,3,5.370064575026515e-05,5.7243442048170353e-05,6,0.06388805990901116
killer queen,6,0,9.3976130062964e-05,1.4310860512042588e-05,6,-1.8820220891463022
peace upon,4,2,6.712580718783143e-05,4.293258153612777e-05,6,-0.4469375638569796
mudslide cake,6,0,9.3976130062964e-05,1.4310860512042588e-05,6,-1.8820220891463022
abandoned aircraft,1,5,2.6850322875132574e-05,8.586516307225553e-05,6,1.1625003485771208
admits arson,5,1,8.055096862539772e-05,2.8621721024085177e-05,6,-1.0347242287590988
attack enemy,5,1,8.055096862539772e-05,2.8621721024085177e-05,6,-1.0347242287590988
arson scheme,5,1,8.055096862539772e-05,2.8621721024085177e-05,6,-1.0347242287590988
navy sideline,4,2,6.712580718783143e-05,4.293258153612777e-05,6,-0.4469375638569796
feared drowned,0,6,1.3425161437566287e-05,0.00010017602358429813,6,2.0097982089643245
japanese military,0,6,1.3425161437566287e-05,0.00010017602358429813,6,2.0097982089643245
feminist world,5,1,8.055096862539772e-05,2.8621721024085177e-05,6,-1.0347242287590988
ash australia,3,3,5.370064575026515e-05,5.7243442048170353e-05,6,0.06388805990901116
prophetmuhammad islam,4,2,6.712580718783143e-05,4.293258153612777e-05,6,-0.4469375638569796
wing airplane,0,6,1.3425161437566287e-05,0.00010017602358429813,6,2.0097982089643245
horrible accident,0,6,1.3425161437566287e-05,0.00010017602358429813,6,2.0097982089643245
action year,3,3,5.370064575026515e-05,5.7243442048170353e-05,6,0.06388805990901116
prophet peace,4,2,6.712580718783143e-05,4.293258153612777e-05,6,-0.4469375638569796
accident man,0,6,1.3425161437566287e-05,0.00010017602358429813,6,2.0097982089643245
prosecuted fukushima,0,6,1.3425161437566287e-05,0.00010017602358429813,6,2.0097982089643245
world riot,5,1,8.055096862539772e-05,2.8621721024085177e-05,6,-1.0347242287590988
ago today,0,5,1.3425161437566287e-05,8.586516307225553e-05,5,1.8556475291370662
protector film,5,0,8.055096862539772e-05,1.4310860512042588e-05,5,-1.727871409319044
aircraft mma,1,4,2.6850322875132574e-05,7.155430256021294e-05,5,0.9801787917831661
quarantine extremely,4,1,6.712580718783143e-05,2.8621721024085177e-05,5,-0.8524026719651439
quarantined prebreak,4,1,6.712580718783143e-05,2.8621721024085177e-05,5,-0.8524026719651439
hot reddits,4,1,6.712580718783143e-05,2.8621721024085177e-05,5,-0.8524026719651439
honor lowly,5,0,8.055096862539772e-05,1.4310860512042588e-05,5,-1.727871409319044
ave silver,1,4,2.6850322875132574e-05,7.155430256021294e-05,5,0.9801787917831661
angry odeon,1,4,2.6850322875132574e-05,7.155430256021294e-05,5,0.9801787917831661
attack militant,0,5,1.3425161437566287e-05,8.586516307225553e-05,5,1.8556475291370662
anyone else,4,1,6.712580718783143e-05,2.8621721024085177e-05,5,-0.8524026719651439
wind gust,0,5,1.3425161437566287e-05,8.586516307225553e-05,5,1.8556475291370662
wind mph,0,5,1.3425161437566287e-05,8.586516307225553e-05,5,1.8556475291370662
miner starring,3,2,5.370064575026515e-05,4.293258153612777e-05,5,-0.22379401254276976
seismic intensity,0,5,1.3425161437566287e-05,8.586516307225553e-05,5,1.8556475291370662
film blackberry,5,0,8.055096862539772e-05,1.4310860512042588e-05,5,-1.727871409319044
point no,0,5,1.3425161437566287e-05,8.586516307225553e-05,5,1.8556475291370662
plain american,0,5,1.3425161437566287e-05,8.586516307225553e-05,5,1.8556475291370662
plug christmas,0,5,1.3425161437566287e-05,8.586516307225553e-05,5,1.8556475291370662
jeb bush,5,0,8.055096862539772e-05,1.4310860512042588e-05,5,-1.727871409319044
job opening,5,0,8.055096862539772e-05,1.4310860512042588e-05,5,-1.727871409319044
feat mop,4,1,6.712580718783143e-05,2.8621721024085177e-05,5,-0.8524026719651439
simulate chemical,1,4,2.6850322875132574e-05,7.155430256021294e-05,5,0.9801787917831661
sinkhole open,0,5,1.3425161437566287e-05,8.586516307225553e-05,5,1.8556475291370662
first hijacking,0,5,1.3425161437566287e-05,8.586516307225553e-05,5,1.8556475291370662
fire killed,0,5,1.3425161437566287e-05,8.586516307225553e-05,5,1.8556475291370662
faan order,1,4,2.6850322875132574e-05,7.155430256021294e-05,5,0.9801787917831661
severe rainstorm,0,5,1.3425161437566287e-05,8.586516307225553e-05,5,1.8556475291370662
shift gabon,1,4,2.6850322875132574e-05,7.155430256021294e-05,5,0.9801787917831661
false fire,1,4,2.6850322875132574e-05,7.155430256021294e-05,5,0.9801787917831661
secret top,5,0,8.055096862539772e-05,1.4310860512042588e-05,5,-1.727871409319044
explode home,5,0,8.055096862539772e-05,1.4310860512042588e-05,5,-1.727871409319044
exploration take,1,4,2.6850322875132574e-05,7.155430256021294e-05,5,0.9801787917831661
explosion nu,1,4,2.6850322875132574e-05,7.155430256021294e-05,5,0.9801787917831661
people finally,5,0,8.055096862539772e-05,1.4310860512042588e-05,5,-1.727871409319044
people dead,0,5,1.3425161437566287e-05,8.586516307225553e-05,5,1.8556475291370662
peanut butter,5,0,8.055096862539772e-05,1.4310860512042588e-05,5,-1.727871409319044
kill three,0,5,1.3425161437566287e-05,8.586516307225553e-05,5,1.8556475291370662
killed caused,0,5,1.3425161437566287e-05,8.586516307225553e-05,5,1.8556475291370662
people horror,1,4,2.6850322875132574e-05,7.155430256021294e-05,5,0.9801787917831661
fatal crash,0,5,1.3425161437566287e-05,8.586516307225553e-05,5,1.8556475291370662
silver spring,1,4,2.6850322875132574e-05,7.155430256021294e-05,5,0.9801787917831661
fedex stop,1,4,2.6850322875132574e-05,7.155430256021294e-05,5,0.9801787917831661
film fan,1,4,2.6850322875132574e-05,7.155430256021294e-05,5,0.9801787917831661
finally panicking,5,0,8.055096862539772e-05,1.4310860512042588e-05,5,-1.727871409319044
fire burning,1,4,2.6850322875132574e-05,7.155430256021294e-05,5,0.9801787917831661
screen protector,5,0,8.055096862539772e-05,1.4310860512042588e-05,5,-1.727871409319044
say flame,0,5,1.3425161437566287e-05,8.586516307225553e-05,5,1.8556475291370662
scheme lgbt,4,1,6.712580718783143e-05,2.8621721024085177e-05,5,-0.8524026719651439
following false,1,4,2.6850322875132574e-05,7.155430256021294e-05,5,0.9801787917831661
emotional wreck,4,1,6.712580718783143e-05,2.8621721024085177e-05,5,-0.8524026719651439
enugu government,4,1,6.712580718783143e-05,2.8621721024085177e-05,5,-0.8524026719651439
fan angry,1,4,2.6850322875132574e-05,7.155430256021294e-05,5,0.9801787917831661
far runway,0,5,1.3425161437566287e-05,8.586516307225553e-05,5,1.8556475291370662
shot richmond,0,5,1.3425161437566287e-05,8.586516307225553e-05,5,1.8556475291370662
experiment unit,0,5,1.3425161437566287e-05,8.586516307225553e-05,5,1.8556475291370662
sittwe point,0,5,1.3425161437566287e-05,8.586516307225553e-05,5,1.8556475291370662
sinking ship,3,2,5.370064575026515e-05,4.293258153612777e-05,5,-0.22379401254276976
sismo km,1,4,2.6850322875132574e-05,7.155430256021294e-05,5,0.9801787917831661
exchange gunfire,0,5,1.3425161437566287e-05,8.586516307225553e-05,5,1.8556475291370662
explosionproof tempered,5,0,8.055096862539772e-05,1.4310860512042588e-05,5,-1.727871409319044
extremely offensive,4,1,6.712580718783143e-05,2.8621721024085177e-05,5,-0.8524026719651439
ever seen,4,1,6.712580718783143e-05,2.8621721024085177e-05,5,-0.8524026719651439
killed exchange,0,5,1.3425161437566287e-05,8.586516307225553e-05,5,1.8556475291370662
exit md,1,4,2.6850322875132574e-05,7.155430256021294e-05,5,0.9801787917831661
evacuated following,1,4,2.6850322875132574e-05,7.155430256021294e-05,5,0.9801787917831661
landing far,0,5,1.3425161437566287e-05,8.586516307225553e-05,5,1.8556475291370662
estimate grows,0,5,1.3425161437566287e-05,8.586516307225553e-05,5,1.8556475291370662
earner used,5,0,8.055096862539772e-05,1.4310860512042588e-05,5,-1.727871409319044
emergency response,3,2,5.370064575026515e-05,4.293258153612777e-05,5,-0.22379401254276976
emergency unit,1,4,2.6850322875132574e-05,7.155430256021294e-05,5,0.9801787917831661
strategicpatience strategy,1,4,2.6850322875132574e-05,7.155430256021294e-05,5,0.9801787917831661
strategy genocide,1,4,2.6850322875132574e-05,7.155430256021294e-05,5,0.9801787917831661
steve huffman,5,0,8.055096862539772e-05,1.4310860512042588e-05,5,-1.727871409319044
engulfed low,5,0,8.055096862539772e-05,1.4310860512042588e-05,5,-1.727871409319044
spring oil,0,5,1.3425161437566287e-05,8.586516307225553e-05,5,1.8556475291370662
earthquake tsunami,2,3,4.027548431269886e-05,5.7243442048170353e-05,5,0.351570132360792
ebay auction,5,0,8.055096862539772e-05,1.4310860512042588e-05,5,-1.727871409319044
stabbing arson,1,4,2.6850322875132574e-05,7.155430256021294e-05,5,0.9801787917831661
spill estimate,0,5,1.3425161437566287e-05,8.586516307225553e-05,5,1.8556475291370662
parker ridge,0,5,1.3425161437566287e-05,8.586516307225553e-05,5,1.8556475291370662
gold coast,0,5,1.3425161437566287e-05,8.586516307225553e-05,5,1.8556475291370662
rohingya sittwe,0,5,1.3425161437566287e-05,8.586516307225553e-05,5,1.8556475291370662
roosevelt wash,0,5,1.3425161437566287e-05,8.586516307225553e-05,5,1.8556475291370662
genocide refugee,1,4,2.6850322875132574e-05,7.155430256021294e-05,5,0.9801787917831661
georgia ave,1,4,2.6850322875132574e-05,7.155430256021294e-05,5,0.9801787917831661
funny moment,5,0,8.055096862539772e-05,1.4310860512042588e-05,5,-1.727871409319044
died human,0,5,1.3425161437566287e-05,8.586516307225553e-05,5,1.8556475291370662
demolish illegal,4,1,6.712580718783143e-05,2.8621721024085177e-05,5,-0.8524026719651439
panicking cable,5,0,8.055096862539772e-05,1.4310860512042588e-05,5,-1.727871409319044
parole school,0,5,1.3425161437566287e-05,8.586516307225553e-05,5,1.8556475291370662
let desire,4,1,6.712580718783143e-05,2.8621721024085177e-05,5,-0.8524026719651439
story america,0,5,1.3425161437566287e-05,8.586516307225553e-05,5,1.8556475291370662
stir politics,1,4,2.6850322875132574e-05,7.155430256021294e-05,5,0.9801787917831661
desire careful,4,1,6.712580718783143e-05,2.8621721024085177e-05,5,-0.8524026719651439
desire control,4,1,6.712580718783143e-05,2.8621721024085177e-05,5,-0.8524026719651439
dont even,5,0,8.055096862539772e-05,1.4310860512042588e-05,5,-1.727871409319044
dont see,2,3,4.027548431269886e-05,5.7243442048170353e-05,5,0.351570132360792
dont wanna,5,0,8.055096862539772e-05,1.4310860512042588e-05,5,-1.727871409319044
displaced people,1,4,2.6850322875132574e-05,7.155430256021294e-05,5,0.9801787917831661
displaced rohingya,0,5,1.3425161437566287e-05,8.586516307225553e-05,5,1.8556475291370662
tent collapse,3,2,5.370064575026515e-05,4.293258153612777e-05,5,-0.22379401254276976
tablet hieroglyphic,5,0,8.055096862539772e-05,1.4310860512042588e-05,5,-1.727871409319044
detonate ft,3,2,5.370064575026515e-05,4.293258153612777e-05,5,-0.22379401254276976
structure international,4,1,6.712580718783143e-05,2.8621721024085177e-05,5,-0.8524026719651439
surrounded desire,4,1,6.712580718783143e-05,2.8621721024085177e-05,5,-0.8524026719651439
damaged plug,0,5,1.3425161437566287e-05,8.586516307225553e-05,5,1.8556475291370662
destroys house,0,5,1.3425161437566287e-05,8.586516307225553e-05,5,1.8556475291370662
take seismic,1,4,2.6850322875132574e-05,7.155430256021294e-05,5,0.9801787917831661
lava blast,3,2,5.370064575026515e-05,4.293258153612777e-05,5,-0.22379401254276976
gabon somalia,1,4,2.6850322875132574e-05,7.155430256021294e-05,5,0.9801787917831661
gained access,5,0,8.055096862539772e-05,1.4310860512042588e-05,5,-1.727871409319044
galactic crash,0,5,1.3425161437566287e-05,8.586516307225553e-05,5,1.8556475291370662
id still,2,3,4.027548431269886e-05,5.7243442048170353e-05,5,0.351570132360792
investigator said,0,5,1.3425161437566287e-05,8.586516307225553e-05,5,1.8556475291370662
injuryi inner,1,4,2.6850322875132574e-05,7.155430256021294e-05,5,0.9801787917831661
house yobe,0,5,1.3425161437566287e-05,8.586516307225553e-05,5,1.8556475291370662
huffman unveiled,5,0,8.055096862539772e-05,1.4310860512042588e-05,5,-1.727871409319044
human experiment,0,5,1.3425161437566287e-05,8.586516307225553e-05,5,1.8556475291370662
investigator say,0,5,1.3425161437566287e-05,8.586516307225553e-05,5,1.8556475291370662
police chief,2,3,4.027548431269886e-05,5.7243442048170353e-05,5,0.351570132360792
police investigating,1,4,2.6850322875132574e-05,7.155430256021294e-05,5,0.9801787917831661
cramer igers,5,0,8.055096862539772e-05,1.4310860512042588e-05,5,-1.727871409319044
lava cake,5,0,8.055096862539772e-05,1.4310860512042588e-05,5,-1.727871409319044
learn gained,5,0,8.055096862539772e-05,1.4310860512042588e-05,5,-1.727871409319044
order evacuation,1,4,2.6850322875132574e-05,7.155430256021294e-05,5,0.9801787917831661
lightning strike,2,3,4.027548431269886e-05,5.7243442048170353e-05,5,0.351570132360792
life matter,1,4,2.6850322875132574e-05,7.155430256021294e-05,5,0.9801787917831661
light offroad,4,1,6.712580718783143e-05,2.8621721024085177e-05,5,-0.8524026719651439
debris missing,0,5,1.3425161437566287e-05,8.586516307225553e-05,5,1.8556475291370662
tempered glass,5,0,8.055096862539772e-05,1.4310860512042588e-05,5,-1.727871409319044
content reddit,5,0,8.055096862539772e-05,1.4310860512042588e-05,5,-1.727871409319044
collisionno inj,2,3,4.027548431269886e-05,5.7243442048170353e-05,5,0.351570132360792
cofounder ceo,5,0,8.055096862539772e-05,1.4310860512042588e-05,5,-1.727871409319044
darude sandstorm,5,0,8.055096862539772e-05,1.4310860512042588e-05,5,-1.727871409319044
debris confirmed,0,5,1.3425161437566287e-05,8.586516307225553e-05,5,1.8556475291370662
three people,0,5,1.3425161437566287e-05,8.586516307225553e-05,5,1.8556475291370662
thunder lightning,1,4,2.6850322875132574e-05,7.155430256021294e-05,5,0.9801787917831661
official alabama,0,5,1.3425161437566287e-05,8.586516307225553e-05,5,1.8556475291370662
official video,5,0,8.055096862539772e-05,1.4310860512042588e-05,5,-1.727871409319044
said virgin,0,5,1.3425161437566287e-05,8.586516307225553e-05,5,1.8556475291370662
inner loop,1,4,2.6850322875132574e-05,7.155430256021294e-05,5,0.9801787917831661
hasnt sunk,5,0,8.055096862539772e-05,1.4310860512042588e-05,5,-1.727871409319044
hazardous health,1,4,2.6850322875132574e-05,7.155430256021294e-05,5,0.9801787917831661
refugee idp,1,4,2.6850322875132574e-05,7.155430256021294e-05,5,0.9801787917831661
red pantherattack,3,2,5.370064575026515e-05,4.293258153612777e-05,5,-0.22379401254276976
reddit cofounder,5,0,8.055096862539772e-05,1.4310860512042588e-05,5,-1.727871409319044
happy birthday,5,0,8.055096862539772e-05,1.4310860512042588e-05,5,-1.727871409319044
government demolish,4,1,6.712580718783143e-05,2.8621721024085177e-05,5,-0.8524026719651439
get electrocuted,3,2,5.370064575026515e-05,4.293258153612777e-05,5,-0.22379401254276976
glass screen,5,0,8.055096862539772e-05,1.4310860512042588e-05,5,-1.727871409319044
residential area,1,4,2.6850322875132574e-05,7.155430256021294e-05,5,0.9801787917831661
town roosevelt,0,5,1.3425161437566287e-05,8.586516307225553e-05,5,1.8556475291370662
trafford centre,1,4,2.6850322875132574e-05,7.155430256021294e-05,5,0.9801787917831661
little boy,1,4,2.6850322875132574e-05,7.155430256021294e-05,5,0.9801787917831661
oh god,4,1,6.712580718783143e-05,2.8621721024085177e-05,5,-0.8524026719651439
loop exit,1,4,2.6850322875132574e-05,7.155430256021294e-05,5,0.9801787917831661
collapse story,3,2,5.370064575026515e-05,4.293258153612777e-05,5,-0.22379401254276976
claim suicide,0,5,1.3425161437566287e-05,8.586516307225553e-05,5,1.8556475291370662
odeon cinema,1,4,2.6850322875132574e-05,7.155430256021294e-05,5,0.9801787917831661
offensive community,4,1,6.712580718783143e-05,2.8621721024085177e-05,5,-0.8524026719651439
county pm,0,5,1.3425161437566287e-05,8.586516307225553e-05,5,1.8556475291370662
caused damaged,0,5,1.3425161437566287e-05,8.586516307225553e-05,5,1.8556475291370662
careful let,4,1,6.712580718783143e-05,2.8621721024085177e-05,5,-0.8524026719651439
top earner,5,0,8.055096862539772e-05,1.4310860512042588e-05,5,-1.727871409319044
control afterlife,4,1,6.712580718783143e-05,2.8621721024085177e-05,5,-0.8524026719651439
correction tent,3,2,5.370064575026515e-05,4.293258153612777e-05,5,-0.22379401254276976
conference centre,4,1,6.712580718783143e-05,2.8621721024085177e-05,5,-0.8524026719651439
tree report,0,5,1.3425161437566287e-05,8.586516307225553e-05,5,1.8556475291370662
trfc collisionno,2,3,4.027548431269886e-05,5.7243442048170353e-05,5,0.351570132360792
ceo steve,5,0,8.055096862539772e-05,1.4310860512042588e-05,5,-1.727871409319044
collision rear,5,0,8.055096862539772e-05,1.4310860512042588e-05,5,-1.727871409319044
grief israel,1,4,2.6850322875132574e-05,7.155430256021294e-05,5,0.9801787917831661
good thing,1,4,2.6850322875132574e-05,7.155430256021294e-05,5,0.9801787917831661
hit train,1,4,2.6850322875132574e-05,7.155430256021294e-05,5,0.9801787917831661
heart attack,3,2,5.370064575026515e-05,4.293258153612777e-05,5,-0.22379401254276976
politics grief,1,4,2.6850322875132574e-05,7.155430256021294e-05,5,0.9801787917831661
idp internally,1,4,2.6850322875132574e-05,7.155430256021294e-05,5,0.9801787917831661
pretty much,5,0,8.055096862539772e-05,1.4310860512042588e-05,5,-1.727871409319044
power red,3,2,5.370064575026515e-05,4.293258153612777e-05,5,-0.22379401254276976
illegal structure,4,1,6.712580718783143e-05,2.8621721024085177e-05,5,-0.8524026719651439
hurricane guillermo,0,5,1.3425161437566287e-05,8.586516307225553e-05,5,1.8556475291370662
potus strategicpatience,1,4,2.6850322875132574e-05,7.155430256021294e-05,5,0.9801787917831661
policy promise,4,1,6.712580718783143e-05,2.8621721024085177e-05,5,-0.8524026719651439
report say,0,5,1.3425161437566287e-05,8.586516307225553e-05,5,1.8556475291370662
trolley service,0,5,1.3425161437566287e-05,8.586516307225553e-05,5,1.8556475291370662
two building,0,5,1.3425161437566287e-05,8.586516307225553e-05,5,1.8556475291370662
come back,2,3,4.027548431269886e-05,5.7243442048170353e-05,5,0.351570132360792
make way,5,0,8.055096862539772e-05,1.4310860512042588e-05,5,-1.727871409319044
notice stabbing,1,4,2.6850322875132574e-05,7.155430256021294e-05,5,0.9801787917831661
mansion fire,0,5,1.3425161437566287e-05,8.586516307225553e-05,5,1.8556475291370662
carrying many,0,5,1.3425161437566287e-05,8.586516307225553e-05,5,1.8556475291370662
capture violent,0,5,1.3425161437566287e-05,8.586516307225553e-05,5,1.8556475291370662
car accident,2,3,4.027548431269886e-05,5.7243442048170353e-05,5,0.351570132360792
christmas tree,0,5,1.3425161437566287e-05,8.586516307225553e-05,5,1.8556475291370662
unit simulate,1,4,2.6850322875132574e-05,7.155430256021294e-05,5,0.9801787917831661
cinema evacuated,1,4,2.6850322875132574e-05,7.155430256021294e-05,5,0.9801787917831661
chile hollywood,3,2,5.370064575026515e-05,4.293258153612777e-05,5,-0.22379401254276976
chemical explosion,1,4,2.6850322875132574e-05,7.155430256021294e-05,5,0.9801787917831661
turkish couple,3,2,5.370064575026515e-05,4.293258153612777e-05,5,-0.22379401254276976
cdt nw,0,5,1.3425161437566287e-05,8.586516307225553e-05,5,1.8556475291370662
centre film,1,4,2.6850322875132574e-05,7.155430256021294e-05,5,0.9801787917831661
no return,0,5,1.3425161437566287e-05,8.586516307225553e-05,5,1.8556475291370662
lowly king,5,0,8.055096862539772e-05,1.4310860512042588e-05,5,-1.727871409319044
no curfew,5,0,8.055096862539772e-05,1.4310860512042588e-05,5,-1.727871409319044
no idea,4,1,6.712580718783143e-05,2.8621721024085177e-05,5,-0.8524026719651439
no news,0,5,1.3425161437566287e-05,8.586516307225553e-05,5,1.8556475291370662
used explode,5,0,8.055096862539772e-05,1.4310860512042588e-05,5,-1.727871409319044
update content,4,1,6.712580718783143e-05,2.8621721024085177e-05,5,-0.8524026719651439
med rescuer,0,5,1.3425161437566287e-05,8.586516307225553e-05,5,1.8556475291370662
unit japanese,0,5,1.3425161437566287e-05,8.586516307225553e-05,5,1.8556475291370662
horror etc,1,4,2.6850322875132574e-05,7.155430256021294e-05,5,0.9801787917831661
home business,5,0,8.055096862539772e-05,1.4310860512042588e-05,5,-1.727871409319044
hieroglyphic honor,5,0,8.055096862539772e-05,1.4310860512042588e-05,5,-1.727871409319044
reddit update,4,1,6.712580718783143e-05,2.8621721024085177e-05,5,-0.8524026719651439
hellfire surrounded,4,1,6.712580718783143e-05,2.8621721024085177e-05,5,-0.8524026719651439
rail crash,0,5,1.3425161437566287e-05,8.586516307225553e-05,5,1.8556475291370662
rainstorm destroys,0,5,1.3425161437566287e-05,8.586516307225553e-05,5,1.8556475291370662
video capture,1,4,2.6850322875132574e-05,7.155430256021294e-05,5,0.9801787917831661
video minecraft,5,0,8.055096862539772e-05,1.4310860512042588e-05,5,-1.727871409319044
business please,5,0,8.055096862539772e-05,1.4310860512042588e-05,5,-1.727871409319044
california spring,0,5,1.3425161437566287e-05,8.586516307225553e-05,5,1.8556475291370662
mark year,0,5,1.3425161437566287e-05,8.586516307225553e-05,5,1.8556475291370662
meek mill,4,1,6.712580718783143e-05,2.8621721024085177e-05,5,-0.8524026719651439
md georgia,1,4,2.6850322875132574e-05,7.155430256021294e-05,5,0.9801787917831661
maryland mansion,0,5,1.3425161437566287e-05,8.586516307225553e-05,5,1.8556475291370662
victim stir,1,4,2.6850322875132574e-05,7.155430256021294e-05,5,0.9801787917831661
violent landing,0,5,1.3425161437566287e-05,8.586516307225553e-05,5,1.8556475291370662
bombing hiroshima,0,5,1.3425161437566287e-05,8.586516307225553e-05,5,1.8556475291370662
bombing saudi,0,5,1.3425161437566287e-05,8.586516307225553e-05,5,1.8556475291370662
newest sub,4,1,6.712580718783143e-05,2.8621721024085177e-05,5,-0.8524026719651439
new weapon,4,1,6.712580718783143e-05,2.8621721024085177e-05,5,-0.8524026719651439
new world,4,1,6.712580718783143e-05,2.8621721024085177e-05,5,-0.8524026719651439
new explosionproof,5,0,8.055096862539772e-05,1.4310860512042588e-05,5,-1.727871409319044
mosque suicide,0,5,1.3425161437566287e-05,8.586516307225553e-05,5,1.8556475291370662
mourning notice,1,4,2.6850322875132574e-05,7.155430256021294e-05,5,0.9801787917831661
movie theater,0,5,1.3425161437566287e-05,8.586516307225553e-05,5,1.8556475291370662
warning issued,0,5,1.3425161437566287e-05,8.586516307225553e-05,5,1.8556475291370662
providence health,4,1,6.712580718783143e-05,2.8621721024085177e-05,5,-0.8524026719651439
promise quarantine,4,1,6.712580718783143e-05,2.8621721024085177e-05,5,-0.8524026719651439
blackberry full,5,0,8.055096862539772e-05,1.4310860512042588e-05,5,-1.727871409319044
blazing hot,4,1,6.712580718783143e-05,2.8621721024085177e-05,5,-0.8524026719651439
helicopter crashed,0,5,1.3425161437566287e-05,8.586516307225553e-05,5,1.8556475291370662
world news,0,5,1.3425161437566287e-05,8.586516307225553e-05,5,1.8556475291370662
access secret,5,0,8.055096862539772e-05,1.4310860512042588e-05,5,-1.727871409319044
accident indian,0,5,1.3425161437566287e-05,8.586516307225553e-05,5,1.8556475291370662
accident property,0,5,1.3425161437566287e-05,8.586516307225553e-05,5,1.8556475291370662
would get,3,2,5.370064575026515e-05,4.293258153612777e-05,5,-0.22379401254276976
anti collision,5,0,8.055096862539772e-05,1.4310860512042588e-05,5,-1.727871409319044
woman crush,5,0,8.055096862539772e-05,1.4310860512042588e-05,5,-1.727871409319044
america first,0,5,1.3425161437566287e-05,8.586516307225553e-05,5,1.8556475291370662
american pipeline,0,5,1.3425161437566287e-05,8.586516307225553e-05,5,1.8556475291370662
arson victim,1,4,2.6850322875132574e-05,7.155430256021294e-05,5,0.9801787917831661
myanmar displaced,0,5,1.3425161437566287e-05,8.586516307225553e-05,5,1.8556475291370662
murderous story,0,5,1.3425161437566287e-05,8.586516307225553e-05,5,1.8556475291370662
york time,0,5,1.3425161437566287e-05,8.586516307225553e-05,5,1.8556475291370662
zombie apocalypse,3,1,5.370064575026515e-05,2.8621721024085177e-05,4,-0.6292591206509341
zionist terrorist,0,4,1.3425161437566287e-05,7.155430256021294e-05,4,1.6733259723431115
would explode,4,0,6.712580718783143e-05,1.4310860512042588e-05,4,-1.5455498525250893
would say,1,3,2.6850322875132574e-05,5.7243442048170353e-05,4,0.7570352404689564
woman child,0,4,1.3425161437566287e-05,7.155430256021294e-05,4,1.6733259723431115
woman military,4,0,6.712580718783143e-05,1.4310860512042588e-05,4,-1.5455498525250893
wisenews china,2,2,4.027548431269886e-05,4.293258153612777e-05,4,0.06388805990901116
apartment building,1,3,2.6850322875132574e-05,5.7243442048170353e-05,4,0.7570352404689564
apocalypse wither,4,0,6.712580718783143e-05,1.4310860512042588e-05,4,-1.5455498525250893
apocalyptic earthquake,2,2,4.027548431269886e-05,4.293258153612777e-05,4,0.06388805990901116
another white,0,4,1.3425161437566287e-05,7.155430256021294e-05,4,1.6733259723431115
xp reason,3,1,5.370064575026515e-05,2.8621721024085177e-05,4,-0.6292591206509341
yazidis blast,0,4,1.3425161437566287e-05,7.155430256021294e-05,4,1.6733259723431115
wreckage flight,0,4,1.3425161437566287e-05,7.155430256021294e-05,4,1.6733259723431115
ambulance sprinter,4,0,6.712580718783143e-05,1.4310860512042588e-05,4,-1.5455498525250893
airline abc,0,4,1.3425161437566287e-05,7.155430256021294e-05,4,1.6733259723431115
aim taiwan,0,4,1.3425161437566287e-05,7.155430256021294e-05,4,1.6733259723431115
washington post,1,3,2.6850322875132574e-05,5.7243442048170353e-05,4,0.7570352404689564
warfighting robot,0,4,1.3425161437566287e-05,7.155430256021294e-05,4,1.6733259723431115
warning oklahoma,0,4,1.3425161437566287e-05,7.155430256021294e-05,4,1.6733259723431115
warning wind,0,4,1.3425161437566287e-05,7.155430256021294e-05,4,1.6733259723431115
black people,3,1,5.370064575026515e-05,2.8621721024085177e-05,4,-0.6292591206509341
blast near,0,4,1.3425161437566287e-05,7.155430256021294e-05,4,1.6733259723431115
bioterror lab,1,3,2.6850322875132574e-05,5.7243442048170353e-05,4,0.7570352404689564
bioterrorism sir,2,2,4.027548431269886e-05,4.293258153612777e-05,4,0.06388805990901116
movie theatre,1,3,2.6850322875132574e-05,5.7243442048170353e-05,4,0.7570352404689564
monogram sophie,4,0,6.712580718783143e-05,1.4310860512042588e-05,4,-1.5455498525250893
mop detonate,3,1,5.370064575026515e-05,2.8621721024085177e-05,4,-0.6292591206509341
mosque saudi,0,4,1.3425161437566287e-05,7.155430256021294e-05,4,1.6733259723431115
mitt video,4,0,6.712580718783143e-05,1.4310860512042588e-05,4,-1.5455498525250893
weapon used,1,3,2.6850322875132574e-05,5.7243442048170353e-05,4,0.7570352404689564
weather statement,0,4,1.3425161437566287e-05,7.155430256021294e-05,4,1.6733259723431115
wd flood,3,1,5.370064575026515e-05,2.8621721024085177e-05,4,-0.6292591206509341
video coming,2,2,4.027548431269886e-05,4.293258153612777e-05,4,0.06388805990901116
bob apocalypse,4,0,6.712580718783143e-05,1.4310860512042588e-05,4,-1.5455498525250893
memory drawn,0,4,1.3425161437566287e-05,7.155430256021294e-05,4,1.6733259723431115
mention let,3,1,5.370064575026515e-05,2.8621721024085177e-05,4,-0.6292591206509341
metro train,0,4,1.3425161437566287e-05,7.155430256021294e-05,4,1.6733259723431115
new yorker,1,3,2.6850322875132574e-05,5.7243442048170353e-05,4,0.7570352404689564
new video,2,2,4.027548431269886e-05,4.293258153612777e-05,4,0.06388805990901116
new mad,4,0,6.712580718783143e-05,1.4310860512042588e-05,4,-1.5455498525250893
video battlefield,4,0,6.712580718783143e-05,1.4310860512042588e-05,4,-1.5455498525250893
beam full,3,1,5.370064575026515e-05,2.8621721024085177e-05,4,-0.6292591206509341
want see,3,1,5.370064575026515e-05,2.8621721024085177e-05,4,-0.6292591206509341
want think,3,1,5.370064575026515e-05,2.8621721024085177e-05,4,-0.6292591206509341
want work,4,0,6.712580718783143e-05,1.4310860512042588e-05,4,-1.5455498525250893
votejkt id,1,3,2.6850322875132574e-05,5.7243442048170353e-05,4,0.7570352404689564
vuitton monogram,4,0,6.712580718783143e-05,1.4310860512042588e-05,4,-1.5455498525250893
waimate fire,0,4,1.3425161437566287e-05,7.155430256021294e-05,4,1.6733259723431115
rubble china,4,0,6.712580718783143e-05,1.4310860512042588e-05,4,-1.5455498525250893
ruin life,4,0,6.712580718783143e-05,1.4310860512042588e-05,4,-1.5455498525250893
ross dead,4,0,6.712580718783143e-05,1.4310860512042588e-05,4,-1.5455498525250893
robot could,0,4,1.3425161437566287e-05,7.155430256021294e-05,4,1.6733259723431115
going make,4,0,6.712580718783143e-05,1.4310860512042588e-05,4,-1.5455498525250893
global precipitation,0,4,1.3425161437566287e-05,7.155430256021294e-05,4,1.6733259723431115
go back,4,0,6.712580718783143e-05,1.4310860512042588e-05,4,-1.5455498525250893
flood two,0,4,1.3425161437566287e-05,7.155430256021294e-05,4,1.6733259723431115
house destroyed,0,4,1.3425161437566287e-05,7.155430256021294e-05,4,1.6733259723431115
house leveled,0,4,1.3425161437566287e-05,7.155430256021294e-05,4,1.6733259723431115
investigator shift,0,4,1.3425161437566287e-05,7.155430256021294e-05,4,1.6733259723431115
injured gaza,0,4,1.3425161437566287e-05,7.155430256021294e-05,4,1.6733259723431115
injured suspected,0,4,1.3425161437566287e-05,7.155430256021294e-05,4,1.6733259723431115
image typhoon,0,4,1.3425161437566287e-05,7.155430256021294e-05,4,1.6733259723431115
frontline vehicle,4,0,6.712580718783143e-05,1.4310860512042588e-05,4,-1.5455498525250893
salem nuclear,0,4,1.3425161437566287e-05,7.155430256021294e-05,4,1.6733259723431115
gta online,4,0,6.712580718783143e-05,1.4310860512042588e-05,4,-1.5455498525250893
greatest danger,3,1,5.370064575026515e-05,2.8621721024085177e-05,4,-0.6292591206509341
gonna get,3,1,5.370064575026515e-05,2.8621721024085177e-05,4,-0.6292591206509341
got electrocuted,3,1,5.370064575026515e-05,2.8621721024085177e-05,4,-0.6292591206509341
rescue oc,4,0,6.712580718783143e-05,1.4310860512042588e-05,4,-1.5455498525250893
rescued med,0,4,1.3425161437566287e-05,7.155430256021294e-05,4,1.6733259723431115
human history,1,3,2.6850322875132574e-05,5.7243442048170353e-05,4,0.7570352404689564
hunt student,0,4,1.3425161437566287e-05,7.155430256021294e-05,4,1.6733259723431115
get trouble,3,1,5.370064575026515e-05,2.8621721024085177e-05,4,-0.6292591206509341
girl caitlin,4,0,6.712580718783143e-05,1.4310860512042588e-05,4,-1.5455498525250893
get burned,3,1,5.370064575026515e-05,2.8621721024085177e-05,4,-0.6292591206509341
get demolished,4,0,6.712580718783143e-05,1.4310860512042588e-05,4,-1.5455498525250893
get home,2,2,4.027548431269886e-05,4.293258153612777e-05,4,0.06388805990901116
get rescued,4,0,6.712580718783143e-05,1.4310860512042588e-05,4,-1.5455498525250893
get rid,3,1,5.370064575026515e-05,2.8621721024085177e-05,4,-0.6292591206509341
gusty wind,0,4,1.3425161437566287e-05,7.155430256021294e-05,4,1.6733259723431115
jeb mitt,4,0,6.712580718783143e-05,1.4310860512042588e-05,4,-1.5455498525250893
israeli soldier,0,4,1.3425161437566287e-05,7.155430256021294e-05,4,1.6733259723431115
issue ramag,4,0,6.712580718783143e-05,1.4310860512042588e-05,4,-1.5455498525250893
fergusons upheaval,2,2,4.027548431269886e-05,4.293258153612777e-05,4,0.06388805990901116
fettilootch slanglucci,3,1,5.370064575026515e-05,2.8621721024085177e-05,4,-0.6292591206509341
fatal virgin,0,4,1.3425161437566287e-05,7.155430256021294e-05,4,1.6733259723431115
fatal waimate,0,4,1.3425161437566287e-05,7.155430256021294e-05,4,1.6733259723431115
fear copycat,0,4,1.3425161437566287e-05,7.155430256021294e-05,4,1.6733259723431115
satellite capture,0,4,1.3425161437566287e-05,7.155430256021294e-05,4,1.6733259723431115
former first,2,2,4.027548431269886e-05,4.293258153612777e-05,4,0.06388805990901116
former township,1,3,2.6850322875132574e-05,5.7243442048170353e-05,4,0.7570352404689564
police kisii,0,4,1.3425161437566287e-05,7.155430256021294e-05,4,1.6733259723431115
pm pm,1,3,2.6850322875132574e-05,5.7243442048170353e-05,4,0.7570352404689564
plane landing,0,4,1.3425161437566287e-05,7.155430256021294e-05,4,1.6733259723431115
please favorite,4,0,6.712580718783143e-05,1.4310860512042588e-05,4,-1.5455498525250893
plan former,2,2,4.027548431269886e-05,4.293258153612777e-05,4,0.06388805990901116
full time,4,0,6.712580718783143e-05,1.4310860512042588e-05,4,-1.5455498525250893
fox news,1,3,2.6850322875132574e-05,5.7243442048170353e-05,4,0.7570352404689564
fire near,0,4,1.3425161437566287e-05,7.155430256021294e-05,4,1.6733259723431115
fire back,4,0,6.712580718783143e-05,1.4310860512042588e-05,4,-1.5455498525250893
fire california,0,4,1.3425161437566287e-05,7.155430256021294e-05,4,1.6733259723431115
screenshots show,4,0,6.712580718783143e-05,1.4310860512042588e-05,4,-1.5455498525250893
say fatal,0,4,1.3425161437566287e-05,7.155430256021294e-05,4,1.6733259723431115
say spending,0,4,1.3425161437566287e-05,7.155430256021294e-05,4,1.6733259723431115
flooding kill,0,4,1.3425161437566287e-05,7.155430256021294e-05,4,1.6733259723431115
focus cause,0,4,1.3425161437566287e-05,7.155430256021294e-05,4,1.6733259723431115
flash flooding,0,4,1.3425161437566287e-05,7.155430256021294e-05,4,1.6733259723431115
flood advisory,0,4,1.3425161437566287e-05,7.155430256021294e-05,4,1.6733259723431115
flood beam,3,1,5.370064575026515e-05,2.8621721024085177e-05,4,-0.6292591206509341
gaza blast,0,4,1.3425161437566287e-05,7.155430256021294e-05,4,1.6733259723431115
german shepherd,4,0,6.712580718783143e-05,1.4310860512042588e-05,4,-1.5455498525250893
get back,4,0,6.712580718783143e-05,1.4310860512042588e-05,4,-1.5455498525250893
kisii hunt,0,4,1.3425161437566287e-05,7.155430256021294e-05,4,1.6733259723431115
sinjar massacre,0,4,1.3425161437566287e-05,7.155430256021294e-05,4,1.6733259723431115
sinkhole selfies,4,0,6.712580718783143e-05,1.4310860512042588e-05,4,-1.5455498525250893
sinkhole swallow,0,4,1.3425161437566287e-05,7.155430256021294e-05,4,1.6733259723431115
sign petition,4,0,6.712580718783143e-05,1.4310860512042588e-05,4,-1.5455498525250893
signed numbered,4,0,6.712580718783143e-05,1.4310860512042588e-05,4,-1.5455498525250893
shoulder cross,4,0,6.712580718783143e-05,1.4310860512042588e-05,4,-1.5455498525250893
shoulder handbag,4,0,6.712580718783143e-05,1.4310860512042588e-05,4,-1.5455498525250893
photo bombed,4,0,6.712580718783143e-05,1.4310860512042588e-05,4,-1.5455498525250893
piece wreckage,0,4,1.3425161437566287e-05,7.155430256021294e-05,4,1.6733259723431115
people taken,0,4,1.3425161437566287e-05,7.155430256021294e-05,4,1.6733259723431115
people want,3,1,5.370064575026515e-05,2.8621721024085177e-05,4,-0.6292591206509341
pbban temporary,3,1,5.370064575026515e-05,2.8621721024085177e-05,4,-0.6292591206509341
pc cree,3,1,5.370064575026515e-05,2.8621721024085177e-05,4,-0.6292591206509341
killed severe,0,4,1.3425161437566287e-05,7.155430256021294e-05,4,1.6733259723431115
killing people,1,3,2.6850322875132574e-05,5.7243442048170353e-05,4,0.7570352404689564
shepherd rescue,4,0,6.712580718783143e-05,1.4310860512042588e-05,4,-1.5455498525250893
shift focus,0,4,1.3425161437566287e-05,7.155430256021294e-05,4,1.6733259723431115
service center,4,0,6.712580718783143e-05,1.4310860512042588e-05,4,-1.5455498525250893
service say,0,4,1.3425161437566287e-05,7.155430256021294e-05,4,1.6733259723431115
self harm,4,0,6.712580718783143e-05,1.4310860512042588e-05,4,-1.5455498525250893
selfies wont,4,0,6.712580718783143e-05,1.4310860512042588e-05,4,-1.5455498525250893
fight bioterrorism,2,2,4.027548431269886e-05,4.293258153612777e-05,4,0.06388805990901116
issue severe,0,4,1.3425161437566287e-05,7.155430256021294e-05,4,1.6733259723431115
fish tank,2,2,4.027548431269886e-05,4.293258153612777e-05,4,0.06388805990901116
five year,2,2,4.027548431269886e-05,4.293258153612777e-05,4,0.06388805990901116
flag fast,3,1,5.370064575026515e-05,2.8621721024085177e-05,4,-0.6292591206509341
first lady,2,2,4.027548431269886e-05,4.293258153612777e-05,4,0.06388805990901116
fire fire,0,4,1.3425161437566287e-05,7.155430256021294e-05,4,1.6733259723431115
eyewitness travel,4,0,6.712580718783143e-05,1.4310860512042588e-05,4,-1.5455498525250893
shared link,4,0,6.712580718783143e-05,1.4310860512042588e-05,4,-1.5455498525250893
sharp rise,0,4,1.3425161437566287e-05,7.155430256021294e-05,4,1.6733259723431115
landslide italian,0,4,1.3425161437566287e-05,7.155430256021294e-05,4,1.6733259723431115
lack action,0,4,1.3425161437566287e-05,7.155430256021294e-05,4,1.6733259723431115
lamp car,3,1,5.370064575026515e-05,2.8621721024085177e-05,4,-0.6292591206509341
kurdish militant,0,4,1.3425161437566287e-05,7.155430256021294e-05,4,1.6733259723431115
la time,1,3,2.6850322875132574e-05,5.7243442048170353e-05,4,0.7570352404689564
eden hazard,4,0,6.712580718783143e-05,1.4310860512042588e-05,4,-1.5455498525250893
edition clutch,4,0,6.712580718783143e-05,1.4310860512042588e-05,4,-1.5455498525250893
earlier week,4,0,6.712580718783143e-05,1.4310860512042588e-05,4,-1.5455498525250893
kill flag,3,1,5.370064575026515e-05,2.8621721024085177e-05,4,-0.6292591206509341
kill gunman,1,3,2.6850322875132574e-05,5.7243442048170353e-05,4,0.7570352404689564
jst aug,4,0,6.712580718783143e-05,1.4310860512042588e-05,4,-1.5455498525250893
kca votejkt,1,3,2.6850322875132574e-05,5.7243442048170353e-05,4,0.7570352404689564
keep eye,4,0,6.712580718783143e-05,1.4310860512042588e-05,4,-1.5455498525250893
large sinkhole,0,4,1.3425161437566287e-05,7.155430256021294e-05,4,1.6733259723431115
last chance,4,0,6.712580718783143e-05,1.4310860512042588e-05,4,-1.5455498525250893
landing violent,0,4,1.3425161437566287e-05,7.155430256021294e-05,4,1.6733259723431115
slanglucci oppression,3,1,5.370064575026515e-05,2.8621721024085177e-05,4,-0.6292591206509341
sismo detectado,0,4,1.3425161437566287e-05,7.155430256021294e-05,4,1.6733259723431115
expected make,0,4,1.3425161437566287e-05,7.155430256021294e-05,4,1.6733259723431115
every year,1,3,2.6850322875132574e-05,5.7243442048170353e-05,4,0.7570352404689564
even want,3,1,5.370064575026515e-05,2.8621721024085177e-05,4,-0.6292591206509341
killed kurdish,0,4,1.3425161437566287e-05,7.155430256021294e-05,4,1.6733259723431115
killed least,0,4,1.3425161437566287e-05,7.155430256021294e-05,4,1.6733259723431115
kiernan centipede,4,0,6.712580718783143e-05,1.4310860512042588e-05,4,-1.5455498525250893
show lovely,4,0,6.712580718783143e-05,1.4310860512042588e-05,4,-1.5455498525250893
show plane,0,4,1.3425161437566287e-05,7.155430256021294e-05,4,1.6733259723431115
ship wreck,4,0,6.712580718783143e-05,1.4310860512042588e-05,4,-1.5455498525250893
shooting victim,0,4,1.3425161437566287e-05,7.155430256021294e-05,4,1.6733259723431115
fashion model,4,0,6.712580718783143e-05,1.4310860512042588e-05,4,-1.5455498525250893
fast xp,3,1,5.370064575026515e-05,2.8621721024085177e-05,4,-0.6292591206509341
fall elevated,0,4,1.3425161437566287e-05,7.155430256021294e-05,4,1.6733259723431115
sophie limited,4,0,6.712580718783143e-05,1.4310860512042588e-05,4,-1.5455498525250893
library prepare,2,2,4.027548431269886e-05,4.293258153612777e-05,4,0.06388805990901116
streak tripledigit,0,4,1.3425161437566287e-05,7.155430256021294e-05,4,1.6733259723431115
stretcher min,4,0,6.712580718783143e-05,1.4310860512042588e-05,4,-1.5455498525250893
storm combat,4,0,6.712580718783143e-05,1.4310860512042588e-05,4,-1.5455498525250893
still dont,3,1,5.370064575026515e-05,2.8621721024085177e-05,4,-0.6292591206509341
still hasnt,4,0,6.712580718783143e-05,1.4310860512042588e-05,4,-1.5455498525250893
downtown emergency,4,0,6.712580718783143e-05,1.4310860512042588e-05,4,-1.5455498525250893
dozen injured,0,4,1.3425161437566287e-05,7.155430256021294e-05,4,1.6733259723431115
spending half,0,4,1.3425161437566287e-05,7.155430256021294e-05,4,1.6733259723431115
editor chief,4,0,6.712580718783143e-05,1.4310860512042588e-05,4,-1.5455498525250893
edt nw,0,4,1.3425161437566287e-05,7.155430256021294e-05,4,1.6733259723431115
passenger evacuated,0,4,1.3425161437566287e-05,7.155430256021294e-05,4,1.6733259723431115
parent colorado,0,4,1.3425161437566287e-05,7.155430256021294e-05,4,1.6733259723431115
parking lot,3,1,5.370064575026515e-05,2.8621721024085177e-05,4,-0.6292591206509341
leveled summer,0,4,1.3425161437566287e-05,7.155430256021294e-05,4,1.6733259723431115
lez compliant,4,0,6.712580718783143e-05,1.4310860512042588e-05,4,-1.5455498525250893
social casualty,3,1,5.370064575026515e-05,2.8621721024085177e-05,4,-0.6292591206509341
soon album,3,1,5.370064575026515e-05,2.8621721024085177e-05,4,-0.6292591206509341
dk eyewitness,4,0,6.712580718783143e-05,1.4310860512042588e-05,4,-1.5455498525250893
statement issued,0,4,1.3425161437566287e-05,7.155430256021294e-05,4,1.6733259723431115
stay tuned,1,3,2.6850322875132574e-05,5.7243442048170353e-05,4,0.7570352404689564
still burning,2,2,4.027548431269886e-05,4.293258153612777e-05,4,0.06388805990901116
star war,3,1,5.370064575026515e-05,2.8621721024085177e-05,4,-0.6292591206509341
sprinter automatic,4,0,6.712580718783143e-05,1.4310860512042588e-05,4,-1.5455498525250893
drowned migrant,0,4,1.3425161437566287e-05,7.155430256021294e-05,4,1.6733259723431115
drowning girl,4,0,6.712580718783143e-05,1.4310860512042588e-05,4,-1.5455498525250893
drunk meal,3,1,5.370064575026515e-05,2.8621721024085177e-05,4,-0.6292591206509341
eq km,0,4,1.3425161437566287e-05,7.155430256021294e-05,4,1.6733259723431115
elevated track,0,4,1.3425161437566287e-05,7.155430256021294e-05,4,1.6733259723431115
soudelor taking,0,4,1.3425161437566287e-05,7.155430256021294e-05,4,1.6733259723431115
sound alarm,0,4,1.3425161437566287e-05,7.155430256021294e-05,4,1.6733259723431115
south sac,0,4,1.3425161437566287e-05,7.155430256021294e-05,4,1.6733259723431115
like jeb,4,0,6.712580718783143e-05,1.4310860512042588e-05,4,-1.5455498525250893
lifted town,0,4,1.3425161437566287e-05,7.155430256021294e-05,4,1.6733259723431115
oppression greatest,3,1,5.370064575026515e-05,2.8621721024085177e-05,4,-0.6292591206509341
there fire,1,3,2.6850322875132574e-05,5.7243442048170353e-05,4,0.7570352404689564
think he,4,0,6.712580718783143e-05,1.4310860512042588e-05,4,-1.5455498525250893
think mention,3,1,5.370064575026515e-05,2.8621721024085177e-05,4,-0.6292591206509341
terrorist attack,0,4,1.3425161437566287e-05,7.155430256021294e-05,4,1.6733259723431115
thats not,3,1,5.370064575026515e-05,2.8621721024085177e-05,4,-0.6292591206509341
summer war,0,4,1.3425161437566287e-05,7.155430256021294e-05,4,1.6733259723431115
destroyed kaduna,0,4,1.3425161437566287e-05,7.155430256021294e-05,4,1.6733259723431115
derail madhya,0,4,1.3425161437566287e-05,7.155430256021294e-05,4,1.6733259723431115
least two,0,4,1.3425161437566287e-05,7.155430256021294e-05,4,1.6733259723431115
lava lamp,2,2,4.027548431269886e-05,4.293258153612777e-05,4,0.06388805990901116
limited edition,4,0,6.712580718783143e-05,1.4310860512042588e-05,4,-1.5455498525250893
limited full,4,0,6.712580718783143e-05,1.4310860512042588e-05,4,-1.5455498525250893
like tornado,2,2,4.027548431269886e-05,4.293258153612777e-05,4,0.06388805990901116
detonate mop,4,0,6.712580718783143e-05,1.4310860512042588e-05,4,-1.5455498525250893
dan hughes,3,1,5.370064575026515e-05,2.8621721024085177e-05,4,-0.6292591206509341
taiwan expected,0,4,1.3425161437566287e-05,7.155430256021294e-05,4,1.6733259723431115
take look,3,1,5.370064575026515e-05,2.8621721024085177e-05,4,-0.6292591206509341
supreme court,2,2,4.027548431269886e-05,4.293258153612777e-05,4,0.06388805990901116
survive without,4,0,6.712580718783143e-05,1.4310860512042588e-05,4,-1.5455498525250893
suicide bomb,2,2,4.027548431269886e-05,4.293258153612777e-05,4,0.06388805990901116
summer sparked,3,1,5.370064575026515e-05,2.8621721024085177e-05,4,-0.6292591206509341
drake body,4,0,6.712580718783143e-05,1.4310860512042588e-05,4,-1.5455498525250893
dramatic video,0,4,1.3425161437566287e-05,7.155430256021294e-05,4,1.6733259723431115
drawn survivor,0,4,1.3425161437566287e-05,7.155430256021294e-05,4,1.6733259723431115
dependency counselor,4,0,6.712580718783143e-05,1.4310860512042588e-05,4,-1.5455498525250893
discovery crash,0,4,1.3425161437566287e-05,7.155430256021294e-05,4,1.6733259723431115
didnt get,4,0,6.712580718783143e-05,1.4310860512042588e-05,4,-1.5455498525250893
detectado jap,0,4,1.3425161437566287e-05,7.155430256021294e-05,4,1.6733259723431115
detonate feat,3,1,5.370064575026515e-05,2.8621721024085177e-05,4,-0.6292591206509341
longest streak,0,4,1.3425161437566287e-05,7.155430256021294e-05,4,1.6733259723431115
oc shared,4,0,6.712580718783143e-05,1.4310860512042588e-05,4,-1.5455498525250893
coast tram,0,4,1.3425161437566287e-05,7.155430256021294e-05,4,1.6733259723431115
coastal german,4,0,6.712580718783143e-05,1.4310860512042588e-05,4,-1.5455498525250893
clutch cross,4,0,6.712580718783143e-05,1.4310860512042588e-05,4,-1.5455498525250893
could get,3,1,5.370064575026515e-05,2.8621721024085177e-05,4,-0.6292591206509341
could reduce,0,4,1.3425161437566287e-05,7.155430256021294e-05,4,1.6733259723431115
counselor intern,4,0,6.712580718783143e-05,1.4310860512042588e-05,4,-1.5455498525250893
course course,2,2,4.027548431269886e-05,4.293258153612777e-05,4,0.06388805990901116
crash burn,3,1,5.370064575026515e-05,2.8621721024085177e-05,4,-0.6292591206509341
theater attack,0,4,1.3425161437566287e-05,7.155430256021294e-05,4,1.6733259723431115
oil gas,1,3,2.6850322875132574e-05,5.7243442048170353e-05,4,0.7570352404689564
offroad lamp,3,1,5.370064575026515e-05,2.8621721024085177e-05,4,-0.6292591206509341
lorry bus,0,4,1.3425161437566287e-05,7.155430256021294e-05,4,1.6733259723431115
los angeles,2,2,4.027548431269886e-05,4.293258153612777e-05,4,0.06388805990901116
lose republican,4,0,6.712580718783143e-05,1.4310860512042588e-05,4,-1.5455498525250893
tornado warning,0,4,1.3425161437566287e-05,7.155430256021294e-05,4,1.6733259723431115
totally obliterated,3,1,5.370064575026515e-05,2.8621721024085177e-05,4,-0.6292591206509341
tomorrow night,4,0,6.712580718783143e-05,1.4310860512042588e-05,4,-1.5455498525250893
threatens kill,0,4,1.3425161437566287e-05,7.155430256021294e-05,4,1.6733259723431115
cruz fire,4,0,6.712580718783143e-05,1.4310860512042588e-05,4,-1.5455498525250893
crashed car,3,1,5.370064575026515e-05,2.8621721024085177e-05,4,-0.6292591206509341
criminal hijack,0,4,1.3425161437566287e-05,7.155430256021294e-05,4,1.6733259723431115
crash last,0,4,1.3425161437566287e-05,7.155430256021294e-05,4,1.6733259723431115
taking dead,0,4,1.3425161437566287e-05,7.155430256021294e-05,4,1.6733259723431115
death toll,0,4,1.3425161437566287e-05,7.155430256021294e-05,4,1.6733259723431115
day without,4,0,6.712580718783143e-05,1.4310860512042588e-05,4,-1.5455498525250893
dead aim,0,4,1.3425161437566287e-05,7.155430256021294e-05,4,1.6733259723431115
dead dozen,0,4,1.3425161437566287e-05,7.155430256021294e-05,4,1.6733259723431115
dead house,0,4,1.3425161437566287e-05,7.155430256021294e-05,4,1.6733259723431115
danger coming,3,1,5.370064575026515e-05,2.8621721024085177e-05,4,-0.6292591206509341
danger zone,4,0,6.712580718783143e-05,1.4310860512042588e-05,4,-1.5455498525250893
cause fatal,0,4,1.3425161437566287e-05,7.155430256021294e-05,4,1.6733259723431115
car truck,3,1,5.370064575026515e-05,2.8621721024085177e-05,4,-0.6292591206509341
car wreck,2,2,4.027548431269886e-05,4.293258153612777e-05,4,0.06388805990901116
casualty calling,0,4,1.3425161437566287e-05,7.155430256021294e-05,4,1.6733259723431115
capture image,0,4,1.3425161437566287e-05,7.155430256021294e-05,4,1.6733259723431115
chief release,4,0,6.712580718783143e-05,1.4310860512042588e-05,4,-1.5455498525250893
child casualty,0,4,1.3425161437566287e-05,7.155430256021294e-05,4,1.6733259723431115
choice lez,4,0,6.712580718783143e-05,1.4310860512042588e-05,4,-1.5455498525250893
not much,4,0,6.712580718783143e-05,1.4310860512042588e-05,4,-1.5455498525250893
not sure,3,1,5.370064575026515e-05,2.8621721024085177e-05,4,-0.6292591206509341
make sure,4,0,6.712580718783143e-05,1.4310860512042588e-05,4,-1.5455498525250893
make wanna,3,1,5.370064575026515e-05,2.8621721024085177e-05,4,-0.6292591206509341
magnum opus,4,0,6.712580718783143e-05,1.4310860512042588e-05,4,-1.5455498525250893
make landfall,0,4,1.3425161437566287e-05,7.155430256021294e-05,4,1.6733259723431115
love woman,4,0,6.712580718783143e-05,1.4310860512042588e-05,4,-1.5455498525250893
lovely dust,4,0,6.712580718783143e-05,1.4310860512042588e-05,4,-1.5455498525250893
colorado theater,0,4,1.3425161437566287e-05,7.155430256021294e-05,4,1.6733259723431115
combat magnum,4,0,6.712580718783143e-05,1.4310860512042588e-05,4,-1.5455498525250893
coming apocalyptic,2,2,4.027548431269886e-05,4.293258153612777e-05,4,0.06388805990901116
numbered limited,4,0,6.712580718783143e-05,1.4310860512042588e-05,4,-1.5455498525250893
nursing job,4,0,6.712580718783143e-05,1.4310860512042588e-05,4,-1.5455498525250893
obliterate planned,3,1,5.370064575026515e-05,2.8621721024085177e-05,4,-0.6292591206509341
nuclear bomb,1,3,2.6850322875132574e-05,5.7243442048170353e-05,4,0.7570352404689564
nuclear power,2,2,4.027548431269886e-05,4.293258153612777e-05,4,0.06388805990901116
cook youre,3,1,5.370064575026515e-05,2.8621721024085177e-05,4,-0.6292591206509341
cop pull,0,4,1.3425161437566287e-05,7.155430256021294e-05,4,1.6733259723431115
copycat massacre,0,4,1.3425161437566287e-05,7.155430256021294e-05,4,1.6733259723431115
compliant ebay,4,0,6.712580718783143e-05,1.4310860512042588e-05,4,-1.5455498525250893
training train,0,4,1.3425161437566287e-05,7.155430256021294e-05,4,1.6733259723431115
train fall,0,4,1.3425161437566287e-05,7.155430256021294e-05,4,1.6733259723431115
township fire,1,3,2.6850322875132574e-05,5.7243442048170353e-05,4,0.7570352404689564
track windstorm,0,4,1.3425161437566287e-05,7.155430256021294e-05,4,1.6733259723431115
next week,3,1,5.370064575026515e-05,2.8621721024085177e-05,4,-0.6292591206509341
measurement satellite,0,4,1.3425161437566287e-05,7.155430256021294e-05,4,1.6733259723431115
med migrant,0,4,1.3425161437566287e-05,7.155430256021294e-05,4,1.6733259723431115
used philippine,1,3,2.6850322875132574e-05,5.7243442048170353e-05,4,0.7570352404689564
usgs eq,0,4,1.3425161437566287e-05,7.155430256021294e-05,4,1.6733259723431115
unsafe hazardous,1,3,2.6850322875132574e-05,5.7243442048170353e-05,4,0.7570352404689564
unveiled specif,4,0,6.712580718783143e-05,1.4310860512042588e-05,4,-1.5455498525250893
ultimate preparedness,2,2,4.027548431269886e-05,4.293258153612777e-05,4,0.06388805990901116
not anything,3,1,5.370064575026515e-05,2.8621721024085177e-05,4,-0.6292591206509341
not gonna,4,0,6.712580718783143e-05,1.4310860512042588e-05,4,-1.5455498525250893
not kill,3,1,5.370064575026515e-05,2.8621721024085177e-05,4,-0.6292591206509341
not like,2,2,4.027548431269886e-05,4.293258153612777e-05,4,0.06388805990901116
night lucky,4,0,6.712580718783143e-05,1.4310860512042588e-05,4,-1.5455498525250893
no harm,4,0,6.712580718783143e-05,1.4310860512042588e-05,4,-1.5455498525250893
no matter,4,0,6.712580718783143e-05,1.4310860512042588e-05,4,-1.5455498525250893
news update,1,3,2.6850322875132574e-05,5.7243442048170353e-05,4,0.7570352404689564
troop killed,0,4,1.3425161437566287e-05,7.155430256021294e-05,4,1.6733259723431115
truck boat,3,1,5.370064575026515e-05,2.8621721024085177e-05,4,-0.6292591206509341
truck used,1,3,2.6850322875132574e-05,5.7243442048170353e-05,4,0.7570352404689564
cdt august,0,4,1.3425161437566287e-05,7.155430256021294e-05,4,1.6733259723431115
centipede press,4,0,6.712580718783143e-05,1.4310860512042588e-05,4,-1.5455498525250893
catch fire,0,4,1.3425161437566287e-05,7.155430256021294e-05,4,1.6733259723431115
lucky block,4,0,6.712580718783143e-05,1.4310860512042588e-05,4,-1.5455498525250893
mad max,4,0,6.712580718783143e-05,1.4310860512042588e-05,4,-1.5455498525250893
choking hazard,3,1,5.370064575026515e-05,2.8621721024085177e-05,4,-0.6292591206509341
chemical company,4,0,6.712580718783143e-05,1.4310860512042588e-05,4,-1.5455498525250893
chemical dependency,4,0,6.712580718783143e-05,1.4310860512042588e-05,4,-1.5455498525250893
chemical spill,0,4,1.3425161437566287e-05,7.155430256021294e-05,4,1.6733259723431115
twia board,2,2,4.027548431269886e-05,4.293258153612777e-05,4,0.06388805990901116
two car,0,4,1.3425161437566287e-05,7.155430256021294e-05,4,1.6733259723431115
turkish troop,0,4,1.3425161437566287e-05,7.155430256021294e-05,4,1.6733259723431115
tripledigit heat,0,4,1.3425161437566287e-05,7.155430256021294e-05,4,1.6733259723431115
blood pressure,3,1,5.370064575026515e-05,2.8621721024085177e-05,4,-0.6292591206509341
bloody hell,3,1,5.370064575026515e-05,2.8621721024085177e-05,4,-0.6292591206509341
budget fire,0,4,1.3425161437566287e-05,7.155430256021294e-05,4,1.6733259723431115
broadway least,0,4,1.3425161437566287e-05,7.155430256021294e-05,4,1.6733259723431115
bring back,2,2,4.027548431269886e-05,4.293258153612777e-05,4,0.06388805990901116
bounty hunter,1,3,2.6850322875132574e-05,5.7243442048170353e-05,4,0.7570352404689564
vehicle choice,4,0,6.712580718783143e-05,1.4310860512042588e-05,4,-1.5455498525250893
victim fear,0,4,1.3425161437566287e-05,7.155430256021294e-05,4,1.6733259723431115
mh relative,0,4,1.3425161437566287e-05,7.155430256021294e-05,4,1.6733259723431115
michael floyds,4,0,6.712580718783143e-05,1.4310860512042588e-05,4,-1.5455498525250893
middle east,0,4,1.3425161437566287e-05,7.155430256021294e-05,4,1.6733259723431115
bomb as,4,0,6.712580718783143e-05,1.4310860512042588e-05,4,-1.5455498525250893
blown away,2,2,4.027548431269886e-05,4.293258153612777e-05,4,0.06388805990901116
boat carryi,0,4,1.3425161437566287e-05,7.155430256021294e-05,4,1.6733259723431115
boat mining,3,1,5.370064575026515e-05,2.8621721024085177e-05,4,-0.6292591206509341
block mod,4,0,6.712580718783143e-05,1.4310860512042588e-05,4,-1.5455498525250893
meal cook,3,1,5.370064575026515e-05,2.8621721024085177e-05,4,-0.6292591206509341
massacre antioch,0,4,1.3425161437566287e-05,7.155430256021294e-05,4,1.6733259723431115
massacre yazidis,0,4,1.3425161437566287e-05,7.155430256021294e-05,4,1.6733259723431115
max screenshots,4,0,6.712580718783143e-05,1.4310860512042588e-05,4,-1.5455498525250893
military lulgzimbestpicts,4,0,6.712580718783143e-05,1.4310860512042588e-05,4,-1.5455498525250893
minecraft night,4,0,6.712580718783143e-05,1.4310860512042588e-05,4,-1.5455498525250893
migrant arrive,0,4,1.3425161437566287e-05,7.155430256021294e-05,4,1.6733259723431115
militant suicide,0,4,1.3425161437566287e-05,7.155430256021294e-05,4,1.6733259723431115
cant even,4,0,6.712580718783143e-05,1.4310860512042588e-05,4,-1.5455498525250893
cant find,3,1,5.370064575026515e-05,2.8621721024085177e-05,4,-0.6292591206509341
cant help,4,0,6.712580718783143e-05,1.4310860512042588e-05,4,-1.5455498525250893
cant survive,4,0,6.712580718783143e-05,1.4310860512042588e-05,4,-1.5455498525250893
bush lose,4,0,6.712580718783143e-05,1.4310860512042588e-05,4,-1.5455498525250893
caitlin kiernan,4,0,6.712580718783143e-05,1.4310860512042588e-05,4,-1.5455498525250893
burning man,4,0,6.712580718783143e-05,1.4310860512042588e-05,4,-1.5455498525250893
bus arrested,0,4,1.3425161437566287e-05,7.155430256021294e-05,4,1.6733259723431115
mph hail,0,4,1.3425161437566287e-05,7.155430256021294e-05,4,1.6733259723431115
mph wind,0,4,1.3425161437566287e-05,7.155430256021294e-05,4,1.6733259723431115
yobe state,0,4,1.3425161437566287e-05,7.155430256021294e-05,4,1.6733259723431115
youre totally,3,1,5.370064575026515e-05,2.8621721024085177e-05,4,-0.6292591206509341
year caused,0,4,1.3425161437566287e-05,7.155430256021294e-05,4,1.6733259723431115
year fergusons,2,2,4.027548431269886e-05,4.293258153612777e-05,4,0.06388805990901116
abbswinston zionist,0,4,1.3425161437566287e-05,7.155430256021294e-05,4,1.6733259723431115
aint no,3,1,5.370064575026515e-05,2.8621721024085177e-05,4,-0.6292591206509341
arrive sicily,0,4,1.3425161437566287e-05,7.155430256021294e-05,4,1.6733259723431115
armageddon not,3,1,5.370064575026515e-05,2.8621721024085177e-05,4,-0.6292591206509341
mod bob,4,0,6.712580718783143e-05,1.4310860512042588e-05,4,-1.5455498525250893
model mayhem,4,0,6.712580718783143e-05,1.4310860512042588e-05,4,-1.5455498525250893
mining wd,3,1,5.370064575026515e-05,2.8621721024085177e-05,4,-0.6292591206509341
missing mh,0,4,1.3425161437566287e-05,7.155430256021294e-05,4,1.6733259723431115
near house,0,4,1.3425161437566287e-05,7.155430256021294e-05,4,1.6733259723431115
natural calamity,0,4,1.3425161437566287e-05,7.155430256021294e-05,4,1.6733259723431115
back life,2,2,4.027548431269886e-05,4.293258153612777e-05,4,0.06388805990901116
bag full,4,0,6.712580718783143e-05,1.4310860512042588e-05,4,-1.5455498525250893
bag white,4,0,6.712580718783143e-05,1.4310860512042588e-05,4,-1.5455498525250893
automatic frontline,4,0,6.712580718783143e-05,1.4310860512042588e-05,4,-1.5455498525250893
anything lead,3,1,5.370064575026515e-05,2.8621721024085177e-05,4,-0.6292591206509341
animal rescue,4,0,6.712580718783143e-05,1.4310860512042588e-05,4,-1.5455498525250893
arsonist arrested,0,4,1.3425161437566287e-05,7.155430256021294e-05,4,1.6733259723431115
arrested enugu,0,4,1.3425161437566287e-05,7.155430256021294e-05,4,1.6733259723431115
white mass,1,3,2.6850322875132574e-05,5.7243442048170353e-05,4,0.7570352404689564
white people,1,3,2.6850322875132574e-05,5.7243442048170353e-05,4,0.7570352404689564
wedding day,4,0,6.712580718783143e-05,1.4310860512042588e-05,4,-1.5455498525250893
west bank,0,4,1.3425161437566287e-05,7.155430256021294e-05,4,1.6733259723431115
western uganda,0,4,1.3425161437566287e-05,7.155430256021294e-05,4,1.6733259723431115
bay area,2,2,4.027548431269886e-05,4.293258153612777e-05,4,0.06388805990901116
bayelsa poll,3,1,5.370064575026515e-05,2.8621721024085177e-05,4,-0.6292591206509341
back jeb,4,0,6.712580718783143e-05,1.4310860512042588e-05,4,-1.5455498525250893
hazardous waste,2,2,4.027548431269886e-05,4.293258153612777e-05,4,0.06388805990901116
haunting memory,0,4,1.3425161437566287e-05,7.155430256021294e-05,4,1.6733259723431115
hawaii time,0,4,1.3425161437566287e-05,7.155430256021294e-05,4,1.6733259723431115
harm good,4,0,6.712580718783143e-05,1.4310860512042588e-05,4,-1.5455498525250893
half budget,0,4,1.3425161437566287e-05,7.155430256021294e-05,4,1.6733259723431115
handbag cross,4,0,6.712580718783143e-05,1.4310860512042588e-05,4,-1.5455498525250893
relative hope,0,4,1.3425161437566287e-05,7.155430256021294e-05,4,1.6733259723431115
release issue,4,0,6.712580718783143e-05,1.4310860512042588e-05,4,-1.5455498525250893
precipitation measurement,0,4,1.3425161437566287e-05,7.155430256021294e-05,4,1.6733259723431115
poll tension,3,1,5.370064575026515e-05,2.8621721024085177e-05,4,-0.6292591206509341
hwo wx,0,4,1.3425161437566287e-05,7.155430256021294e-05,4,1.6733259723431115
ice cream,4,0,6.712580718783143e-05,1.4310860512042588e-05,4,-1.5455498525250893
relief material,2,2,4.027548431269886e-05,4.293258153612777e-05,4,0.06388805990901116
remember time,4,0,6.712580718783143e-05,1.4310860512042588e-05,4,-1.5455498525250893
reportedly killed,0,4,1.3425161437566287e-05,7.155430256021294e-05,4,1.6733259723431115
republican like,4,0,6.712580718783143e-05,1.4310860512042588e-05,4,-1.5455498525250893
reality training,0,4,1.3425161437566287e-05,7.155430256021294e-05,4,1.6733259723431115
reason love,4,0,6.712580718783143e-05,1.4310860512042588e-05,4,-1.5455498525250893
hijack lorry,0,4,1.3425161437566287e-05,7.155430256021294e-05,4,1.6733259723431115
heat since,0,4,1.3425161437566287e-05,7.155430256021294e-05,4,1.6733259723431115
ramag fashion,4,0,6.712580718783143e-05,1.4310860512042588e-05,4,-1.5455498525250893
prepare catastrophe,2,2,4.027548431269886e-05,4.293258153612777e-05,4,0.06388805990901116
preparedness library,2,2,4.027548431269886e-05,4.293258153612777e-05,4,0.06388805990901116
press signed,4,0,6.712580718783143e-05,1.4310860512042588e-05,4,-1.5455498525250893
action hostage,0,4,1.3425161437566287e-05,7.155430256021294e-05,4,1.6733259723431115
property damage,1,3,2.6850322875132574e-05,5.7243442048170353e-05,4,0.7570352404689564
hostage libya,0,4,1.3425161437566287e-05,7.155430256021294e-05,4,1.6733259723431115
hour away,3,1,5.370064575026515e-05,2.8621721024085177e-05,4,-0.6292591206509341
hope discovery,0,4,1.3425161437566287e-05,7.155430256021294e-05,4,1.6733259723431115
hope fall,3,1,5.370064575026515e-05,2.8621721024085177e-05,4,-0.6292591206509341
home demolished,0,4,1.3425161437566287e-05,7.155430256021294e-05,4,1.6733259723431115
reduce civilian,0,4,1.3425161437566287e-05,7.155430256021294e-05,4,1.6733259723431115
zone coming,3,0,5.370064575026515e-05,1.4310860512042588e-05,3,-1.3224063012108795
activates municipal,0,3,1.3425161437566287e-05,5.7243442048170353e-05,3,1.4501824210289018
active exploit,3,0,5.370064575026515e-05,1.4310860512042588e-05,3,-1.3224063012108795
africa ap,0,3,1.3425161437566287e-05,5.7243442048170353e-05,3,1.4501824210289018
airline flight,0,3,1.3425161437566287e-05,5.7243442048170353e-05,3,1.4501824210289018
airport schiphol,0,3,1.3425161437566287e-05,5.7243442048170353e-05,3,1.4501824210289018
allah describes,2,1,4.027548431269886e-05,2.8621721024085177e-05,3,-0.34157704819915335
almost crashed,1,2,2.6850322875132574e-05,4.293258153612777e-05,3,0.4693531680171755
alp kill,0,3,1.3425161437566287e-05,5.7243442048170353e-05,3,1.4501824210289018
america plaguing,2,1,4.027548431269886e-05,2.8621721024085177e-05,3,-0.34157704819915335
wound not,1,2,2.6850322875132574e-05,4.293258153612777e-05,3,0.4693531680171755
wounded knee,1,2,2.6850322875132574e-05,4.293258153612777e-05,3,0.4693531680171755
atomic level,1,2,2.6850322875132574e-05,4.293258153612777e-05,3,0.4693531680171755
attack gun,0,3,1.3425161437566287e-05,5.7243442048170353e-05,3,1.4501824210289018
auction keep,3,0,5.370064575026515e-05,1.4310860512042588e-05,3,-1.3224063012108795
aug pm,0,3,1.3425161437566287e-05,5.7243442048170353e-05,3,1.4501824210289018
aug th,1,2,2.6850322875132574e-05,4.293258153612777e-05,3,0.4693531680171755
among worst,2,1,4.027548431269886e-05,2.8621721024085177e-05,3,-0.34157704819915335
amsterdam airport,0,3,1.3425161437566287e-05,5.7243442048170353e-05,3,1.4501824210289018
anchorage alaska,0,3,1.3425161437566287e-05,5.7243442048170353e-05,3,1.4501824210289018
approach taiwan,0,3,1.3425161437566287e-05,5.7243442048170353e-05,3,1.4501824210289018
arabian mosque,0,3,1.3425161437566287e-05,5.7243442048170353e-05,3,1.4501824210289018
area tornado,0,3,1.3425161437566287e-05,5.7243442048170353e-05,3,1.4501824210289018
army helicopter,0,3,1.3425161437566287e-05,5.7243442048170353e-05,3,1.4501824210289018
army navy,3,0,5.370064575026515e-05,1.4310860512042588e-05,3,-1.3224063012108795
arson attack,0,3,1.3425161437566287e-05,5.7243442048170353e-05,3,1.4501824210289018
associated installation,2,1,4.027548431269886e-05,2.8621721024085177e-05,3,-0.34157704819915335
atlanta casper,0,3,1.3425161437566287e-05,5.7243442048170353e-05,3,1.4501824210289018
wht auth,0,3,1.3425161437566287e-05,5.7243442048170353e-05,3,1.4501824210289018
whts colluded,0,3,1.3425161437566287e-05,5.7243442048170353e-05,3,1.4501824210289018
wife charged,2,1,4.027548431269886e-05,2.8621721024085177e-05,3,-0.34157704819915335
wife child,2,1,4.027548431269886e-05,2.8621721024085177e-05,3,-0.34157704819915335
wildfire cost,0,3,1.3425161437566287e-05,5.7243442048170353e-05,3,1.4501824210289018
wildfire destroys,0,3,1.3425161437566287e-05,5.7243442048170353e-05,3,1.4501824210289018
wildfire nearly,0,3,1.3425161437566287e-05,5.7243442048170353e-05,3,1.4501824210289018
windstorm insurance,2,1,4.027548431269886e-05,2.8621721024085177e-05,3,-0.34157704819915335
went flame,2,1,4.027548431269886e-05,2.8621721024085177e-05,3,-0.34157704819915335
west coast,0,3,1.3425161437566287e-05,5.7243442048170353e-05,3,1.4501824210289018
whao nigerian,0,3,1.3425161437566287e-05,5.7243442048170353e-05,3,1.4501824210289018
whats brooklyn,3,0,5.370064575026515e-05,1.4310860512042588e-05,3,-1.3224063012108795
whats done,0,3,1.3425161437566287e-05,5.7243442048170353e-05,3,1.4501824210289018
whats going,1,2,2.6850322875132574e-05,4.293258153612777e-05,3,0.4693531680171755
whipped horse,2,1,4.027548431269886e-05,2.8621721024085177e-05,3,-0.34157704819915335
wholesale market,0,3,1.3425161437566287e-05,5.7243442048170353e-05,3,1.4501824210289018
memorial planned,2,1,4.027548431269886e-05,2.8621721024085177e-05,3,-0.34157704819915335
messenger bag,3,0,5.370064575026515e-05,1.4310860512042588e-05,3,-1.3224063012108795
mh confirmed,0,3,1.3425161437566287e-05,5.7243442048170353e-05,3,1.4501824210289018
miami atlanta,0,3,1.3425161437566287e-05,5.7243442048170353e-05,3,1.4501824210289018
mido ww,3,0,5.370064575026515e-05,1.4310860512042588e-05,3,-1.3224063012108795
militant tonight,0,3,1.3425161437566287e-05,5.7243442048170353e-05,3,1.4501824210289018
military japan,3,0,5.370064575026515e-05,1.4310860512042588e-05,3,-1.3224063012108795
military veteran,3,0,5.370064575026515e-05,1.4310860512042588e-05,3,-1.3224063012108795
new snap,3,0,5.370064575026515e-05,1.4310860512042588e-05,3,-1.3224063012108795
new song,2,1,4.027548431269886e-05,2.8621721024085177e-05,3,-0.34157704819915335
newlywed feed,2,1,4.027548431269886e-05,2.8621721024085177e-05,3,-0.34157704819915335
news analysis,0,3,1.3425161437566287e-05,5.7243442048170353e-05,3,1.4501824210289018
news hostage,0,3,1.3425161437566287e-05,5.7243442048170353e-05,3,1.4501824210289018
news india,0,3,1.3425161437566287e-05,5.7243442048170353e-05,3,1.4501824210289018
news sentinel,1,2,2.6850322875132574e-05,4.293258153612777e-05,3,0.4693531680171755
meme officially,2,1,4.027548431269886e-05,2.8621721024085177e-05,3,-0.34157704819915335
never forget,0,3,1.3425161437566287e-05,5.7243442048170353e-05,3,1.4501824210289018
never know,2,1,4.027548431269886e-05,2.8621721024085177e-05,3,-0.34157704819915335
never let,3,0,5.370064575026515e-05,1.4310860512042588e-05,3,-1.3224063012108795
new favorite,3,0,5.370064575026515e-05,1.4310860512042588e-05,3,-1.3224063012108795
new fire,0,3,1.3425161437566287e-05,5.7243442048170353e-05,3,1.4501824210289018
new home,2,1,4.027548431269886e-05,2.8621721024085177e-05,3,-0.34157704819915335
new map,3,0,5.370064575026515e-05,1.4310860512042588e-05,3,-1.3224063012108795
new one,3,0,5.370064575026515e-05,1.4310860512042588e-05,3,-1.3224063012108795
morgan silver,3,0,5.370064575026515e-05,1.4310860512042588e-05,3,-1.3224063012108795
motor vehicle,0,3,1.3425161437566287e-05,5.7243442048170353e-05,3,1.4501824210289018
mountain snowstorm,1,2,2.6850322875132574e-05,4.293258153612777e-05,3,0.4693531680171755
mountaineering electronic,2,1,4.027548431269886e-05,2.8621721024085177e-05,3,-0.34157704819915335
move southampton,1,2,2.6850322875132574e-05,4.293258153612777e-05,3,0.4693531680171755
need new,2,1,4.027548431269886e-05,2.8621721024085177e-05,3,-0.34157704819915335
nema stealing,2,1,4.027548431269886e-05,2.8621721024085177e-05,3,-0.34157704819915335
nestleindia slip,1,2,2.6850322875132574e-05,4.293258153612777e-05,3,0.4693531680171755
main street,0,3,1.3425161437566287e-05,5.7243442048170353e-05,3,1.4501824210289018
major hurricane,0,3,1.3425161437566287e-05,5.7243442048170353e-05,3,1.4501824210289018
make cut,1,2,2.6850322875132574e-05,4.293258153612777e-05,3,0.4693531680171755
make sense,2,1,4.027548431269886e-05,2.8621721024085177e-05,3,-0.34157704819915335
malaysian official,0,3,1.3425161437566287e-05,5.7243442048170353e-05,3,1.4501824210289018
mama still,3,0,5.370064575026515e-05,1.4310860512042588e-05,3,-1.3224063012108795
man electrocuted,0,3,1.3425161437566287e-05,5.7243442048170353e-05,3,1.4501824210289018
man killed,0,3,1.3425161437566287e-05,5.7243442048170353e-05,3,1.4501824210289018
no casualty,1,2,2.6850322875132574e-05,4.293258153612777e-05,3,0.4693531680171755
no real,2,1,4.027548431269886e-05,2.8621721024085177e-05,3,-0.34157704819915335
noaa tracking,0,3,1.3425161437566287e-05,5.7243442048170353e-05,3,1.4501824210289018
noncompliant external,2,1,4.027548431269886e-05,2.8621721024085177e-05,3,-0.34157704819915335
not bad,3,0,5.370064575026515e-05,1.4310860512042588e-05,3,-1.3224063012108795
not burning,3,0,5.370064575026515e-05,1.4310860512042588e-05,3,-1.3224063012108795
not good,1,2,2.6850322875132574e-05,4.293258153612777e-05,3,0.4693531680171755
magginoodle ban,1,2,2.6850322875132574e-05,4.293258153612777e-05,3,0.4693531680171755
may allah,0,3,1.3425161437566287e-05,5.7243442048170353e-05,3,1.4501824210289018
may caused,0,3,1.3425161437566287e-05,5.7243442048170353e-05,3,1.4501824210289018
may not,2,1,4.027548431269886e-05,2.8621721024085177e-05,3,-0.34157704819915335
meant idp,2,1,4.027548431269886e-05,2.8621721024085177e-05,3,-0.34157704819915335
member killed,0,3,1.3425161437566287e-05,5.7243442048170353e-05,3,1.4501824210289018
news trs,0,3,1.3425161437566287e-05,5.7243442048170353e-05,3,1.4501824210289018
next door,2,1,4.027548431269886e-05,2.8621721024085177e-05,3,-0.34157704819915335
nicki minaj,3,0,5.370064575026515e-05,1.4310860512042588e-05,3,-1.3224063012108795
million pakistan,0,3,1.3425161437566287e-05,5.7243442048170353e-05,3,1.4501824210289018
min speaker,3,0,5.370064575026515e-05,1.4310860512042588e-05,3,-1.3224063012108795
many migrant,0,3,1.3425161437566287e-05,5.7243442048170353e-05,3,1.4501824210289018
many people,1,2,2.6850322875132574e-05,4.293258153612777e-05,3,0.4693531680171755
map throwingknifes,3,0,5.370064575026515e-05,1.4310860512042588e-05,3,-1.3224063012108795
map typhoon,0,3,1.3425161437566287e-05,5.7243442048170353e-05,3,1.4501824210289018
material meant,2,1,4.027548431269886e-05,2.8621721024085177e-05,3,-0.34157704819915335
maximum seismic,0,3,1.3425161437566287e-05,5.7243442048170353e-05,3,1.4501824210289018
looking like,3,0,5.370064575026515e-05,1.4310860512042588e-05,3,-1.3224063012108795
looping wedaug,0,3,1.3425161437566287e-05,5.7243442048170353e-05,3,1.4501824210289018
loose tongue,3,0,5.370064575026515e-05,1.4310860512042588e-05,3,-1.3224063012108795
loss magginoodle,1,2,2.6850322875132574e-05,4.293258153612777e-05,3,0.4693531680171755
love picked,2,1,4.027548431269886e-05,2.8621721024085177e-05,3,-0.34157704819915335
official vid,3,0,5.370064575026515e-05,1.4310860512042588e-05,3,-1.3224063012108795
officially exploded,2,1,4.027548431269886e-05,2.8621721024085177e-05,3,-0.34157704819915335
oh wait,2,1,4.027548431269886e-05,2.8621721024085177e-05,3,-0.34157704819915335
live noaa,0,3,1.3425161437566287e-05,5.7243442048170353e-05,3,1.4501824210289018
load shedding,3,0,5.370064575026515e-05,1.4310860512042588e-05,3,-1.3224063012108795
logo flame,3,0,5.370064575026515e-05,1.4310860512042588e-05,3,-1.3224063012108795
london engulfed,0,3,1.3425161437566287e-05,5.7243442048170353e-05,3,1.4501824210289018
longer ship,2,1,4.027548431269886e-05,2.8621721024085177e-05,3,-0.34157704819915335
look blk,0,3,1.3425161437566287e-05,5.7243442048170353e-05,3,1.4501824210289018
look new,3,0,5.370064575026515e-05,1.4310860512042588e-05,3,-1.3224063012108795
looked like,1,2,2.6850322875132574e-05,4.293258153612777e-05,3,0.4693531680171755
nw severe,0,3,1.3425161437566287e-05,5.7243442048170353e-05,3,1.4501824210289018
offer go,1,2,2.6850322875132574e-05,4.293258153612777e-05,3,0.4693531680171755
officer arrested,1,2,2.6850322875132574e-05,4.293258153612777e-05,3,0.4693531680171755
listen live,2,1,4.027548431269886e-05,2.8621721024085177e-05,3,-0.34157704819915335
listen vote,2,1,4.027548431269886e-05,2.8621721024085177e-05,3,-0.34157704819915335
listenbuy riot,3,0,5.370064575026515e-05,1.4310860512042588e-05,3,-1.3224063012108795
little bit,1,2,2.6850322875132574e-05,4.293258153612777e-05,3,0.4693531680171755
live latest,0,3,1.3425161437566287e-05,5.7243442048170353e-05,3,1.4501824210289018
not mass,2,1,4.027548431269886e-05,2.8621721024085177e-05,3,-0.34157704819915335
not one,2,1,4.027548431269886e-05,2.8621721024085177e-05,3,-0.34157704819915335
not right,3,0,5.370064575026515e-05,1.4310860512042588e-05,3,-1.3224063012108795
not weapon,0,3,1.3425161437566287e-05,5.7243442048170353e-05,3,1.4501824210289018
nri news,0,3,1.3425161437566287e-05,5.7243442048170353e-05,3,1.4501824210289018
nuclear deal,1,2,2.6850322875132574e-05,4.293258153612777e-05,3,0.4693531680171755
nuclear emergency,2,1,4.027548431269886e-05,2.8621721024085177e-05,3,-0.34157704819915335
nuclear industry,0,3,1.3425161437566287e-05,5.7243442048170353e-05,3,1.4501824210289018
like one,1,2,2.6850322875132574e-05,4.293258153612777e-05,3,0.4693531680171755
like would,3,0,5.370064575026515e-05,1.4310860512042588e-05,3,-1.3224063012108795
like year,3,0,5.370064575026515e-05,1.4310860512042588e-05,3,-1.3224063012108795
link animalrescue,3,0,5.370064575026515e-05,1.4310860512042588e-05,3,-1.3224063012108795
latest job,3,0,5.370064575026515e-05,1.4310860512042588e-05,3,-1.3224063012108795
latest travel,0,3,1.3425161437566287e-05,5.7243442048170353e-05,3,1.4501824210289018
lead person,3,0,5.370064575026515e-05,1.4310860512042588e-05,3,-1.3224063012108795
least dead,0,3,1.3425161437566287e-05,5.7243442048170353e-05,3,1.4501824210289018
life two,0,3,1.3425161437566287e-05,5.7243442048170353e-05,3,1.4501824210289018
lightning moving,0,3,1.3425161437566287e-05,5.7243442048170353e-05,3,1.4501824210289018
lightning reshapes,1,2,2.6850322875132574e-05,4.293258153612777e-05,3,0.4693531680171755
like burning,2,1,4.027548431269886e-05,2.8621721024085177e-05,3,-0.34157704819915335
like condition,0,3,1.3425161437566287e-05,5.7243442048170353e-05,3,1.4501824210289018
like fire,2,1,4.027548431269886e-05,2.8621721024085177e-05,3,-0.34157704819915335
like full,2,1,4.027548431269886e-05,2.8621721024085177e-05,3,-0.34157704819915335
like go,1,2,2.6850322875132574e-05,4.293258153612777e-05,3,0.4693531680171755
one time,2,1,4.027548431269886e-05,2.8621721024085177e-05,3,-0.34157704819915335
one year,2,1,4.027548431269886e-05,2.8621721024085177e-05,3,-0.34157704819915335
onlinecommunities reddit,2,1,4.027548431269886e-05,2.8621721024085177e-05,3,-0.34157704819915335
oops bounty,1,2,2.6850322875132574e-05,4.293258153612777e-05,3,0.4693531680171755
open lowndes,0,3,1.3425161437566287e-05,5.7243442048170353e-05,3,1.4501824210289018
openly accuses,2,1,4.027548431269886e-05,2.8621721024085177e-05,3,-0.34157704819915335
oper taxiway,3,0,5.370064575026515e-05,1.4310860512042588e-05,3,-1.3224063012108795
life group,0,3,1.3425161437566287e-05,5.7243442048170353e-05,3,1.4501824210289018
ok ok,1,2,2.6850322875132574e-05,4.293258153612777e-05,3,0.4693531680171755
oklahoma county,0,3,1.3425161437566287e-05,5.7243442048170353e-05,3,1.4501824210289018
oklahoma tornado,0,3,1.3425161437566287e-05,5.7243442048170353e-05,3,1.4501824210289018
olap world,1,2,2.6850322875132574e-05,4.293258153612777e-05,3,0.4693531680171755
one favorite,2,1,4.027548431269886e-05,2.8621721024085177e-05,3,-0.34157704819915335
one last,2,1,4.027548431269886e-05,2.8621721024085177e-05,3,-0.34157704819915335
one man,0,3,1.3425161437566287e-05,5.7243442048170353e-05,3,1.4501824210289018
one million,0,3,1.3425161437566287e-05,5.7243442048170353e-05,3,1.4501824210289018
lane blocked,0,3,1.3425161437566287e-05,5.7243442048170353e-05,3,1.4501824210289018
larger entire,3,0,5.370064575026515e-05,1.4310860512042588e-05,3,-1.3224063012108795
last forever,2,1,4.027548431269886e-05,2.8621721024085177e-05,3,-0.34157704819915335
last second,3,0,5.370064575026515e-05,1.4310860512042588e-05,3,-1.3224063012108795
last time,2,1,4.027548431269886e-05,2.8621721024085177e-05,3,-0.34157704819915335
joe root,3,0,5.370064575026515e-05,1.4310860512042588e-05,3,-1.3224063012108795
kaduna two,0,3,1.3425161437566287e-05,5.7243442048170353e-05,3,1.4501824210289018
kalle mattson,3,0,5.370064575026515e-05,1.4310860512042588e-05,3,-1.3224063012108795
path approach,0,3,1.3425161437566287e-05,5.7243442048170353e-05,3,1.4501824210289018
pathogen wake,2,1,4.027548431269886e-05,2.8621721024085177e-05,3,-0.34157704819915335
knoxville news,1,2,2.6850322875132574e-05,4.293258153612777e-05,3,0.4693531680171755
koin news,0,3,1.3425161437566287e-05,5.7243442048170353e-05,3,1.4501824210289018
kombat fatality,3,0,5.370064575026515e-05,1.4310860512042588e-05,3,-1.3224063012108795
lab faced,1,2,2.6850322875132574e-05,4.293258153612777e-05,3,0.4693531680171755
landfall southern,0,3,1.3425161437566287e-05,5.7243442048170353e-05,3,1.4501824210289018
landing amsterdam,0,3,1.3425161437566287e-05,5.7243442048170353e-05,3,1.4501824210289018
pakistan supreme,1,2,2.6850322875132574e-05,4.293258153612777e-05,3,0.4693531680171755
palestinian village,0,3,1.3425161437566287e-05,5.7243442048170353e-05,3,1.4501824210289018
palin obliterate,2,1,4.027548431269886e-05,2.8621721024085177e-05,3,-0.34157704819915335
parenthood targeting,2,1,4.027548431269886e-05,2.8621721024085177e-05,3,-0.34157704819915335
party massacre,3,0,5.370064575026515e-05,1.4310860512042588e-05,3,-1.3224063012108795
passenger life,0,3,1.3425161437566287e-05,5.7243442048170353e-05,3,1.4501824210289018
past curfew,3,0,5.370064575026515e-05,1.4310860512042588e-05,3,-1.3224063012108795
patched come,3,0,5.370064575026515e-05,1.4310860512042588e-05,3,-1.3224063012108795
leather fashion,3,0,5.370064575026515e-05,1.4310860512042588e-05,3,-1.3224063012108795
leather watch,3,0,5.370064575026515e-05,1.4310860512042588e-05,3,-1.3224063012108795
leisure tab,2,1,4.027548431269886e-05,2.8621721024085177e-05,3,-0.34157704819915335
let get,3,0,5.370064575026515e-05,1.4310860512042588e-05,3,-1.3224063012108795
let ruin,3,0,5.370064575026515e-05,1.4310860512042588e-05,3,-1.3224063012108795
lglorg idis,0,3,1.3425161437566287e-05,5.7243442048170353e-05,3,1.4501824210289018
libya india,0,3,1.3425161437566287e-05,5.7243442048170353e-05,3,1.4501824210289018
owner whipped,2,1,4.027548431269886e-05,2.8621721024085177e-05,3,-0.34157704819915335
isi claim,0,3,1.3425161437566287e-05,5.7243442048170353e-05,3,1.4501824210289018
isi video,0,3,1.3425161437566287e-05,5.7243442048170353e-05,3,1.4501824210289018
island flight,0,3,1.3425161437566287e-05,5.7243442048170353e-05,3,1.4501824210289018
island mh,0,3,1.3425161437566287e-05,5.7243442048170353e-05,3,1.4501824210289018
island possible,0,3,1.3425161437566287e-05,5.7243442048170353e-05,3,1.4501824210289018
issued pm,0,3,1.3425161437566287e-05,5.7243442048170353e-05,3,1.4501824210289018
ive ever,3,0,5.370064575026515e-05,1.4310860512042588e-05,3,-1.3224063012108795
jacksonville family,2,1,4.027548431269886e-05,2.8621721024085177e-05,3,-0.34157704819915335
people rioting,1,2,2.6850322875132574e-05,4.293258153612777e-05,3,0.4693531680171755
person hellfire,3,0,5.370064575026515e-05,1.4310860512042588e-05,3,-1.3224063012108795
petition heartless,2,1,4.027548431269886e-05,2.8621721024085177e-05,3,-0.34157704819915335
phoenix police,1,2,2.6850322875132574e-05,4.293258153612777e-05,3,0.4693531680171755
photography art,1,2,2.6850322875132574e-05,4.293258153612777e-05,3,0.4693531680171755
picked playing,2,1,4.027548431269886e-05,2.8621721024085177e-05,3,-0.34157704819915335
piling wealth,2,1,4.027548431269886e-05,2.8621721024085177e-05,3,-0.34157704819915335
iranian warship,0,3,1.3425161437566287e-05,5.7243442048170353e-05,3,1.4501824210289018
killed police,0,3,1.3425161437566287e-05,5.7243442048170353e-05,3,1.4501824210289018
km anchorage,0,3,1.3425161437566287e-05,5.7243442048170353e-05,3,1.4501824210289018
km maximum,0,3,1.3425161437566287e-05,5.7243442048170353e-05,3,1.4501824210289018
pdp plan,2,1,4.027548431269886e-05,2.8621721024085177e-05,3,-0.34157704819915335
pedestrian fatality,1,2,2.6850322875132574e-05,4.293258153612777e-05,3,0.4693531680171755
people hellfire,2,1,4.027548431269886e-05,2.8621721024085177e-05,3,-0.34157704819915335
people not,2,1,4.027548431269886e-05,2.8621721024085177e-05,3,-0.34157704819915335
people reportedly,0,3,1.3425161437566287e-05,5.7243442048170353e-05,3,1.4501824210289018
keep animal,2,1,4.027548431269886e-05,2.8621721024085177e-05,3,-0.34157704819915335
kill croat,0,3,1.3425161437566287e-05,5.7243442048170353e-05,3,1.4501824210289018
kill displace,0,3,1.3425161437566287e-05,5.7243442048170353e-05,3,1.4501824210289018
kill dozen,0,3,1.3425161437566287e-05,5.7243442048170353e-05,3,1.4501824210289018
kill four,0,3,1.3425161437566287e-05,5.7243442048170353e-05,3,1.4501824210289018
killed four,0,3,1.3425161437566287e-05,5.7243442048170353e-05,3,1.4501824210289018
killed injured,0,3,1.3425161437566287e-05,5.7243442048170353e-05,3,1.4501824210289018
killed others,0,3,1.3425161437566287e-05,5.7243442048170353e-05,3,1.4501824210289018
interest bargain,2,1,4.027548431269886e-05,2.8621721024085177e-05,3,-0.34157704819915335
investigator rule,0,3,1.3425161437566287e-05,5.7243442048170353e-05,3,1.4501824210289018
iphone user,0,3,1.3425161437566287e-05,5.7243442048170353e-05,3,1.4501824210289018
iran deal,1,2,2.6850322875132574e-05,4.293258153612777e-05,3,0.4693531680171755
iran nuclear,0,3,1.3425161437566287e-05,5.7243442048170353e-05,3,1.4501824210289018
hour get,1,2,2.6850322875132574e-05,4.293258153612777e-05,3,0.4693531680171755
huge chunk,0,3,1.3425161437566287e-05,5.7243442048170353e-05,3,1.4501824210289018
huge cliff,1,2,2.6850322875132574e-05,4.293258153612777e-05,3,0.4693531680171755
india rail,0,3,1.3425161437566287e-05,5.7243442048170353e-05,3,1.4501824210289018
india terrorism,0,3,1.3425161437566287e-05,5.7243442048170353e-05,3,1.4501824210289018
industry brazil,0,3,1.3425161437566287e-05,5.7243442048170353e-05,3,1.4501824210289018
injury shouldnt,3,0,5.370064575026515e-05,1.4310860512042588e-05,3,-1.3224063012108795
ink listen,2,1,4.027548431269886e-05,2.8621721024085177e-05,3,-0.34157704819915335
inst apch,3,0,5.370064575026515e-05,1.4310860512042588e-05,3,-1.3224063012108795
installation noncompliant,2,1,4.027548431269886e-05,2.8621721024085177e-05,3,-0.34157704819915335
intensity jst,0,3,1.3425161437566287e-05,5.7243442048170353e-05,3,1.4501824210289018
playing worth,2,1,4.027548431269886e-05,2.8621721024085177e-05,3,-0.34157704819915335
playlist panic,3,0,5.370064575026515e-05,1.4310860512042588e-05,3,-1.3224063012108795
please sign,3,0,5.370064575026515e-05,1.4310860512042588e-05,3,-1.3224063012108795
plot hijack,1,2,2.6850322875132574e-05,4.293258153612777e-05,3,0.4693531680171755
pocket cross,3,0,5.370064575026515e-05,1.4310860512042588e-05,3,-1.3224063012108795
point weapon,0,3,1.3425161437566287e-05,5.7243442048170353e-05,3,1.4501824210289018
police chase,2,1,4.027548431269886e-05,2.8621721024085177e-05,3,-0.34157704819915335
impressed earlier,3,0,5.370064575026515e-05,1.4310860512042588e-05,3,-1.3224063012108795
japan fukushima,0,3,1.3425161437566287e-05,5.7243442048170353e-05,3,1.4501824210289018
japan leather,3,0,5.370064575026515e-05,1.4310860512042588e-05,3,-1.3224063012108795
japanese army,3,0,5.370064575026515e-05,1.4310860512042588e-05,3,-1.3224063012108795
jean hazardous,0,3,1.3425161437566287e-05,5.7243442048170353e-05,3,1.4501824210289018
job job,3,0,5.370064575026515e-05,1.4310860512042588e-05,3,-1.3224063012108795
pilot hiroshima,0,3,1.3425161437566287e-05,5.7243442048170353e-05,3,1.4501824210289018
pisgah national,0,3,1.3425161437566287e-05,5.7243442048170353e-05,3,1.4501824210289018
plaguing farrakhan,2,1,4.027548431269886e-05,2.8621721024085177e-05,3,-0.34157704819915335
hiroshima year,0,3,1.3425161437566287e-05,5.7243442048170353e-05,3,1.4501824210289018
hit major,0,3,1.3425161437566287e-05,5.7243442048170353e-05,3,1.4501824210289018
hoax device,1,2,2.6850322875132574e-05,4.293258153612777e-05,3,0.4693531680171755
home crew,0,3,1.3425161437566287e-05,5.7243442048170353e-05,3,1.4501824210289018
home curfew,2,1,4.027548431269886e-05,2.8621721024085177e-05,3,-0.34157704819915335
home danger,1,2,2.6850322875132574e-05,4.293258153612777e-05,3,0.4693531680171755
horse collapsed,2,1,4.027548431269886e-05,2.8621721024085177e-05,3,-0.34157704819915335
hostage make,0,3,1.3425161437566287e-05,5.7243442048170353e-05,3,1.4501824210289018
post udhampur,0,3,1.3425161437566287e-05,5.7243442048170353e-05,3,1.4501824210289018
pov video,0,3,1.3425161437566287e-05,5.7243442048170353e-05,3,1.4501824210289018
prabhu call,0,3,1.3425161437566287e-05,5.7243442048170353e-05,3,1.4501824210289018
pradesh flash,0,3,1.3425161437566287e-05,5.7243442048170353e-05,3,1.4501824210289018
predicted path,0,3,1.3425161437566287e-05,5.7243442048170353e-05,3,1.4501824210289018
pregnant wife,2,1,4.027548431269886e-05,2.8621721024085177e-05,3,-0.34157704819915335
pres recognize,1,2,2.6850322875132574e-05,4.293258153612777e-05,3,0.4693531680171755
preview danger,3,0,5.370064575026515e-05,1.4310860512042588e-05,3,-1.3224063012108795
ill give,3,0,5.370064575026515e-05,1.4310860512042588e-05,3,-1.3224063012108795
police say,0,3,1.3425161437566287e-05,5.7243442048170353e-05,3,1.4501824210289018
pond lowndes,0,3,1.3425161437566287e-05,5.7243442048170353e-05,3,1.4501824210289018
pop quiz,3,0,5.370064575026515e-05,1.4310860512042588e-05,3,-1.3224063012108795
population declined,1,2,2.6850322875132574e-05,4.293258153612777e-05,3,0.4693531680171755
portland phoenix,0,3,1.3425161437566287e-05,5.7243442048170353e-05,3,1.4501824210289018
post animalrescue,3,0,5.370064575026515e-05,1.4310860512042588e-05,3,-1.3224063012108795
post office,0,3,1.3425161437566287e-05,5.7243442048170353e-05,3,1.4501824210289018
humaza reflect,2,1,4.027548431269886e-05,2.8621721024085177e-05,3,-0.34157704819915335
hunk stranded,1,2,2.6850322875132574e-05,4.293258153612777e-05,3,0.4693531680171755
hunter try,1,2,2.6850322875132574e-05,4.293258153612777e-05,3,0.4693531680171755
hurricane bluetooth,3,0,5.370064575026515e-05,1.4310860512042588e-05,3,-1.3224063012108795
ibooklove bookboost,1,2,2.6850322875132574e-05,4.293258153612777e-05,3,0.4693531680171755
id say,3,0,5.370064575026515e-05,1.4310860512042588e-05,3,-1.3224063012108795
idis id,0,3,1.3425161437566287e-05,5.7243442048170353e-05,3,1.4501824210289018
idp angry,2,1,4.027548431269886e-05,2.8621721024085177e-05,3,-0.34157704819915335
hiring chemical,3,0,5.370064575026515e-05,1.4310860512042588e-05,3,-1.3224063012108795
hiring read,3,0,5.370064575026515e-05,1.4310860512042588e-05,3,-1.3224063012108795
hiroshima day,0,3,1.3425161437566287e-05,5.7243442048170353e-05,3,1.4501824210289018
hiroshima japan,0,3,1.3425161437566287e-05,5.7243442048170353e-05,3,1.4501824210289018
hiroshima survivor,0,3,1.3425161437566287e-05,5.7243442048170353e-05,3,1.4501824210289018
rate hike,2,1,4.027548431269886e-05,2.8621721024085177e-05,3,-0.34157704819915335
rd ave,0,3,1.3425161437566287e-05,5.7243442048170353e-05,3,1.4501824210289018
reactor go,2,1,4.027548431269886e-05,2.8621721024085177e-05,3,-0.34157704819915335
heavy rainfall,0,3,1.3425161437566287e-05,5.7243442048170353e-05,3,1.4501824210289018
hell no,2,1,4.027548431269886e-05,2.8621721024085177e-05,3,-0.34157704819915335
hellfire islam,3,0,5.370064575026515e-05,1.4310860512042588e-05,3,-1.3224063012108795
hellfire surah,2,1,4.027548431269886e-05,2.8621721024085177e-05,3,-0.34157704819915335
helping hand,1,2,2.6850322875132574e-05,4.293258153612777e-05,3,0.4693531680171755
hey hey,3,0,5.370064575026515e-05,1.4310860512042588e-05,3,-1.3224063012108795
hijack transfer,1,2,2.6850322875132574e-05,4.293258153612777e-05,3,0.4693531680171755
hip hop,3,0,5.370064575026515e-05,1.4310860512042588e-05,3,-1.3224063012108795
quarantine place,0,3,1.3425161437566287e-05,5.7243442048170353e-05,3,1.4501824210289018
quiz prefer,3,0,5.370064575026515e-05,1.4310860512042588e-05,3,-1.3224063012108795
radiation emergency,2,1,4.027548431269886e-05,2.8621721024085177e-05,3,-0.34157704819915335
rage forest,0,3,1.3425161437566287e-05,5.7243442048170353e-05,3,1.4501824210289018
raid phoenix,1,2,2.6850322875132574e-05,4.293258153612777e-05,3,0.4693531680171755
rain flooding,0,3,1.3425161437566287e-05,5.7243442048170353e-05,3,1.4501824210289018
rare epilepsy,2,1,4.027548431269886e-05,2.8621721024085177e-05,3,-0.34157704819915335
heartless owner,2,1,4.027548431269886e-05,2.8621721024085177e-05,3,-0.34157704819915335
prime minister,1,2,2.6850322875132574e-05,4.293258153612777e-05,3,0.4693531680171755
prison like,0,3,1.3425161437566287e-05,5.7243442048170353e-05,3,1.4501824210289018
projected plain,0,3,1.3425161437566287e-05,5.7243442048170353e-05,3,1.4501824210289018
property loss,0,3,1.3425161437566287e-05,5.7243442048170353e-05,3,1.4501824210289018
property sat,3,0,5.370064575026515e-05,1.4310860512042588e-05,3,-1.3224063012108795
psychological issue,0,3,1.3425161437566287e-05,5.7243442048170353e-05,3,1.4501824210289018
pull drunk,0,3,1.3425161437566287e-05,5.7243442048170353e-05,3,1.4501824210289018
purse full,3,0,5.370064575026515e-05,1.4310860512042588e-05,3,-1.3224063012108795
headset blk,3,0,5.370064575026515e-05,1.4310860512042588e-05,3,-1.3224063012108795
health care,1,2,2.6850322875132574e-05,4.293258153612777e-05,3,0.4693531680171755
health socialnews,0,3,1.3425161437566287e-05,5.7243442048170353e-05,3,1.4501824210289018
hear death,0,3,1.3425161437566287e-05,5.7243442048170353e-05,3,1.4501824210289018
rescue new,3,0,5.370064575026515e-05,1.4310860512042588e-05,3,-1.3224063012108795
rescued amid,0,3,1.3425161437566287e-05,5.7243442048170353e-05,3,1.4501824210289018
research specimen,2,1,4.027548431269886e-05,2.8621721024085177e-05,3,-0.34157704819915335
reshapes rock,1,2,2.6850322875132574e-05,4.293258153612777e-05,3,0.4693531680171755
hasnt hit,0,3,1.3425161437566287e-05,5.7243442048170353e-05,3,1.4501824210289018
hatcap silvergray,3,0,5.370064575026515e-05,1.4310860512042588e-05,3,-1.3224063012108795
hatchet control,0,3,1.3425161437566287e-05,5.7243442048170353e-05,3,1.4501824210289018
havent even,2,1,4.027548431269886e-05,2.8621721024085177e-05,3,-0.34157704819915335
hawaii utc,0,3,1.3425161437566287e-05,5.7243442048170353e-05,3,1.4501824210289018
hazard associated,2,1,4.027548431269886e-05,2.8621721024085177e-05,3,-0.34157704819915335
hazardous humanconsumption,1,2,2.6850322875132574e-05,4.293258153612777e-05,3,0.4693531680171755
headphone headset,3,0,5.370064575026515e-05,1.4310860512042588e-05,3,-1.3224063012108795
related article,0,3,1.3425161437566287e-05,5.7243442048170353e-05,3,1.4501824210289018
released wednesday,0,3,1.3425161437566287e-05,5.7243442048170353e-05,3,1.4501824210289018
hamas terrorist,0,3,1.3425161437566287e-05,5.7243442048170353e-05,3,1.4501824210289018
hand injury,3,0,5.370064575026515e-05,1.4310860512042588e-05,3,-1.3224063012108795
handbag pocket,3,0,5.370064575026515e-05,1.4310860512042588e-05,3,-1.3224063012108795
handbag woman,3,0,5.370064575026515e-05,1.4310860512042588e-05,3,-1.3224063012108795
hardline new,3,0,5.370064575026515e-05,1.4310860512042588e-05,3,-1.3224063012108795
harmkid ink,2,1,4.027548431269886e-05,2.8621721024085177e-05,3,-0.34157704819915335
reactor shut,0,3,1.3425161437566287e-05,5.7243442048170353e-05,3,1.4501824210289018
read latest,3,0,5.370064575026515e-05,1.4310860512042588e-05,3,-1.3224063012108795
really like,2,1,4.027548431269886e-05,2.8621721024085177e-05,3,-0.34157704819915335
reap whirlwind,3,0,5.370064575026515e-05,1.4310860512042588e-05,3,-1.3224063012108795
rear technology,3,0,5.370064575026515e-05,1.4310860512042588e-05,3,-1.3224063012108795
recognize hazardous,1,2,2.6850322875132574e-05,4.293258153612777e-05,3,0.4693531680171755
red spot,3,0,5.370064575026515e-05,1.4310860512042588e-05,3,-1.3224063012108795
redlight running,1,2,2.6850322875132574e-05,4.293258153612777e-05,3,0.4693531680171755
gunfire richmond,0,3,1.3425161437566287e-05,5.7243442048170353e-05,3,1.4501824210289018
gunman hoax,1,2,2.6850322875132574e-05,4.293258153612777e-05,3,0.4693531680171755
gunshot wound,2,1,4.027548431269886e-05,2.8621721024085177e-05,3,-0.34157704819915335
gust mph,0,3,1.3425161437566287e-05,5.7243442048170353e-05,3,1.4501824210289018
hail mph,0,3,1.3425161437566287e-05,5.7243442048170353e-05,3,1.4501824210289018
hail wind,0,3,1.3425161437566287e-05,5.7243442048170353e-05,3,1.4501824210289018
get no,2,1,4.027548431269886e-05,2.8621721024085177e-05,3,-0.34157704819915335
girl country,1,2,2.6850322875132574e-05,4.293258153612777e-05,3,0.4693531680171755
grows acre,0,3,1.3425161437566287e-05,5.7243442048170353e-05,3,1.4501824210289018
grows document,0,3,1.3425161437566287e-05,5.7243442048170353e-05,3,1.4501824210289018
guess say,3,0,5.370064575026515e-05,1.4310860512042588e-05,3,-1.3224063012108795
guide denmark,3,0,5.370064575026515e-05,1.4310860512042588e-05,3,-1.3224063012108795
guide ebay,3,0,5.370064575026515e-05,1.4310860512042588e-05,3,-1.3224063012108795
guided pilot,0,3,1.3425161437566287e-05,5.7243442048170353e-05,3,1.4501824210289018
guillermo live,0,3,1.3425161437566287e-05,5.7243442048170353e-05,3,1.4501824210289018
gun grabber,0,3,1.3425161437566287e-05,5.7243442048170353e-05,3,1.4501824210289018
riot blowmandyup,3,0,5.370064575026515e-05,1.4310860512042588e-05,3,-1.3224063012108795
gonna lie,2,1,4.027548431269886e-05,2.8621721024085177e-05,3,-0.34157704819915335
good idea,1,2,2.6850322875132574e-05,4.293258153612777e-05,3,0.4693531680171755
grabber demand,0,3,1.3425161437566287e-05,5.7243442048170353e-05,3,1.4501824210289018
greece tax,0,3,1.3425161437566287e-05,5.7243442048170353e-05,3,1.4501824210289018
group egypt,0,3,1.3425161437566287e-05,5.7243442048170353e-05,3,1.4501824210289018
group suicide,0,3,1.3425161437566287e-05,5.7243442048170353e-05,3,1.4501824210289018
group villager,0,3,1.3425161437566287e-05,5.7243442048170353e-05,3,1.4501824210289018
restricted multiplayer,3,0,5.370064575026515e-05,1.4310860512042588e-05,3,-1.3224063012108795
return prison,0,3,1.3425161437566287e-05,5.7243442048170353e-05,3,1.4501824210289018
reuters three,0,3,1.3425161437566287e-05,5.7243442048170353e-05,3,1.4501824210289018
revenue collapse,0,3,1.3425161437566287e-05,5.7243442048170353e-05,3,1.4501824210289018
richmond coach,0,3,1.3425161437566287e-05,5.7243442048170353e-05,3,1.4501824210289018
rickperry doesnt,1,2,2.6850322875132574e-05,4.293258153612777e-05,3,0.4693531680171755
ridge wildfire,0,3,1.3425161437566287e-05,5.7243442048170353e-05,3,1.4501824210289018
riot aussie,3,0,5.370064575026515e-05,1.4310860512042588e-05,3,-1.3224063012108795
foxtrot navbl,3,0,5.370064575026515e-05,1.4310860512042588e-05,3,-1.3224063012108795
frontpage bioterror,1,2,2.6850322875132574e-05,4.293258153612777e-05,3,0.4693531680171755
fully engulfed,0,3,1.3425161437566287e-05,5.7243442048170353e-05,3,1.4501824210289018
fully patched,3,0,5.370064575026515e-05,1.4310860512042588e-05,3,-1.3224063012108795
gas line,0,3,1.3425161437566287e-05,5.7243442048170353e-05,3,1.4501824210289018
gem bu,3,0,5.370064575026515e-05,1.4310860512042588e-05,3,-1.3224063012108795
flood bringing,2,1,4.027548431269886e-05,2.8621721024085177e-05,3,-0.34157704819915335
flood derail,0,3,1.3425161437566287e-05,5.7243442048170353e-05,3,1.4501824210289018
root run,3,0,5.370064575026515e-05,1.4310860512042588e-05,3,-1.3224063012108795
route complex,0,3,1.3425161437566287e-05,5.7243442048170353e-05,3,1.4501824210289018
ruin everything,3,0,5.370064575026515e-05,1.4310860512042588e-05,3,-1.3224063012108795
rule catastrophic,0,3,1.3425161437566287e-05,5.7243442048170353e-05,3,1.4501824210289018
run riot,3,0,5.370064575026515e-05,1.4310860512042588e-05,3,-1.3224063012108795
safety second,0,3,1.3425161437566287e-05,5.7243442048170353e-05,3,1.4501824210289018
sanction rickperry,1,2,2.6850322875132574e-05,4.293258153612777e-05,3,0.4693531680171755
foxtrot foxtrot,3,0,5.370064575026515e-05,1.4310860512042588e-05,3,-1.3224063012108795
rise woman,0,3,1.3425161437566287e-05,5.7243442048170353e-05,3,1.4501824210289018
rising wildfire,0,3,1.3425161437566287e-05,5.7243442048170353e-05,3,1.4501824210289018
river complex,0,3,1.3425161437566287e-05,5.7243442048170353e-05,3,1.4501824210289018
road china,0,3,1.3425161437566287e-05,5.7243442048170353e-05,3,1.4501824210289018
rock atomic,1,2,2.6850322875132574e-05,4.293258153612777e-05,3,0.4693531680171755
rock fall,0,3,1.3425161437566287e-05,5.7243442048170353e-05,3,1.4501824210289018
rockin preview,3,0,5.370064575026515e-05,1.4310860512042588e-05,3,-1.3224063012108795
rome reuters,0,3,1.3425161437566287e-05,5.7243442048170353e-05,3,1.4501824210289018
glad got,1,2,2.6850322875132574e-05,4.293258153612777e-05,3,0.4693531680171755
global warming,0,3,1.3425161437566287e-05,5.7243442048170353e-05,3,1.4501824210289018
go away,3,0,5.370064575026515e-05,1.4310860512042588e-05,3,-1.3224063012108795
go home,1,2,2.6850322875132574e-05,4.293258153612777e-05,3,0.4693531680171755
go nestleindia,1,2,2.6850322875132574e-05,4.293258153612777e-05,3,0.4693531680171755
god america,2,1,4.027548431269886e-05,2.8621721024085177e-05,3,-0.34157704819915335
godslove thanku,2,1,4.027548431269886e-05,2.8621721024085177e-05,3,-0.34157704819915335
gonna explode,2,1,4.027548431269886e-05,2.8621721024085177e-05,3,-0.34157704819915335
finger crossed,3,0,5.370064575026515e-05,1.4310860512042588e-05,3,-1.3224063012108795
finnish minister,2,1,4.027548431269886e-05,2.8621721024085177e-05,3,-0.34157704819915335
fire burn,0,3,1.3425161437566287e-05,5.7243442048170353e-05,3,1.4501824210289018
fire crew,0,3,1.3425161437566287e-05,5.7243442048170353e-05,3,1.4501824210289018
fire fighter,1,2,2.6850322875132574e-05,4.293258153612777e-05,3,0.4693531680171755
fire hazard,2,1,4.027548431269886e-05,2.8621721024085177e-05,3,-0.34157704819915335
fire pisgah,0,3,1.3425161437566287e-05,5.7243442048170353e-05,3,1.4501824210289018
fire please,0,3,1.3425161437566287e-05,5.7243442048170353e-05,3,1.4501824210289018
saved passenger,0,3,1.3425161437566287e-05,5.7243442048170353e-05,3,1.4501824210289018
say new,1,2,2.6850322875132574e-05,4.293258153612777e-05,3,0.4693531680171755
say quarantine,0,3,1.3425161437566287e-05,5.7243442048170353e-05,3,1.4501824210289018
say rioting,0,3,1.3425161437566287e-05,5.7243442048170353e-05,3,1.4501824210289018
school year,3,0,5.370064575026515e-05,1.4310860512042588e-05,3,-1.3224063012108795
science piece,0,3,1.3425161437566287e-05,5.7243442048170353e-05,3,1.4501824210289018
second car,0,3,1.3425161437566287e-05,5.7243442048170353e-05,3,1.4501824210289018
second driver,0,3,1.3425161437566287e-05,5.7243442048170353e-05,3,1.4501824210289018
forever description,2,1,4.027548431269886e-05,2.8621721024085177e-05,3,-0.34157704819915335
santa cruz,1,2,2.6850322875132574e-05,4.293258153612777e-05,3,0.4693531680171755
sarah palin,2,1,4.027548431269886e-05,2.8621721024085177e-05,3,-0.34157704819915335
sassy city,1,2,2.6850322875132574e-05,4.293258153612777e-05,3,0.4693531680171755
sat vacant,3,0,5.370064575026515e-05,1.4310860512042588e-05,3,-1.3224063012108795
satchel tote,3,0,5.370064575026515e-05,1.4310860512042588e-05,3,-1.3224063012108795
saudi arabian,0,3,1.3425161437566287e-05,5.7243442048170353e-05,3,1.4501824210289018
save life,1,2,2.6850322875132574e-05,4.293258153612777e-05,3,0.4693531680171755
flood disaster,0,3,1.3425161437566287e-05,5.7243442048170353e-05,3,1.4501824210289018
floyds hand,3,0,5.370064575026515e-05,1.4310860512042588e-05,3,-1.3224063012108795
fnet official,0,3,1.3425161437566287e-05,5.7243442048170353e-05,3,1.4501824210289018
follow go,2,1,4.027548431269886e-05,2.8621721024085177e-05,3,-0.34157704819915335
foodscare offer,1,2,2.6850322875132574e-05,4.293258153612777e-05,3,0.4693531680171755
foot sinkhole,0,3,1.3425161437566287e-05,5.7243442048170353e-05,3,1.4501824210289018
forecast dallas,0,3,1.3425161437566287e-05,5.7243442048170353e-05,3,1.4501824210289018
forest grows,0,3,1.3425161437566287e-05,5.7243442048170353e-05,3,1.4501824210289018
share crushed,3,0,5.370064575026515e-05,1.4310860512042588e-05,3,-1.3224063012108795
facebook post,3,0,5.370064575026515e-05,1.4310860512042588e-05,3,-1.3224063012108795
faced secret,1,2,2.6850322875132574e-05,4.293258153612777e-05,3,0.4693531680171755
failure pump,0,3,1.3425161437566287e-05,5.7243442048170353e-05,3,1.4501824210289018
failure resulted,0,3,1.3425161437566287e-05,5.7243442048170353e-05,3,1.4501824210289018
fallen powerlines,0,3,1.3425161437566287e-05,5.7243442048170353e-05,3,1.4501824210289018
false claim,1,2,2.6850322875132574e-05,4.293258153612777e-05,3,0.4693531680171755
family band,2,1,4.027548431269886e-05,2.8621721024085177e-05,3,-0.34157704819915335
second pregnant,2,1,4.027548431269886e-05,2.8621721024085177e-05,3,-0.34157704819915335
secret sanction,1,2,2.6850322875132574e-05,4.293258153612777e-05,3,0.4693531680171755
see fire,2,1,4.027548431269886e-05,2.8621721024085177e-05,3,-0.34157704819915335
sensor connectorconnecto,3,0,5.370064575026515e-05,1.4310860512042588e-05,3,-1.3224063012108795
serial arsonist,0,3,1.3425161437566287e-05,5.7243442048170353e-05,3,1.4501824210289018
serious injury,0,3,1.3425161437566287e-05,5.7243442048170353e-05,3,1.4501824210289018
service full,3,0,5.370064575026515e-05,1.4310860512042588e-05,3,-1.3224063012108795
service sound,0,3,1.3425161437566287e-05,5.7243442048170353e-05,3,1.4501824210289018
feed syrian,3,0,5.370064575026515e-05,1.4310860512042588e-05,3,-1.3224063012108795
feeding syrian,3,0,5.370064575026515e-05,1.4310860512042588e-05,3,-1.3224063012108795
feel engulfed,3,0,5.370064575026515e-05,1.4310860512042588e-05,3,-1.3224063012108795
fennovoima nuclear,2,1,4.027548431269886e-05,2.8621721024085177e-05,3,-0.34157704819915335
fifth harmkid,2,1,4.027548431269886e-05,2.8621721024085177e-05,3,-0.34157704819915335
fight nuclear,0,3,1.3425161437566287e-05,5.7243442048170353e-05,3,1.4501824210289018
fight wild,0,3,1.3425161437566287e-05,5.7243442048170353e-05,3,1.4501824210289018
finally demolished,3,0,5.370064575026515e-05,1.4310860512042588e-05,3,-1.3224063012108795
fire rage,0,3,1.3425161437566287e-05,5.7243442048170353e-05,3,1.4501824210289018
fire update,0,3,1.3425161437566287e-05,5.7243442048170353e-05,3,1.4501824210289018
first half,0,3,1.3425161437566287e-05,5.7243442048170353e-05,3,1.4501824210289018
first wife,2,1,4.027548431269886e-05,2.8621721024085177e-05,3,-0.34157704819915335
flame full,3,0,5.370064575026515e-05,1.4310860512042588e-05,3,-1.3224063012108795
fatal shooting,0,3,1.3425161437566287e-05,5.7243442048170353e-05,3,1.4501824210289018
fatality captain,3,0,5.370064575026515e-05,1.4310860512042588e-05,3,-1.3224063012108795
favorite share,3,0,5.370064575026515e-05,1.4310860512042588e-05,3,-1.3224063012108795
extreme diving,3,0,5.370064575026515e-05,1.4310860512042588e-05,3,-1.3224063012108795
extreme weather,0,3,1.3425161437566287e-05,5.7243442048170353e-05,3,1.4501824210289018
eye see,3,0,5.370064575026515e-05,1.4310860512042588e-05,3,-1.3224063012108795
sinking unhappiness,3,0,5.370064575026515e-05,1.4310860512042588e-05,3,-1.3224063012108795
siren going,1,2,2.6850322875132574e-05,4.293258153612777e-05,3,0.4693531680171755
sitting jam,0,3,1.3425161437566287e-05,5.7243442048170353e-05,3,1.4501824210289018
skinny jean,0,3,1.3425161437566287e-05,5.7243442048170353e-05,3,1.4501824210289018
slip loss,1,2,2.6850322875132574e-05,4.293258153612777e-05,3,0.4693531680171755
since saddlebrooke,3,0,5.370064575026515e-05,1.4310860512042588e-05,3,-1.3224063012108795
sinkhole disrupts,0,3,1.3425161437566287e-05,5.7243442048170353e-05,3,1.4501824210289018
ever since,3,0,5.370064575026515e-05,1.4310860512042588e-05,3,-1.3224063012108795
everywhere tried,2,1,4.027548431269886e-05,2.8621721024085177e-05,3,-0.34157704819915335
exp inst,3,0,5.370064575026515e-05,1.4310860512042588e-05,3,-1.3224063012108795
expert wednesday,0,3,1.3425161437566287e-05,5.7243442048170353e-05,3,1.4501824210289018
exploded internet,2,1,4.027548431269886e-05,2.8621721024085177e-05,3,-0.34157704819915335
external cladding,2,1,4.027548431269886e-05,2.8621721024085177e-05,3,-0.34157704819915335
shit like,1,2,2.6850322875132574e-05,4.293258153612777e-05,3,0.4693531680171755
shouldnt devalue,3,0,5.370064575026515e-05,1.4310860512042588e-05,3,-1.3224063012108795
shut electrical,0,3,1.3425161437566287e-05,5.7243442048170353e-05,3,1.4501824210289018
sick injured,0,3,1.3425161437566287e-05,5.7243442048170353e-05,3,1.4501824210289018
sick people,1,2,2.6850322875132574e-05,4.293258153612777e-05,3,0.4693531680171755
silver dollar,3,0,5.370064575026515e-05,1.4310860512042588e-05,3,-1.3224063012108795
silvergray embroidered,3,0,5.370064575026515e-05,1.4310860512042588e-05,3,-1.3224063012108795
since forecast,0,3,1.3425161437566287e-05,5.7243442048170353e-05,3,1.4501824210289018
family displaced,0,3,1.3425161437566287e-05,5.7243442048170353e-05,3,1.4501824210289018
fantasy stock,3,0,5.370064575026515e-05,1.4310860512042588e-05,3,-1.3224063012108795
farrakhan quote,2,1,4.027548431269886e-05,2.8621721024085177e-05,3,-0.34157704819915335
fashion purse,3,0,5.370064575026515e-05,1.4310860512042588e-05,3,-1.3224063012108795
fashionable mountaineering,2,1,4.027548431269886e-05,2.8621721024085177e-05,3,-0.34157704819915335
fat burning,3,0,5.370064575026515e-05,1.4310860512042588e-05,3,-1.3224063012108795
ship potential,2,1,4.027548431269886e-05,2.8621721024085177e-05,3,-0.34157704819915335
shipping potential,0,3,1.3425161437566287e-05,5.7243442048170353e-05,3,1.4501824210289018
enugu photo,0,3,1.3425161437566287e-05,5.7243442048170353e-05,3,1.4501824210289018
eruption new,0,3,1.3425161437566287e-05,5.7243442048170353e-05,3,1.4501824210289018
evacuate building,1,2,2.6850322875132574e-05,4.293258153612777e-05,3,0.4693531680171755
evacuate everyone,1,2,2.6850322875132574e-05,4.293258153612777e-05,3,0.4693531680171755
driver mr,0,3,1.3425161437566287e-05,5.7243442048170353e-05,3,1.4501824210289018
driver safety,0,3,1.3425161437566287e-05,5.7243442048170353e-05,3,1.4501824210289018
drought united,0,3,1.3425161437566287e-05,5.7243442048170353e-05,3,1.4501824210289018
drunk driver,0,3,1.3425161437566287e-05,5.7243442048170353e-05,3,1.4501824210289018
emergency care,3,0,5.370064575026515e-05,1.4310860512042588e-05,3,-1.3224063012108795
emergency crew,0,3,1.3425161437566287e-05,5.7243442048170353e-05,3,1.4501824210289018
emergency preparedness,1,2,2.6850322875132574e-05,4.293258153612777e-05,3,0.4693531680171755
emmerdale summerfate,3,0,5.370064575026515e-05,1.4310860512042588e-05,3,-1.3224063012108795
engulfed chaos,0,3,1.3425161437566287e-05,5.7243442048170353e-05,3,1.4501824210289018
enter world,3,0,5.370064575026515e-05,1.4310860512042588e-05,3,-1.3224063012108795
entire earth,3,0,5.370064575026515e-05,1.4310860512042588e-05,3,-1.3224063012108795
entire pond,0,3,1.3425161437566287e-05,5.7243442048170353e-05,3,1.4501824210289018
soudelors predicted,0,3,1.3425161437566287e-05,5.7243442048170353e-05,3,1.4501824210289018
southampton target,1,2,2.6850322875132574e-05,4.293258153612777e-05,3,0.4693531680171755
southern china,0,3,1.3425161437566287e-05,5.7243442048170353e-05,3,1.4501824210289018
el salvador,0,3,1.3425161437566287e-05,5.7243442048170353e-05,3,1.4501824210289018
electrical circuit,0,3,1.3425161437566287e-05,5.7243442048170353e-05,3,1.4501824210289018
electrocuted death,1,2,2.6850322875132574e-05,4.293258153612777e-05,3,0.4693531680171755
electronic watch,2,1,4.027548431269886e-05,2.8621721024085177e-05,3,-0.34157704819915335
embroidered logo,3,0,5.370064575026515e-05,1.4310860512042588e-05,3,-1.3224063012108795
small earthquake,0,3,1.3425161437566287e-05,5.7243442048170353e-05,3,1.4501824210289018
smoky mountain,1,2,2.6850322875132574e-05,4.293258153612777e-05,3,0.4693531680171755
snap tool,3,0,5.370064575026515e-05,1.4310860512042588e-05,3,-1.3224063012108795
snowstorm aoms,1,2,2.6850322875132574e-05,4.293258153612777e-05,3,0.4693531680171755
social medium,2,1,4.027548431269886e-05,2.8621721024085177e-05,3,-0.34157704819915335
socialism everywhere,2,1,4.027548431269886e-05,2.8621721024085177e-05,3,-0.34157704819915335
soldier wounded,0,3,1.3425161437566287e-05,5.7243442048170353e-05,3,1.4501824210289018
soon artistsunited,3,0,5.370064575026515e-05,1.4310860512042588e-05,3,-1.3224063012108795
doesnt make,1,2,2.6850322875132574e-05,4.293258153612777e-05,3,0.4693531680171755
donald trump,1,2,2.6850322875132574e-05,4.293258153612777e-05,3,0.4693531680171755
done stop,0,3,1.3425161437566287e-05,5.7243442048170353e-05,3,1.4501824210289018
dont bother,2,1,4.027548431269886e-05,2.8621721024085177e-05,3,-0.34157704819915335
dont go,1,2,2.6850322875132574e-05,4.293258153612777e-05,3,0.4693531680171755
dont like,3,0,5.370064575026515e-05,1.4310860512042588e-05,3,-1.3224063012108795
dont miss,2,1,4.027548431269886e-05,2.8621721024085177e-05,3,-0.34157704819915335
dont need,1,2,2.6850322875132574e-05,4.293258153612777e-05,3,0.4693531680171755
start forest,1,2,2.6850322875132574e-05,4.293258153612777e-05,3,0.4693531680171755
state hasnt,0,3,1.3425161437566287e-05,5.7243442048170353e-05,3,1.4501824210289018
stealing relief,2,1,4.027548431269886e-05,2.8621721024085177e-05,3,-0.34157704819915335
stereo headphone,3,0,5.370064575026515e-05,1.4310860512042588e-05,3,-1.3224063012108795
displaced wom,2,1,4.027548431269886e-05,2.8621721024085177e-05,3,-0.34157704819915335
disrupts trolley,0,3,1.3425161437566287e-05,5.7243442048170353e-05,3,1.4501824210289018
diving story,3,0,5.370064575026515e-05,1.4310860512042588e-05,3,-1.3224063012108795
document released,0,3,1.3425161437566287e-05,5.7243442048170353e-05,3,1.4501824210289018
egypt threatens,0,3,1.3425161437566287e-05,5.7243442048170353e-05,3,1.4501824210289018
eight joe,3,0,5.370064575026515e-05,1.4310860512042588e-05,3,-1.3224063012108795
sparked interest,2,1,4.027548431269886e-05,2.8621721024085177e-05,3,-0.34157704819915335
speaker deck,3,0,5.370064575026515e-05,1.4310860512042588e-05,3,-1.3224063012108795
spot violent,3,0,5.370064575026515e-05,1.4310860512042588e-05,3,-1.3224063012108795
spring property,3,0,5.370064575026515e-05,1.4310860512042588e-05,3,-1.3224063012108795
stand voice,2,1,4.027548431269886e-05,2.8621721024085177e-05,3,-0.34157704819915335
standard fit,3,0,5.370064575026515e-05,1.4310860512042588e-05,3,-1.3224063012108795
dude bro,3,0,5.370064575026515e-05,1.4310860512042588e-05,3,-1.3224063012108795
dust wind,0,3,1.3425161437566287e-05,5.7243442048170353e-05,3,1.4501824210289018
early unlocking,0,3,1.3425161437566287e-05,5.7243442048170353e-05,3,1.4501824210289018
earthquake app,0,3,1.3425161437566287e-05,5.7243442048170353e-05,3,1.4501824210289018
earthquake drill,1,2,2.6850322875132574e-05,4.293258153612777e-05,3,0.4693531680171755
earthquake occurred,0,3,1.3425161437566287e-05,5.7243442048170353e-05,3,1.4501824210289018
earthquake sismo,0,3,1.3425161437566287e-05,5.7243442048170353e-05,3,1.4501824210289018
egged bus,0,3,1.3425161437566287e-05,5.7243442048170353e-05,3,1.4501824210289018
disease whats,0,3,1.3425161437566287e-05,5.7243442048170353e-05,3,1.4501824210289018
disney disappoints,3,0,5.370064575026515e-05,1.4310860512042588e-05,3,-1.3224063012108795
displace one,0,3,1.3425161437566287e-05,5.7243442048170353e-05,3,1.4501824210289018
displaced person,1,2,2.6850322875132574e-05,4.293258153612777e-05,3,0.4693531680171755
deep road,3,0,5.370064575026515e-05,1.4310860512042588e-05,3,-1.3224063012108795
deluged low,2,1,4.027548431269886e-05,2.8621721024085177e-05,3,-0.34157704819915335
demand hatchet,0,3,1.3425161437566287e-05,5.7243442048170353e-05,3,1.4501824210289018
demolished spring,3,0,5.370064575026515e-05,1.4310860512042588e-05,3,-1.3224063012108795
devalue fantasy,3,0,5.370064575026515e-05,1.4310860512042588e-05,3,-1.3224063012108795
devastated hear,0,3,1.3425161437566287e-05,5.7243442048170353e-05,3,1.4501824210289018
device cinema,1,2,2.6850322875132574e-05,4.293258153612777e-05,3,0.4693531680171755
di maria,3,0,5.370064575026515e-05,1.4310860512042588e-05,3,-1.3224063012108795
disaster averted,1,2,2.6850322875132574e-05,4.293258153612777e-05,3,0.4693531680171755
disaster increased,0,3,1.3425161437566287e-05,5.7243442048170353e-05,3,1.4501824210289018
discovered listenbuy,3,0,5.370064575026515e-05,1.4310860512042588e-05,3,-1.3224063012108795
disease edinburgh,0,3,1.3425161437566287e-05,5.7243442048170353e-05,3,1.4501824210289018
story volga,3,0,5.370064575026515e-05,1.4310860512042588e-05,3,-1.3224063012108795
stranded smoky,1,2,2.6850322875132574e-05,4.293258153612777e-05,3,0.4693531680171755
street manchester,0,3,1.3425161437566287e-05,5.7243442048170353e-05,3,1.4501824210289018
strike live,0,3,1.3425161437566287e-05,5.7243442048170353e-05,3,1.4501824210289018
structural integrity,2,1,4.027548431269886e-05,2.8621721024085177e-05,3,-0.34157704819915335
structural problem,1,2,2.6850322875132574e-05,4.293258153612777e-05,3,0.4693531680171755
stylish shoulder,3,0,5.370064575026515e-05,1.4310860512042588e-05,3,-1.3224063012108795
detonation fashionable,2,1,4.027548431269886e-05,2.8621721024085177e-05,3,-0.34157704819915335
download earthquake,0,3,1.3425161437566287e-05,5.7243442048170353e-05,3,1.4501824210289018
downtown dc,0,3,1.3425161437566287e-05,5.7243442048170353e-05,3,1.4501824210289018
dress meme,2,1,4.027548431269886e-05,2.8621721024085177e-05,3,-0.34157704819915335
still need,1,2,2.6850322875132574e-05,4.293258153612777e-05,3,0.4693531680171755
stock cnbc,3,0,5.370064575026515e-05,1.4310860512042588e-05,3,-1.3224063012108795
stop deadly,0,3,1.3425161437566287e-05,5.7243442048170353e-05,3,1.4501824210289018
stop shipping,0,3,1.3425161437566287e-05,5.7243442048170353e-05,3,1.4501824210289018
storm larger,3,0,5.370064575026515e-05,1.4310860512042588e-05,3,-1.3224063012108795
cyclone pam,0,3,1.3425161437566287e-05,5.7243442048170353e-05,3,1.4501824210289018
cyclone warning,0,3,1.3425161437566287e-05,5.7243442048170353e-05,3,1.4501824210289018
daily mail,1,2,2.6850322875132574e-05,4.293258153612777e-05,3,0.4693531680171755
dangerous weapon,3,0,5.370064575026515e-05,1.4310860512042588e-05,3,-1.3224063012108795
day bug,3,0,5.370064575026515e-05,1.4310860512042588e-05,3,-1.3224063012108795
day feeding,3,0,5.370064575026515e-05,1.4310860512042588e-05,3,-1.3224063012108795
dead suicide,0,3,1.3425161437566287e-05,5.7243442048170353e-05,3,1.4501824210289018
deadly outbreak,0,3,1.3425161437566287e-05,5.7243442048170353e-05,3,1.4501824210289018
sw fatality,3,0,5.370064575026515e-05,1.4310860512042588e-05,3,-1.3224063012108795
swallow entire,0,3,1.3425161437566287e-05,5.7243442048170353e-05,3,1.4501824210289018
swansea plot,1,2,2.6850322875132574e-05,4.293258153612777e-05,3,0.4693531680171755
take eight,3,0,5.370064575026515e-05,1.4310860512042588e-05,3,-1.3224063012108795
take place,1,2,2.6850322875132574e-05,4.293258153612777e-05,3,0.4693531680171755
take wht,0,3,1.3425161437566287e-05,5.7243442048170353e-05,3,1.4501824210289018
curfew oper,3,0,5.370064575026515e-05,1.4310860512042588e-05,3,-1.3224063012108795
cyclone komen,0,3,1.3425161437566287e-05,5.7243442048170353e-05,3,1.4501824210289018
description people,2,1,4.027548431269886e-05,2.8621721024085177e-05,3,-0.34157704819915335
destroys home,0,3,1.3425161437566287e-05,5.7243442048170353e-05,3,1.4501824210289018
destruction restricted,3,0,5.370064575026515e-05,1.4310860512042588e-05,3,-1.3224063012108795
summer storm,0,3,1.3425161437566287e-05,5.7243442048170353e-05,3,1.4501824210289018
superhero toddler,2,1,4.027548431269886e-05,2.8621721024085177e-05,3,-0.34157704819915335
surah humaza,2,1,4.027548431269886e-05,2.8621721024085177e-05,3,-0.34157704819915335
survived hiroshima,0,3,1.3425161437566287e-05,5.7243442048170353e-05,3,1.4501824210289018
survivor fight,0,3,1.3425161437566287e-05,5.7243442048170353e-05,3,1.4501824210289018
demolition derby,3,0,5.370064575026515e-05,1.4310860512042588e-05,3,-1.3224063012108795
denmark travel,3,0,5.370064575026515e-05,1.4310860512042588e-05,3,-1.3224063012108795
depth km,0,3,1.3425161437566287e-05,5.7243442048170353e-05,3,1.4501824210289018
derail downtown,0,3,1.3425161437566287e-05,5.7243442048170353e-05,3,1.4501824210289018
derail two,0,3,1.3425161437566287e-05,5.7243442048170353e-05,3,1.4501824210289018
derailed smithsonian,0,3,1.3425161437566287e-05,5.7243442048170353e-05,3,1.4501824210289018
derailment natural,0,3,1.3425161437566287e-05,5.7243442048170353e-05,3,1.4501824210289018
describes piling,2,1,4.027548431269886e-05,2.8621721024085177e-05,3,-0.34157704819915335
crashed near,0,3,1.3425161437566287e-05,5.7243442048170353e-05,3,1.4501824210289018
crew advance,0,3,1.3425161437566287e-05,5.7243442048170353e-05,3,1.4501824210289018
crisis continues,0,3,1.3425161437566287e-05,5.7243442048170353e-05,3,1.4501824210289018
croat hostage,0,3,1.3425161437566287e-05,5.7243442048170353e-05,3,1.4501824210289018
croatian hostage,0,3,1.3425161437566287e-05,5.7243442048170353e-05,3,1.4501824210289018
crushed disney,3,0,5.370064575026515e-05,1.4310860512042588e-05,3,-1.3224063012108795
cryptic word,0,3,1.3425161437566287e-05,5.7243442048170353e-05,3,1.4501824210289018
thought would,1,2,2.6850322875132574e-05,4.293258153612777e-05,3,0.4693531680171755
thinking would,2,1,4.027548431269886e-05,2.8621721024085177e-05,3,-0.34157704819915335
couple hour,2,1,4.027548431269886e-05,2.8621721024085177e-05,3,-0.34157704819915335
couple leisure,2,1,4.027548431269886e-05,2.8621721024085177e-05,3,-0.34157704819915335
crackdown destruction,3,0,5.370064575026515e-05,1.4310860512042588e-05,3,-1.3224063012108795
crackdown impressed,3,0,5.370064575026515e-05,1.4310860512042588e-05,3,-1.3224063012108795
crash early,0,3,1.3425161437566287e-05,5.7243442048170353e-05,3,1.4501824210289018
crash site,0,3,1.3425161437566287e-05,5.7243442048170353e-05,3,1.4501824210289018
crash train,0,3,1.3425161437566287e-05,5.7243442048170353e-05,3,1.4501824210289018
taxiway foxtrot,3,0,5.370064575026515e-05,1.4310860512042588e-05,3,-1.3224063012108795
tdp bjp,0,3,1.3425161437566287e-05,5.7243442048170353e-05,3,1.4501824210289018
technology cool,3,0,5.370064575026515e-05,1.4310860512042588e-05,3,-1.3224063012108795
temper loose,3,0,5.370064575026515e-05,1.4310860512042588e-05,3,-1.3224063012108795
terrorism africa,0,3,1.3425161437566287e-05,5.7243442048170353e-05,3,1.4501824210289018
terrorist suicide,0,3,1.3425161437566287e-05,5.7243442048170353e-05,3,1.4501824210289018
thing like,3,0,5.370064575026515e-05,1.4310860512042588e-05,3,-1.3224063012108795
think ive,3,0,5.370064575026515e-05,1.4310860512042588e-05,3,-1.3224063012108795
death america,1,2,2.6850322875132574e-05,4.293258153612777e-05,3,0.4693531680171755
debris mh,0,3,1.3425161437566287e-05,5.7243442048170353e-05,3,1.4501824210289018
debt crisis,0,3,1.3425161437566287e-05,5.7243442048170353e-05,3,1.4501824210289018
taken local,0,3,1.3425161437566287e-05,5.7243442048170353e-05,3,1.4501824210289018
target virgil,1,2,2.6850322875132574e-05,4.293258153612777e-05,3,0.4693531680171755
targeting minority,2,1,4.027548431269886e-05,2.8621721024085177e-05,3,-0.34157704819915335
taste like,3,0,5.370064575026515e-05,1.4310860512042588e-05,3,-1.3224063012108795
tax revenue,0,3,1.3425161437566287e-05,5.7243442048170353e-05,3,1.4501824210289018
copilot unlocked,0,3,1.3425161437566287e-05,5.7243442048170353e-05,3,1.4501824210289018
could save,0,3,1.3425161437566287e-05,5.7243442048170353e-05,3,1.4501824210289018
country hunk,1,2,2.6850322875132574e-05,4.293258153612777e-05,3,0.4693531680171755
county georgia,0,3,1.3425161437566287e-05,5.7243442048170353e-05,3,1.4501824210289018
county residential,0,3,1.3425161437566287e-05,5.7243442048170353e-05,3,1.4501824210289018
clearedincident injuryi,1,2,2.6850322875132574e-05,4.293258153612777e-05,3,0.4693531680171755
cliff collapse,0,3,1.3425161437566287e-05,5.7243442048170353e-05,3,1.4501824210289018
coach devastated,0,3,1.3425161437566287e-05,5.7243442048170353e-05,3,1.4501824210289018
coming home,3,0,5.370064575026515e-05,1.4310860512042588e-05,3,-1.3224063012108795
company share,3,0,5.370064575026515e-05,1.4310860512042588e-05,3,-1.3224063012108795
complex fire,0,3,1.3425161437566287e-05,5.7243442048170353e-05,3,1.4501824210289018
condition genocide,0,3,1.3425161437566287e-05,5.7243442048170353e-05,3,1.4501824210289018
confirmed dead,0,3,1.3425161437566287e-05,5.7243442048170353e-05,3,1.4501824210289018
confirmed union,0,3,1.3425161437566287e-05,5.7243442048170353e-05,3,1.4501824210289018
confirms plane,0,3,1.3425161437566287e-05,5.7243442048170353e-05,3,1.4501824210289018
consequence socialism,2,1,4.027548431269886e-05,2.8621721024085177e-05,3,-0.34157704819915335
toddler rare,2,1,4.027548431269886e-05,2.8621721024085177e-05,3,-0.34157704819915335
together memorial,2,1,4.027548431269886e-05,2.8621721024085177e-05,3,-0.34157704819915335
told keep,2,1,4.027548431269886e-05,2.8621721024085177e-05,3,-0.34157704819915335
tongue twister,3,0,5.370064575026515e-05,1.4310860512042588e-05,3,-1.3224063012108795
tongue two,3,0,5.370064575026515e-05,1.4310860512042588e-05,3,-1.3224063012108795
tonight attacked,0,3,1.3425161437566287e-05,5.7243442048170353e-05,3,1.4501824210289018
tool black,3,0,5.370064575026515e-05,1.4310860512042588e-05,3,-1.3224063012108795
tornado flood,2,1,4.027548431269886e-05,2.8621721024085177e-05,3,-0.34157704819915335
three israeli,0,3,1.3425161437566287e-05,5.7243442048170353e-05,3,1.4501824210289018
three rome,0,3,1.3425161437566287e-05,5.7243442048170353e-05,3,1.4501824210289018
thunder buddy,1,2,2.6850322875132574e-05,4.293258153612777e-05,3,0.4693531680171755
thunderstorm mile,0,3,1.3425161437566287e-05,5.7243442048170353e-05,3,1.4501824210289018
thursday mark,0,3,1.3425161437566287e-05,5.7243442048170353e-05,3,1.4501824210289018
till pm,0,3,1.3425161437566287e-05,5.7243442048170353e-05,3,1.4501824210289018
time india,0,3,1.3425161437566287e-05,5.7243442048170353e-05,3,1.4501824210289018
today got,3,0,5.370064575026515e-05,1.4310860512042588e-05,3,-1.3224063012108795
charged death,2,1,4.027548431269886e-05,2.8621721024085177e-05,3,-0.34157704819915335
charged fatal,0,3,1.3425161437566287e-05,5.7243442048170353e-05,3,1.4501824210289018
check rockin,3,0,5.370064575026515e-05,1.4310860512042588e-05,3,-1.3224063012108795
chemical brother,3,0,5.370064575026515e-05,1.4310860512042588e-05,3,-1.3224063012108795
chief home,1,2,2.6850322875132574e-05,4.293258153612777e-05,3,0.4693531680171755
chunk rock,0,3,1.3425161437566287e-05,5.7243442048170353e-05,3,1.4501824210289018
circuit failure,0,3,1.3425161437566287e-05,5.7243442048170353e-05,3,1.4501824210289018
city girl,1,2,2.6850322875132574e-05,4.293258153612777e-05,3,0.4693531680171755
trauma center,1,2,2.6850322875132574e-05,4.293258153612777e-05,3,0.4693531680171755
travel update,0,3,1.3425161437566287e-05,5.7243442048170353e-05,3,1.4501824210289018
trfc collision,0,3,1.3425161437566287e-05,5.7243442048170353e-05,3,1.4501824210289018
triggered structural,0,3,1.3425161437566287e-05,5.7243442048170353e-05,3,1.4501824210289018
chance animal,3,0,5.370064575026515e-05,1.4310860512042588e-05,3,-1.3224063012108795
chance get,3,0,5.370064575026515e-05,1.4310860512042588e-05,3,-1.3224063012108795
chance sitting,0,3,1.3425161437566287e-05,5.7243442048170353e-05,3,1.4501824210289018
change god,2,1,4.027548431269886e-05,2.8621721024085177e-05,3,-0.34157704819915335
come active,3,0,5.370064575026515e-05,1.4310860512042588e-05,3,-1.3224063012108795
tote shoulder,3,0,5.370064575026515e-05,1.4310860512042588e-05,3,-1.3224063012108795
tracking looping,0,3,1.3425161437566287e-05,5.7243442048170353e-05,3,1.4501824210289018
traffic collision,0,3,1.3425161437566287e-05,5.7243442048170353e-05,3,1.4501824210289018
train collided,0,3,1.3425161437566287e-05,5.7243442048170353e-05,3,1.4501824210289018
train derails,0,3,1.3425161437566287e-05,5.7243442048170353e-05,3,1.4501824210289018
transfer move,1,2,2.6850322875132574e-05,4.293258153612777e-05,3,0.4693531680171755
transport research,2,1,4.027548431269886e-05,2.8621721024085177e-05,3,-0.34157704819915335
cold war,0,3,1.3425161437566287e-05,5.7243442048170353e-05,3,1.4501824210289018
collapse debt,0,3,1.3425161437566287e-05,5.7243442048170353e-05,3,1.4501824210289018
collapse huge,0,3,1.3425161437566287e-05,5.7243442048170353e-05,3,1.4501824210289018
collapsed told,2,1,4.027548431269886e-05,2.8621721024085177e-05,3,-0.34157704819915335
collision enrt,0,3,1.3425161437566287e-05,5.7243442048170353e-05,3,1.4501824210289018
colluded take,0,3,1.3425161437566287e-05,5.7243442048170353e-05,3,1.4501824210289018
colorado avalanche,3,0,5.370064575026515e-05,1.4310860512042588e-05,3,-1.3224063012108795
combined lead,3,0,5.370064575026515e-05,1.4310860512042588e-05,3,-1.3224063012108795
california drought,0,3,1.3425161437566287e-05,5.7243442048170353e-05,3,1.4501824210289018
california fire,0,3,1.3425161437566287e-05,5.7243442048170353e-05,3,1.4501824210289018
california wild,0,3,1.3425161437566287e-05,5.7243442048170353e-05,3,1.4501824210289018
call duty,3,0,5.370064575026515e-05,1.4310860512042588e-05,3,-1.3224063012108795
calling ban,0,3,1.3425161437566287e-05,5.7243442048170353e-05,3,1.4501824210289018
cant say,3,0,5.370064575026515e-05,1.4310860512042588e-05,3,-1.3224063012108795
cant stop,3,0,5.370064575026515e-05,1.4310860512042588e-05,3,-1.3224063012108795
unavoidable consequence,2,1,4.027548431269886e-05,2.8621721024085177e-05,3,-0.34157704819915335
two year,1,2,2.6850322875132574e-05,4.293258153612777e-05,3,0.4693531680171755
typhoon soudelors,0,3,1.3425161437566287e-05,5.7243442048170353e-05,3,1.4501824210289018
burst water,0,3,1.3425161437566287e-05,5.7243442048170353e-05,3,1.4501824210289018
bus card,3,0,5.370064575026515e-05,1.4310860512042588e-05,3,-1.3224063012108795
bus driver,1,2,2.6850322875132574e-05,4.293258153612777e-05,3,0.4693531680171755
bus no,0,3,1.3425161437566287e-05,5.7243442048170353e-05,3,1.4501824210289018
calgary activates,0,3,1.3425161437566287e-05,5.7243442048170353e-05,3,1.4501824210289018
calgary area,0,3,1.3425161437566287e-05,5.7243442048170353e-05,3,1.4501824210289018
cell phone,2,1,4.027548431269886e-05,2.8621721024085177e-05,3,-0.34157704819915335
center hiring,3,0,5.370064575026515e-05,1.4310860512042588e-05,3,-1.3224063012108795
trs tdp,0,3,1.3425161437566287e-05,5.7243442048170353e-05,3,1.4501824210289018
try raid,1,2,2.6850322875132574e-05,4.293258153612777e-05,3,0.4693531680171755
turbine hurricane,3,0,5.370064575026515e-05,1.4310860512042588e-05,3,-1.3224063012108795
turn around,1,2,2.6850322875132574e-05,4.293258153612777e-05,3,0.4693531680171755
tv company,3,0,5.370064575026515e-05,1.4310860512042588e-05,3,-1.3224063012108795
two dangerous,3,0,5.370064575026515e-05,1.4310860512042588e-05,3,-1.3224063012108795
claim responsibility,0,3,1.3425161437566287e-05,5.7243442048170353e-05,3,1.4501824210289018
cant watch,2,1,4.027548431269886e-05,2.8621721024085177e-05,3,-0.34157704819915335
captain falcon,3,0,5.370064575026515e-05,1.4310860512042588e-05,3,-1.3224063012108795
car hit,0,3,1.3425161437566287e-05,5.7243442048170353e-05,3,1.4501824210289018
casual stylish,3,0,5.370064575026515e-05,1.4310860512042588e-05,3,-1.3224063012108795
catastrophic structural,0,3,1.3425161437566287e-05,5.7243442048170353e-05,3,1.4501824210289018
caught fire,1,2,2.6850322875132574e-05,4.293258153612777e-05,3,0.4693531680171755
caused metro,0,3,1.3425161437566287e-05,5.7243442048170353e-05,3,1.4501824210289018
bringing tornado,2,1,4.027548431269886e-05,2.8621721024085177e-05,3,-0.34157704819915335
bro party,3,0,5.370064575026515e-05,1.4310860512042588e-05,3,-1.3224063012108795
broad take,3,0,5.370064575026515e-05,1.4310860512042588e-05,3,-1.3224063012108795
brooklyn sinkhole,3,0,5.370064575026515e-05,1.4310860512042588e-05,3,-1.3224063012108795
brush fire,0,3,1.3425161437566287e-05,5.7243442048170353e-05,3,1.4501824210289018
buckle casual,3,0,5.370064575026515e-05,1.4310860512042588e-05,3,-1.3224063012108795
bug fully,3,0,5.370064575026515e-05,1.4310860512042588e-05,3,-1.3224063012108795
building looting,2,1,4.027548431269886e-05,2.8621721024085177e-05,3,-0.34157704819915335
brain twister,3,0,5.370064575026515e-05,1.4310860512042588e-05,3,-1.3224063012108795
brake triggered,0,3,1.3425161437566287e-05,5.7243442048170353e-05,3,1.4501824210289018
braking system,0,3,1.3425161437566287e-05,5.7243442048170353e-05,3,1.4501824210289018
brazil video,0,3,1.3425161437566287e-05,5.7243442048170353e-05,3,1.4501824210289018
breaking obama,0,3,1.3425161437566287e-05,5.7243442048170353e-05,3,1.4501824210289018
bride groom,3,0,5.370064575026515e-05,1.4310860512042588e-05,3,-1.3224063012108795
bridge twitter,1,2,2.6850322875132574e-05,4.293258153612777e-05,3,0.4693531680171755
bringing climate,2,1,4.027548431269886e-05,2.8621721024085177e-05,3,-0.34157704819915335
utc km,0,3,1.3425161437566287e-05,5.7243442048170353e-05,3,1.4501824210289018
vacant since,3,0,5.370064575026515e-05,1.4310860512042588e-05,3,-1.3224063012108795
van dijk,1,2,2.6850322875132574e-05,4.293258153612777e-05,3,0.4693531680171755
vehicle accident,0,3,1.3425161437566287e-05,5.7243442048170353e-05,3,1.4501824210289018
vehicle collided,0,3,1.3425161437566287e-05,5.7243442048170353e-05,3,1.4501824210289018
video avalanche,3,0,5.370064575026515e-05,1.4310860512042588e-05,3,-1.3224063012108795
boot camp,1,2,2.6850322875132574e-05,4.293258153612777e-05,3,0.4693531680171755
boston hailstorm,0,3,1.3425161437566287e-05,5.7243442048170353e-05,3,1.4501824210289018
unhappiness take,3,0,5.370064575026515e-05,1.4310860512042588e-05,3,-1.3224063012108795
union island,0,3,1.3425161437566287e-05,5.7243442048170353e-05,3,1.4501824210289018
unlocked braking,0,3,1.3425161437566287e-05,5.7243442048170353e-05,3,1.4501824210289018
unlocking brake,0,3,1.3425161437566287e-05,5.7243442048170353e-05,3,1.4501824210289018
update london,0,3,1.3425161437566287e-05,5.7243442048170353e-05,3,1.4501824210289018
use atomic,0,3,1.3425161437566287e-05,5.7243442048170353e-05,3,1.4501824210289018
user download,0,3,1.3425161437566287e-05,5.7243442048170353e-05,3,1.4501824210289018
usgs km,1,2,2.6850322875132574e-05,4.293258153612777e-05,3,0.4693531680171755
beach massacre,0,3,1.3425161437566287e-05,5.7243442048170353e-05,3,1.4501824210289018
beautiful disaster,3,0,5.370064575026515e-05,1.4310860512042588e-05,3,-1.3224063012108795
believe whats,3,0,5.370064575026515e-05,1.4310860512042588e-05,3,-1.3224063012108795
best thing,3,0,5.370064575026515e-05,1.4310860512042588e-05,3,-1.3224063012108795
best way,3,0,5.370064575026515e-05,1.4310860512042588e-05,3,-1.3224063012108795
beware temper,3,0,5.370064575026515e-05,1.4310860512042588e-05,3,-1.3224063012108795
bigamist first,2,1,4.027548431269886e-05,2.8621721024085177e-05,3,-0.34157704819915335
biggest fear,3,0,5.370064575026515e-05,1.4310860512042588e-05,3,-1.3224063012108795
volga river,3,0,5.370064575026515e-05,1.4310860512042588e-05,3,-1.3224063012108795
walking dead,1,2,2.6850322875132574e-05,4.293258153612777e-05,3,0.4693531680171755
wanna see,3,0,5.370064575026515e-05,1.4310860512042588e-05,3,-1.3224063012108795
wanna smoke,3,0,5.370064575026515e-05,1.4310860512042588e-05,3,-1.3224063012108795
want free,3,0,5.370064575026515e-05,1.4310860512042588e-05,3,-1.3224063012108795
want go,3,0,5.370064575026515e-05,1.4310860512042588e-05,3,-1.3224063012108795
war ii,1,2,2.6850322875132574e-05,4.293258153612777e-05,3,0.4693531680171755
war mido,3,0,5.370064575026515e-05,1.4310860512042588e-05,3,-1.3224063012108795
boko haram,0,3,1.3425161437566287e-05,5.7243442048170353e-05,3,1.4501824210289018
bomb squad,0,3,1.3425161437566287e-05,5.7243442048170353e-05,3,1.4501824210289018
bombing egged,0,3,1.3425161437566287e-05,5.7243442048170353e-05,3,1.4501824210289018
bombing mission,0,3,1.3425161437566287e-05,5.7243442048170353e-05,3,1.4501824210289018
villager saved,0,3,1.3425161437566287e-05,5.7243442048170353e-05,3,1.4501824210289018
virgil van,1,2,2.6850322875132574e-05,4.293258153612777e-05,3,0.4693531680171755
vladimir putin,1,2,2.6850322875132574e-05,4.293258153612777e-05,3,0.4693531680171755
voice gilbert,2,1,4.027548431269886e-05,2.8621721024085177e-05,3,-0.34157704819915335
burned calorie,2,1,4.027548431269886e-05,2.8621721024085177e-05,3,-0.34157704819915335
blazing sun,3,0,5.370064575026515e-05,1.4310860512042588e-05,3,-1.3224063012108795
blk full,3,0,5.370064575026515e-05,1.4310860512042588e-05,3,-1.3224063012108795
blk wbioterrorismuse,0,3,1.3425161437566287e-05,5.7243442048170353e-05,3,1.4501824210289018
blks whts,0,3,1.3425161437566287e-05,5.7243442048170353e-05,3,1.4501824210289018
bloody mary,3,0,5.370064575026515e-05,1.4310860512042588e-05,3,-1.3224063012108795
bluedio turbine,3,0,5.370064575026515e-05,1.4310860512042588e-05,3,-1.3224063012108795
bluetooth wireless,3,0,5.370064575026515e-05,1.4310860512042588e-05,3,-1.3224063012108795
bagging body,3,0,5.370064575026515e-05,1.4310860512042588e-05,3,-1.3224063012108795
ban unsafe,1,2,2.6850322875132574e-05,4.293258153612777e-05,3,0.4693531680171755
band together,2,1,4.027548431269886e-05,2.8621721024085177e-05,3,-0.34157704819915335
bank terrorist,0,3,1.3425161437566287e-05,5.7243442048170353e-05,3,1.4501824210289018
baseball hatcap,3,0,5.370064575026515e-05,1.4310860512042588e-05,3,-1.3224063012108795
battlefield hardline,3,0,5.370064575026515e-05,1.4310860512042588e-05,3,-1.3224063012108795
bb sp,2,1,4.027548431269886e-05,2.8621721024085177e-05,3,-0.34157704819915335
week demonstratio,3,0,5.370064575026515e-05,1.4310860512042588e-05,3,-1.3224063012108795
weather bulletin,0,3,1.3425161437566287e-05,5.7243442048170353e-05,3,1.4501824210289018
wedaug th,0,3,1.3425161437566287e-05,5.7243442048170353e-05,3,1.4501824210289018
august th,1,2,2.6850322875132574e-05,4.293258153612777e-05,3,0.4693531680171755
auth hostage,0,3,1.3425161437566287e-05,5.7243442048170353e-05,3,1.4501824210289018
averted police,1,2,2.6850322875132574e-05,4.293258153612777e-05,3,0.4693531680171755
back back,3,0,5.370064575026515e-05,1.4310860512042588e-05,3,-1.3224063012108795
back school,2,1,4.027548431269886e-05,2.8621721024085177e-05,3,-0.34157704819915335
bag faux,3,0,5.370064575026515e-05,1.4310860512042588e-05,3,-1.3224063012108795
watch war,3,0,5.370064575026515e-05,1.4310860512042588e-05,3,-1.3224063012108795
watch waterresistant,2,1,4.027548431269886e-05,2.8621721024085177e-05,3,-0.34157704819915335
water main,0,3,1.3425161437566287e-05,5.7243442048170353e-05,3,1.4501824210289018
waterresistant couple,2,1,4.027548431269886e-05,2.8621721024085177e-05,3,-0.34157704819915335
wbioterrorismuse lglorg,0,3,1.3425161437566287e-05,5.7243442048170353e-05,3,1.4501824210289018
wealth thinking,2,1,4.027548431269886e-05,2.8621721024085177e-05,3,-0.34157704819915335
weapon combined,3,0,5.370064575026515e-05,1.4310860512042588e-05,3,-1.3224063012108795
weapon new,3,0,5.370064575026515e-05,1.4310860512042588e-05,3,-1.3224063012108795
black baseball,3,0,5.370064575026515e-05,1.4310860512042588e-05,3,-1.3224063012108795
blast power,3,0,5.370064575026515e-05,1.4310860512042588e-05,3,-1.3224063012108795
warn public,2,1,4.027548431269886e-05,2.8621721024085177e-05,3,-0.34157704819915335
warning end,0,3,1.3425161437566287e-05,5.7243442048170353e-05,3,1.4501824210289018
warship point,0,3,1.3425161437566287e-05,5.7243442048170353e-05,3,1.4501824210289018
watch moment,0,3,1.3425161437566287e-05,5.7243442048170353e-05,3,1.4501824210289018
watch sarah,2,1,4.027548431269886e-05,2.8621721024085177e-05,3,-0.34157704819915335
watch show,2,1,4.027548431269886e-05,2.8621721024085177e-05,3,-0.34157704819915335
would like,3,0,5.370064575026515e-05,1.4310860512042588e-05,3,-1.3224063012108795
would love,3,0,5.370064575026515e-05,1.4310860512042588e-05,3,-1.3224063012108795
act mass,0,3,1.3425161437566287e-05,5.7243442048170353e-05,3,1.4501824210289018
accuses nema,2,1,4.027548431269886e-05,2.8621721024085177e-05,3,-0.34157704819915335
yyc abstorm,0,3,1.3425161437566287e-05,5.7243442048170353e-05,3,1.4501824210289018
account hiroshima,0,3,1.3425161437566287e-05,5.7243442048170353e-05,3,1.4501824210289018
abcnews obama,0,3,1.3425161437566287e-05,5.7243442048170353e-05,3,1.4501824210289018
wounded west,0,3,1.3425161437566287e-05,5.7243442048170353e-05,3,1.4501824210289018
woman openly,2,1,4.027548431269886e-05,2.8621721024085177e-05,3,-0.34157704819915335
womens buckle,3,0,5.370064575026515e-05,1.4310860512042588e-05,3,-1.3224063012108795
wont believe,3,0,5.370064575026515e-05,1.4310860512042588e-05,3,-1.3224063012108795
word guided,0,3,1.3425161437566287e-05,5.7243442048170353e-05,3,1.4501824210289018
world extreme,3,0,5.370064575026515e-05,1.4310860512042588e-05,3,-1.3224063012108795
world pres,1,2,2.6850322875132574e-05,4.293258153612777e-05,3,0.4693531680171755
worth fifth,2,1,4.027548431269886e-05,2.8621721024085177e-05,3,-0.34157704819915335
would last,2,1,4.027548431269886e-05,2.8621721024085177e-05,3,-0.34157704819915335
apocalypse armageddon,3,0,5.370064575026515e-05,1.4310860512042588e-05,3,-1.3224063012108795
app information,0,3,1.3425161437566287e-05,5.7243442048170353e-05,3,1.4501824210289018
wired reddit,3,0,5.370064575026515e-05,1.4310860512042588e-05,3,-1.3224063012108795
wireless stereo,3,0,5.370064575026515e-05,1.4310860512042588e-05,3,-1.3224063012108795
wither mod,3,0,5.370064575026515e-05,1.4310860512042588e-05,3,-1.3224063012108795
wmata train,0,3,1.3425161437566287e-05,5.7243442048170353e-05,3,1.4501824210289018
woman bb,2,1,4.027548431269886e-05,2.8621721024085177e-05,3,-0.34157704819915335
woman cross,3,0,5.370064575026515e-05,1.4310860512042588e-05,3,-1.3224063012108795
angry internally,2,1,4.027548431269886e-05,2.8621721024085177e-05,3,-0.34157704819915335
angry woman,2,1,4.027548431269886e-05,2.8621721024085177e-05,3,-0.34157704819915335
animal act,2,1,4.027548431269886e-05,2.8621721024085177e-05,3,-0.34157704819915335
another one,1,2,2.6850322875132574e-05,4.293258153612777e-05,3,0.4693531680171755
anybody else,2,1,4.027548431269886e-05,2.8621721024085177e-05,3,-0.34157704819915335
aoms ibooklove,1,2,2.6850322875132574e-05,4.293258153612777e-05,3,0.4693531680171755
ap nri,0,3,1.3425161437566287e-05,5.7243442048170353e-05,3,1.4501824210289018
apch rwy,3,0,5.370064575026515e-05,1.4310860512042588e-05,3,-1.3224063012108795
need help,1,2,2.6850322875132574e-05,4.293258153612777e-05,3,0.4693531680171755
minister fennovoima,2,1,4.027548431269886e-05,2.8621721024085177e-05,3,-0.34157704819915335
minority woman,2,1,4.027548431269886e-05,2.8621721024085177e-05,3,-0.34157704819915335
minute ago,1,2,2.6850322875132574e-05,4.293258153612777e-05,3,0.4693531680171755
minute walking,2,1,4.027548431269886e-05,2.8621721024085177e-05,3,-0.34157704819915335
mod showcase,3,0,5.370064575026515e-05,1.4310860512042588e-05,3,-1.3224063012108795
mom said,2,1,4.027548431269886e-05,2.8621721024085177e-05,3,-0.34157704819915335
moment cliff,0,3,1.3425161437566287e-05,5.7243442048170353e-05,3,1.4501824210289018
multiple building,0,3,1.3425161437566287e-05,5.7243442048170353e-05,3,1.4501824210289018
murdered hamas,0,3,1.3425161437566287e-05,5.7243442048170353e-05,3,1.4501824210289018
nashville theater,0,3,1.3425161437566287e-05,5.7243442048170353e-05,3,1.4501824210289018
natural unavoidable,2,1,4.027548431269886e-05,2.8621721024085177e-05,3,-0.34157704819915335
navy military,3,0,5.370064575026515e-05,1.4310860512042588e-05,3,-1.3224063012108795
near mansehra,0,3,1.3425161437566287e-05,5.7243442048170353e-05,3,1.4501824210289018
nearly double,0,3,1.3425161437566287e-05,5.7243442048170353e-05,3,1.4501824210289018
need get,2,1,4.027548431269886e-05,2.8621721024085177e-05,3,-0.34157704819915335
young people,3,0,5.370064575026515e-05,1.4310860512042588e-05,3,-1.3224063012108795
youre bleeding,3,0,5.370064575026515e-05,1.4310860512042588e-05,3,-1.3224063012108795
youre gonna,3,0,5.370064575026515e-05,1.4310860512042588e-05,3,-1.3224063012108795
youre welcome,3,0,5.370064575026515e-05,1.4310860512042588e-05,3,-1.3224063012108795
mp train,0,3,1.3425161437566287e-05,5.7243442048170353e-05,3,1.4501824210289018
mr chance,0,3,1.3425161437566287e-05,5.7243442048170353e-05,3,1.4501824210289018
mtvhottest one,2,1,4.027548431269886e-05,2.8621721024085177e-05,3,-0.34157704819915335
multiplayer crackdown,3,0,5.370064575026515e-05,1.4310860512042588e-05,3,-1.3224063012108795
wrapup cable,3,0,5.370064575026515e-05,1.4310860512042588e-05,3,-1.3224063012108795
wreckage mh,0,3,1.3425161437566287e-05,5.7243442048170353e-05,3,1.4501824210289018
ww full,3,0,5.370064575026515e-05,1.4310860512042588e-05,3,-1.3224063012108795
wwi wwii,3,0,5.370064575026515e-05,1.4310860512042588e-05,3,-1.3224063012108795
wwii japanese,3,0,5.370064575026515e-05,1.4310860512042588e-05,3,-1.3224063012108795
year not,2,1,4.027548431269886e-05,2.8621721024085177e-05,3,-0.34157704819915335
yes would,2,1,4.027548431269886e-05,2.8621721024085177e-05,3,-0.34157704819915335
yet another,1,2,2.6850322875132574e-05,4.293258153612777e-05,3,0.4693531680171755
